pid,task,stim,keypress,acc,rt
001,car,no_noise,2,1,10.8014
001,car,no_noise,1,1,14.4536
001,car,no_noise,1,1,13.7424
001,car,no_noise,1,0,10.4926
001,car,no_noise,2,1,13.256
001,car,no_noise,3,0,7.2792
001,car,no_noise,3,1,15.5344
001,car,no_noise,1,1,8.6598
001,car,no_noise,1,1,17.2285
001,car,no_noise,3,1,13.6287
001,car,no_noise,3,1,12.5907
001,car,no_noise,3,1,9.1448
001,car,no_noise,2,1,15.4565
001,car,no_noise,1,0,6.6589
001,car,no_noise,3,1,10.2432
001,car,no_noise,2,1,9.0478
001,car,no_noise,1,1,10.4644
001,car,no_noise,2,0,9.516
001,car,no_noise,3,0,18.5406
001,car,no_noise,3,0,16.3056
001,car,no_noise,3,0,12.5691
001,car,no_noise,3,0,17.6232
001,car,no_noise,3,1,14.8075
001,car,no_noise,3,0,15.0548
001,car,no_noise,2,1,9.1539
001,car,no_noise,3,1,15.8688
001,car,no_noise,2,1,9.2222
001,car,no_noise,2,1,19.4902
001,car,no_noise,3,0,9.4088
001,car,no_noise,1,1,16.3212
001,car,noise,1,0,9.2699
001,car,noise,3,1,11.1871
001,car,noise,2,0,12.1544
001,car,noise,1,1,14.4218
001,car,noise,1,0,16.6834
001,car,noise,1,0,11.9292
001,car,noise,1,1,7.9186
001,car,noise,1,1,6.7852
001,car,noise,2,1,11.968
001,car,noise,2,0,17.4822
001,car,noise,1,1,11.8027
001,car,noise,3,1,9.0284
001,car,noise,2,1,10.3556
001,car,noise,3,1,15.0504
001,car,noise,1,0,17.8379
001,car,noise,2,1,10.4184
001,car,noise,2,1,14.1481
001,car,noise,2,1,12.9207
001,car,noise,3,0,7.1596
001,car,noise,2,1,13.566
001,car,noise,1,0,15.8882
001,car,noise,3,1,10.6199
001,car,noise,3,0,10.7299
001,car,noise,3,1,9.7283
001,face,no_noise,1,1,3.3452
001,face,no_noise,2,1,4.4492
001,face,no_noise,1,1,4.7783
001,face,no_noise,3,1,3.8107
001,face,no_noise,2,0,5.5271
001,face,no_noise,2,1,4.3292
001,face,no_noise,3,0,4.3338
001,face,no_noise,3,1,4.6312
001,face,no_noise,2,1,7.5868
001,face,no_noise,3,1,6.3477
001,face,no_noise,2,1,2.0826
001,face,no_noise,3,1,4.3182
001,face,no_noise,2,1,4.2967
001,face,no_noise,1,1,5.2207
001,face,no_noise,2,1,1.7875
001,face,no_noise,3,0,6.6971
001,face,no_noise,3,0,4.8085
001,face,no_noise,1,0,6.3482
001,face,no_noise,3,0,1.609
001,face,no_noise,3,1,1.8949
001,face,no_noise,2,0,2.9032
001,face,no_noise,2,1,4.1144
001,face,no_noise,3,0,1.9655
001,face,no_noise,3,0,4.386
001,face,no_noise,1,0,2.7219
001,face,no_noise,1,1,4.7577
001,face,no_noise,2,1,3.0855
001,face,no_noise,3,0,5.4498
001,face,no_noise,1,1,1.9911
001,face,no_noise,3,1,6.9588
001,face,noise,2,1,1.6757
001,face,noise,3,1,4.1734
001,face,noise,3,0,2.3073
001,face,noise,1,1,3.1697
001,face,noise,3,1,4.488
001,face,noise,3,0,2.9871
001,face,noise,2,1,2.7573
001,face,noise,2,0,3.5548
001,face,noise,2,1,3.8724
001,face,noise,2,1,1.7808
001,face,noise,2,1,2.0484
001,face,noise,2,1,2.5938
001,face,noise,2,0,5.796
001,face,noise,2,1,2.7592
001,face,noise,2,0,7.9821
001,face,noise,2,1,4.2712
001,face,noise,3,1,5.0533
001,face,noise,1,1,6.3618
001,face,noise,3,1,2.9149
001,face,noise,1,1,4.5645
001,face,noise,3,0,6.6858
001,face,noise,2,0,3.9768
001,face,noise,1,1,3.766
001,face,noise,1,0,3.0809
002,face,no_noise,1,1,4.1121
002,face,no_noise,2,1,3.4695
002,face,no_noise,1,1,2.3148
002,face,no_noise,2,0,4.5316
002,face,no_noise,1,0,5.3834
002,face,no_noise,2,1,5.5126
002,face,no_noise,1,1,3.5619
002,face,no_noise,3,1,2.2982
002,face,no_noise,2,1,4.1974
002,face,no_noise,3,1,4.0135
002,face,no_noise,2,1,3.617
002,face,no_noise,2,0,3.3459
002,face,no_noise,2,1,6.0963
002,face,no_noise,2,0,4.197
002,face,no_noise,2,1,3.1963
002,face,no_noise,2,1,4.1865
002,face,no_noise,3,0,4.9322
002,face,no_noise,3,0,7.3485
002,face,no_noise,1,1,4.1961
002,face,no_noise,3,1,6.0275
002,face,no_noise,2,0,5.2187
002,face,no_noise,2,1,2.897
002,face,no_noise,2,1,4.7126
002,face,no_noise,3,0,3.8609
002,face,no_noise,3,1,5.2195
002,face,no_noise,2,0,5.6471
002,face,no_noise,2,1,2.1962
002,face,no_noise,3,0,4.8283
002,face,no_noise,1,1,5.0476
002,face,no_noise,2,0,5.5974
002,face,noise,2,1,3.4093
002,face,noise,3,1,4.2289
002,face,noise,1,1,3.9112
002,face,noise,1,1,3.8639
002,face,noise,3,1,4.5785
002,face,noise,2,0,3.0617
002,face,noise,1,0,3.3804
002,face,noise,2,0,2.9632
002,face,noise,2,1,7.7656
002,face,noise,2,1,3.7626
002,face,noise,1,0,5.6279
002,face,noise,1,0,4.5154
002,face,noise,1,1,3.7137
002,face,noise,2,1,3.2966
002,face,noise,1,1,6.0126
002,face,noise,1,0,4.4097
002,face,noise,3,1,5.2292
002,face,noise,1,1,3.8289
002,face,noise,3,1,3.4673
002,face,noise,1,1,8.3312
002,face,noise,2,0,4.6125
002,face,noise,1,1,4.8188
002,face,noise,2,0,6.8782
002,face,noise,2,0,4.8136
002,car,no_noise,2,1,8.2832
002,car,no_noise,2,0,4.8589
002,car,no_noise,2,0,5.9195
002,car,no_noise,2,0,4.2772
002,car,no_noise,2,1,3.0035
002,car,no_noise,3,0,8.5715
002,car,no_noise,3,1,10.5534
002,car,no_noise,1,1,3.9362
002,car,no_noise,1,1,5.7597
002,car,no_noise,2,0,7.6199
002,car,no_noise,2,0,6.7368
002,car,no_noise,3,1,3.2048
002,car,no_noise,2,1,2.6532
002,car,no_noise,1,0,4.1015
002,car,no_noise,3,1,7.1365
002,car,no_noise,3,0,7.1028
002,car,no_noise,1,1,7.1518
002,car,no_noise,1,1,7.2027
002,car,no_noise,2,1,3.6704
002,car,no_noise,3,0,7.8698
002,car,no_noise,3,0,10.1503
002,car,no_noise,3,0,4.9318
002,car,no_noise,3,1,5.5899
002,car,no_noise,2,1,3.5739
002,car,no_noise,3,0,7.6586
002,car,no_noise,3,1,5.72
002,car,no_noise,2,1,5.9032
002,car,no_noise,1,0,8.7187
002,car,no_noise,3,0,6.2519
002,car,no_noise,2,0,4.411
002,car,noise,3,0,8.9937
002,car,noise,3,1,2.2961
002,car,noise,3,1,3.961
002,car,noise,2,0,4.8772
002,car,noise,2,1,2.0659
002,car,noise,2,1,3.4195
002,car,noise,1,1,6.3127
002,car,noise,1,1,2.5703
002,car,noise,1,0,3.1114
002,car,noise,1,1,4.2791
002,car,noise,1,1,3.2431
002,car,noise,1,0,6.7989
002,car,noise,2,1,5.708
002,car,noise,3,1,8.6994
002,car,noise,3,1,8.3904
002,car,noise,1,0,8.0449
002,car,noise,2,1,3.726
002,car,noise,2,1,4.5636
002,car,noise,2,1,2.2627
002,car,noise,2,1,7.4
002,car,noise,3,1,3.4026
002,car,noise,3,1,4.5074
002,car,noise,3,0,5.0814
002,car,noise,3,1,4.6458
003,face,no_noise,1,1,3.4906
003,face,no_noise,2,1,2.5108
003,face,no_noise,1,1,2.6623
003,face,no_noise,3,1,3.3954
003,face,no_noise,1,0,11.3987
003,face,no_noise,3,0,2.1093
003,face,no_noise,1,1,3.6477
003,face,no_noise,3,1,1.8949
003,face,no_noise,2,1,3.5639
003,face,no_noise,2,0,3.7452
003,face,no_noise,2,1,3.8269
003,face,no_noise,3,1,2.8637
003,face,no_noise,3,0,2.3149
003,face,no_noise,1,1,2.1738
003,face,no_noise,2,1,1.1171
003,face,no_noise,2,1,3.2683
003,face,no_noise,3,0,6.5137
003,face,no_noise,3,0,4.0169
003,face,no_noise,2,0,2.6159
003,face,no_noise,3,1,1.5848
003,face,no_noise,1,1,3.4502
003,face,no_noise,2,1,1.6503
003,face,no_noise,2,1,4.6699
003,face,no_noise,1,1,3.2115
003,face,no_noise,3,1,3.6785
003,face,no_noise,3,0,3.3798
003,face,no_noise,2,1,1.1868
003,face,no_noise,1,1,3.984
003,face,no_noise,1,1,2.0448
003,face,no_noise,3,1,2.234
003,face,noise,2,1,2.8021
003,face,noise,3,1,2.2112
003,face,noise,1,1,3.0548
003,face,noise,1,1,5.2953
003,face,noise,3,1,4.1949
003,face,noise,1,1,2.4094
003,face,noise,3,0,3.931
003,face,noise,2,0,1.8944
003,face,noise,3,0,1.7286
003,face,noise,2,1,1.0348
003,face,noise,2,1,3.7114
003,face,noise,2,1,3.8652
003,face,noise,1,1,5.3451
003,face,noise,2,1,3.4535
003,face,noise,1,1,1.7615
003,face,noise,2,1,2.8546
003,face,noise,3,1,2.8587
003,face,noise,3,0,3.1048
003,face,noise,3,1,1.2676
003,face,noise,1,1,3.7472
003,face,noise,2,0,2.6117
003,face,noise,1,1,1.0462
003,face,noise,1,1,2.7121
003,face,noise,1,0,2.3286
003,car,no_noise,3,0,5.7361
003,car,no_noise,3,0,2.7201
003,car,no_noise,3,0,2.5405
003,car,no_noise,3,1,5.2984
003,car,no_noise,2,1,3.5373
003,car,no_noise,3,0,3.0907
003,car,no_noise,3,1,4.4483
003,car,no_noise,1,1,3.0392
003,car,no_noise,1,1,2.2943
003,car,no_noise,1,0,3.1322
003,car,no_noise,1,0,2.6477
003,car,no_noise,3,1,4.6296
003,car,no_noise,3,0,4.646
003,car,no_noise,1,0,3.2466
003,car,no_noise,3,1,5.984
003,car,no_noise,3,0,1.6919
003,car,no_noise,1,1,3.122
003,car,no_noise,1,1,1.998
003,car,no_noise,3,0,3.6908
003,car,no_noise,1,1,2.3441
003,car,no_noise,3,0,2.276
003,car,no_noise,3,0,2.2493
003,car,no_noise,2,0,3.253
003,car,no_noise,2,1,1.9299
003,car,no_noise,2,1,2.1559
003,car,no_noise,2,0,2.2581
003,car,no_noise,2,1,2.0051
003,car,no_noise,2,1,2.645
003,car,no_noise,1,1,3.6493
003,car,no_noise,1,1,2.1556
003,car,noise,1,0,3.4175
003,car,noise,3,1,3.3597
003,car,noise,3,1,1.441
003,car,noise,2,0,2.2885
003,car,noise,3,0,2.1988
003,car,noise,2,1,1.4586
003,car,noise,3,0,2.3708
003,car,noise,3,0,2.4573
003,car,noise,1,0,2.2205
003,car,noise,1,1,1.8255
003,car,noise,1,1,1.6051
003,car,noise,1,0,1.7518
003,car,noise,1,0,2.7379
003,car,noise,2,0,2.6473
003,car,noise,3,1,1.7804
003,car,noise,2,1,2.0465
003,car,noise,1,0,3.5118
003,car,noise,2,1,1.6474
003,car,noise,2,1,1.4325
003,car,noise,2,1,2.2774
003,car,noise,3,1,2.3291
003,car,noise,3,1,2.5413
003,car,noise,2,0,3.0277
003,car,noise,3,1,2.1947
004,face,no_noise,1,1,2.3135
004,face,no_noise,3,0,8.1652
004,face,no_noise,3,0,7.2334
004,face,no_noise,3,1,5.7756
004,face,no_noise,3,1,3.2163
004,face,no_noise,2,1,4.6781
004,face,no_noise,1,1,3.5972
004,face,no_noise,3,1,1.9779
004,face,no_noise,2,1,3.1965
004,face,no_noise,3,1,2.061
004,face,no_noise,2,1,2.7836
004,face,no_noise,3,1,4.8289
004,face,no_noise,3,0,2.2424
004,face,no_noise,2,0,7.568
004,face,no_noise,2,1,2.0329
004,face,no_noise,3,0,3.3328
004,face,no_noise,2,1,2.1285
004,face,no_noise,3,0,4.6786
004,face,no_noise,3,0,5.7347
004,face,no_noise,3,1,2.7116
004,face,no_noise,2,0,10.747
004,face,no_noise,2,1,2.4829
004,face,no_noise,2,1,3.615
004,face,no_noise,1,1,7.2133
004,face,no_noise,3,1,2.2301
004,face,no_noise,1,1,7.6999
004,face,no_noise,2,1,3.7462
004,face,no_noise,3,0,7.2038
004,face,no_noise,1,1,4.1452
004,face,no_noise,3,1,5.5854
004,face,noise,2,1,2.4323
004,face,noise,2,0,4.4841
004,face,noise,1,1,5.2954
004,face,noise,3,0,10.5951
004,face,noise,3,1,2.9192
004,face,noise,1,1,3.5541
004,face,noise,2,1,4.5315
004,face,noise,2,0,8.5281
004,face,noise,2,1,7.8981
004,face,noise,2,1,2.5458
004,face,noise,3,0,6.9212
004,face,noise,2,1,2.6296
004,face,noise,1,1,2.2439
004,face,noise,1,0,3.5301
004,face,noise,1,1,4.4324
004,face,noise,2,1,3.3454
004,face,noise,3,1,2.4445
004,face,noise,1,1,3.3353
004,face,noise,3,1,2.9826
004,face,noise,2,0,4.9346
004,face,noise,1,1,3.1482
004,face,noise,1,1,3.6974
004,face,noise,1,1,1.7528
004,face,noise,2,0,9.1174
004,car,no_noise,2,1,4.8699
004,car,no_noise,2,0,3.4167
004,car,no_noise,1,1,6.8737
004,car,no_noise,2,0,6.9741
004,car,no_noise,1,0,2.8686
004,car,no_noise,3,0,3.6998
004,car,no_noise,2,0,2.781
004,car,no_noise,1,1,1.8655
004,car,no_noise,1,1,2.0354
004,car,no_noise,3,1,4.0388
004,car,no_noise,3,1,2.3875
004,car,no_noise,3,1,4.5074
004,car,no_noise,3,0,1.6678
004,car,no_noise,3,0,7.6923
004,car,no_noise,1,0,3.2266
004,car,no_noise,3,0,4.8976
004,car,no_noise,1,1,2.3525
004,car,no_noise,2,0,3.6695
004,car,no_noise,2,1,2.9924
004,car,no_noise,3,0,2.0847
004,car,no_noise,3,0,3.7302
004,car,no_noise,1,1,2.2691
004,car,no_noise,2,0,5.5108
004,car,no_noise,3,0,4.7809
004,car,no_noise,2,1,3.4504
004,car,no_noise,2,0,1.7668
004,car,no_noise,1,0,4.2926
004,car,no_noise,2,1,1.9383
004,car,no_noise,3,0,1.9276
004,car,no_noise,2,0,4.2299
004,car,noise,2,1,6.2509
004,car,noise,3,1,2.9772
004,car,noise,3,1,5.0883
004,car,noise,2,0,2.2577
004,car,noise,2,1,1.2805
004,car,noise,2,1,1.3934
004,car,noise,3,0,1.7644
004,car,noise,1,1,1.9453
004,car,noise,1,0,1.9895
004,car,noise,1,1,2.5739
004,car,noise,1,1,2.1249
004,car,noise,3,1,2.2713
004,car,noise,2,1,4.2663
004,car,noise,3,1,3.7088
004,car,noise,3,1,2.6554
004,car,noise,1,0,2.3566
004,car,noise,2,1,3.1751
004,car,noise,2,1,1.6449
004,car,noise,3,0,2.1162
004,car,noise,2,1,8.3742
004,car,noise,1,0,2.1939
004,car,noise,1,0,1.343
004,car,noise,3,0,2.9597
004,car,noise,3,1,2.4599
006,car,no_noise,3,0,18.2098
006,car,no_noise,1,1,10.5745
006,car,no_noise,3,0,2.3917
006,car,no_noise,3,1,11.0615
006,car,no_noise,2,1,6.7655
006,car,no_noise,3,0,8.5481
006,car,no_noise,3,1,7.3872
006,car,no_noise,1,1,2.6027
006,car,no_noise,1,1,5.6489
006,car,no_noise,3,1,5.3812
006,car,no_noise,3,1,7.5817
006,car,no_noise,3,1,6.3628
006,car,no_noise,3,0,6.2308
006,car,no_noise,2,1,7.015
006,car,no_noise,3,1,3.5153
006,car,no_noise,2,1,6.0254
006,car,no_noise,3,0,12.7638
006,car,no_noise,1,1,2.7069
006,car,no_noise,3,0,6.907
006,car,no_noise,1,1,4.0049
006,car,no_noise,1,1,10.7792
006,car,no_noise,1,1,8.3816
006,car,no_noise,2,0,2.8988
006,car,no_noise,2,1,1.3507
006,car,no_noise,2,1,6.7513
006,car,no_noise,2,0,5.1662
006,car,no_noise,2,1,7.2666
006,car,no_noise,2,1,3.682
006,car,no_noise,1,1,2.9221
006,car,no_noise,1,1,5.1816
006,car,noise,2,1,7.5453
006,car,noise,3,1,3.9973
006,car,noise,3,1,2.9758
006,car,noise,2,0,6.8411
006,car,noise,3,0,2.3272
006,car,noise,2,1,9.6252
006,car,noise,1,1,4.5242000000000004
006,car,noise,1,1,2.4944
006,car,noise,2,1,3.2557
006,car,noise,1,1,4.0143
006,car,noise,2,0,3.8626
006,car,noise,1,0,2.5946
006,car,noise,2,1,10.9102
006,car,noise,1,0,4.2288
006,car,noise,3,1,6.3608
006,car,noise,2,1,7.4604
006,car,noise,1,0,6.7985
006,car,noise,2,1,2.9427
006,car,noise,2,1,1.2308
006,car,noise,2,1,4.2936
006,car,noise,3,1,1.3006
006,car,noise,1,0,14.6759
006,car,noise,1,1,5.0303
006,car,noise,3,1,8.3285
006,face,no_noise,1,1,4.0565
006,face,no_noise,2,1,3.4521
006,face,no_noise,3,0,2.8623
006,face,no_noise,2,0,2.1848
006,face,no_noise,1,0,4.8015
006,face,no_noise,3,0,3.717
006,face,no_noise,2,0,2.557
006,face,no_noise,3,1,2.7357
006,face,no_noise,2,1,1.5444
006,face,no_noise,3,1,2.7018
006,face,no_noise,2,1,3.8652
006,face,no_noise,3,1,3.2503
006,face,no_noise,3,0,3.9042
006,face,no_noise,2,0,2.8346
006,face,no_noise,2,1,6.3361
006,face,no_noise,2,1,6.3909
006,face,no_noise,2,1,2.4523
006,face,no_noise,2,1,2.6014
006,face,no_noise,2,0,4.2099
006,face,no_noise,3,1,1.465
006,face,no_noise,1,1,2.2357
006,face,no_noise,2,1,2.4513
006,face,no_noise,2,1,3.2362
006,face,no_noise,1,1,4.3042
006,face,no_noise,3,1,2.5683
006,face,no_noise,1,1,3.3024
006,face,no_noise,3,0,5.7036
006,face,no_noise,2,0,2.6852
006,face,no_noise,1,1,6.5678
006,face,no_noise,3,1,1.618
006,face,noise,2,1,2.4911
006,face,noise,3,1,3.3629
006,face,noise,3,0,3.6946
006,face,noise,1,1,2.6191
006,face,noise,3,1,2.511
006,face,noise,1,1,2.2844
006,face,noise,3,0,4.5839
006,face,noise,2,0,2.6943
006,face,noise,1,0,2.9448
006,face,noise,2,1,3.1446
006,face,noise,3,0,2.2959
006,face,noise,1,0,6.3281
006,face,noise,3,0,3.1121
006,face,noise,2,1,1.311
006,face,noise,3,0,7.862
006,face,noise,3,0,2.2118
006,face,noise,2,0,6.0143
006,face,noise,3,0,2.3134
006,face,noise,3,1,3.5685
006,face,noise,3,0,1.4531
006,face,noise,3,0,7.0787
006,face,noise,3,0,4.1444
006,face,noise,3,0,3.2618
006,face,noise,1,0,3.2948
007,car,no_noise,2,1,4.7669
007,car,no_noise,1,1,3.3534
007,car,no_noise,3,0,3.0151
007,car,no_noise,2,0,2.4535
007,car,no_noise,2,1,3.497900001
007,car,no_noise,1,1,3.749900001
007,car,no_noise,3,1,3.080900001
007,car,no_noise,1,1,2.2119
007,car,no_noise,1,1,2.571099999
007,car,no_noise,1,0,4.047
007,car,no_noise,3,1,2.2156
007,car,no_noise,3,1,2.588
007,car,no_noise,2,1,3.3869
007,car,no_noise,2,1,3.4553
007,car,no_noise,3,1,4.149
007,car,no_noise,2,1,4.1047
007,car,no_noise,1,1,3.8355
007,car,no_noise,2,0,3.322400001
007,car,no_noise,2,1,4.767
007,car,no_noise,3,0,3.9911
007,car,no_noise,3,0,3.206599999
007,car,no_noise,1,1,2.7425
007,car,no_noise,2,0,3.467099999
007,car,no_noise,3,0,4.1435
007,car,no_noise,3,0,5.1205
007,car,no_noise,2,0,2.9596
007,car,no_noise,2,1,2.7225
007,car,no_noise,2,1,3.0084
007,car,no_noise,3,0,2.2814
007,car,no_noise,3,0,4.8852
007,car,noise,1,0,3.716799999
007,car,noise,3,1,1.7936
007,car,noise,2,0,4.2298
007,car,noise,1,1,1.830299999
007,car,noise,1,0,2.8652
007,car,noise,2,1,2.4474
007,car,noise,3,0,3.0003
007,car,noise,1,1,2.7095
007,car,noise,2,1,1.954
007,car,noise,1,1,3.127599999
007,car,noise,1,1,3.325
007,car,noise,2,0,4.9816
007,car,noise,2,1,5.09
007,car,noise,3,1,7.5315
007,car,noise,3,1,2.7723
007,car,noise,2,1,2.5907
007,car,noise,2,1,3.4066
007,car,noise,2,1,2.362200001
007,car,noise,1,0,3.3155
007,car,noise,1,0,1.5462
007,car,noise,1,0,2.5282
007,car,noise,3,1,3.0551
007,car,noise,3,0,3.6763
007,car,noise,3,1,2.8063
007,face,no_noise,1,1,3.079400001
007,face,no_noise,2,1,2.581400001
007,face,no_noise,1,1,1.9465
007,face,no_noise,3,1,2.755400001
007,face,no_noise,3,1,2.4999
007,face,no_noise,2,1,1.4392
007,face,no_noise,1,1,2.6408
007,face,no_noise,3,1,2.0426
007,face,no_noise,2,1,3.4045
007,face,no_noise,3,1,2.7663
007,face,no_noise,2,1,1.4928
007,face,no_noise,2,0,3.8656
007,face,no_noise,2,1,1.5488
007,face,no_noise,2,0,2.909900001
007,face,no_noise,2,1,2.0057
007,face,no_noise,2,1,2.8943
007,face,no_noise,3,0,4.098
007,face,no_noise,2,1,2.247200001
007,face,no_noise,3,0,2.0986
007,face,no_noise,3,1,3.8048
007,face,no_noise,1,1,3.5525
007,face,no_noise,2,1,1.617
007,face,no_noise,2,1,1.6593
007,face,no_noise,1,1,2.8832
007,face,no_noise,2,0,4.380900001
007,face,no_noise,1,1,1.8968
007,face,no_noise,2,1,2.037099999
007,face,no_noise,1,1,3.505599999
007,face,no_noise,1,1,2.179400001
007,face,no_noise,3,1,1.4895
007,face,noise,2,1,1.7448
007,face,noise,3,1,2.7292
007,face,noise,3,0,4.2954
007,face,noise,1,1,1.4952
007,face,noise,3,1,1.912400001
007,face,noise,1,1,2.0183
007,face,noise,2,1,2.355
007,face,noise,2,0,2.2662
007,face,noise,2,1,2.3982
007,face,noise,2,1,2.0516
007,face,noise,1,0,3.653
007,face,noise,2,1,1.9466
007,face,noise,2,0,3.231
007,face,noise,2,1,1.205
007,face,noise,3,0,2.713299999
007,face,noise,2,1,2.6753
007,face,noise,3,1,2.892700001
007,face,noise,1,1,1.728
007,face,noise,2,0,1.6675
007,face,noise,1,1,2.233
007,face,noise,1,1,2.953299999
007,face,noise,1,1,2.333599999
007,face,noise,1,1,3.3846
007,face,noise,2,0,3.2276
008,face,no_noise,1,1,2.528
008,face,no_noise,2,1,1.861
008,face,no_noise,1,1,1.825
008,face,no_noise,3,1,2.481
008,face,no_noise,1,0,2.326
008,face,no_noise,2,1,2.378
008,face,no_noise,1,1,1.296
008,face,no_noise,3,1,1.662
008,face,no_noise,2,1,1.695
008,face,no_noise,3,1,1.864
008,face,no_noise,2,1,2.76
008,face,no_noise,2,0,1.945
008,face,no_noise,2,1,1.427
008,face,no_noise,2,0,2.742
008,face,no_noise,2,1,1.743
008,face,no_noise,3,0,1.612
008,face,no_noise,2,1,1.959
008,face,no_noise,2,1,1.661
008,face,no_noise,2,0,2.164
008,face,no_noise,3,1,2.127
008,face,no_noise,2,0,2.577
008,face,no_noise,2,1,2.013
008,face,no_noise,2,1,1.48
008,face,no_noise,3,0,2.626
008,face,no_noise,3,1,1.529
008,face,no_noise,1,1,1.378
008,face,no_noise,2,1,1.364
008,face,no_noise,2,0,2.378
008,face,no_noise,1,1,1.642
008,face,no_noise,3,1,1.645
008,face,noise,2,1,1.731
008,face,noise,3,1,1.645
008,face,noise,3,0,2.425
008,face,noise,1,1,1.496
008,face,noise,2,0,1.675
008,face,noise,3,0,1.892
008,face,noise,3,0,2.429
008,face,noise,2,0,1.611
008,face,noise,1,0,2.227
008,face,noise,2,1,1.313
008,face,noise,3,0,1.344
008,face,noise,2,1,1.429
008,face,noise,2,0,1.728
008,face,noise,1,0,1.711
008,face,noise,1,1,1.398
008,face,noise,2,1,1.961
008,face,noise,3,1,1.834
008,face,noise,1,1,1.612
008,face,noise,3,1,1.163
008,face,noise,2,0,1.561
008,face,noise,2,0,2.126
008,face,noise,3,0,1.442
008,face,noise,1,1,2.71
008,face,noise,3,1,1.879
008,car,no_noise,2,1,3.137
008,car,no_noise,2,0,1.586
008,car,no_noise,3,0,3.433
008,car,no_noise,2,0,2.8
008,car,no_noise,3,0,1.636
008,car,no_noise,3,0,2.864
008,car,no_noise,1,0,2.402
008,car,no_noise,1,1,2.419
008,car,no_noise,2,0,1.757
008,car,no_noise,2,0,1.524
008,car,no_noise,3,1,1.952
008,car,no_noise,3,1,1.46
008,car,no_noise,2,1,1.491
008,car,no_noise,1,0,1.752
008,car,no_noise,2,0,3.065
008,car,no_noise,3,0,2.202
008,car,no_noise,2,0,2.022
008,car,no_noise,2,0,2.756
008,car,no_noise,3,0,2.813
008,car,no_noise,3,0,1.674
008,car,no_noise,1,1,3.065
008,car,no_noise,1,1,2.152
008,car,no_noise,2,0,2.32
008,car,no_noise,3,0,2.318
008,car,no_noise,3,0,2.726
008,car,no_noise,2,0,2.984
008,car,no_noise,1,0,2.337
008,car,no_noise,2,1,1.744
008,car,no_noise,3,0,0.994
008,car,no_noise,1,1,2.534
008,car,noise,2,1,1.672
008,car,noise,3,1,1.318
008,car,noise,2,0,1.831
008,car,noise,2,0,2.264
008,car,noise,2,1,3.034
008,car,noise,2,1,1.629
008,car,noise,1,1,2.081
008,car,noise,1,1,2.047
008,car,noise,2,1,2.448
008,car,noise,2,0,2.562
008,car,noise,1,1,1.58
008,car,noise,3,1,1.883
008,car,noise,2,1,2.346
008,car,noise,2,0,2.73
008,car,noise,3,1,1.399
008,car,noise,2,1,3.478
008,car,noise,2,1,2.08
008,car,noise,2,1,2.349
008,car,noise,3,0,2.814
008,car,noise,2,1,2.682
008,car,noise,2,0,2.177
008,car,noise,1,0,1.632
008,car,noise,2,0,2.584
008,car,noise,3,1,2.648
009,face,no_noise,1,1,7.2815
009,face,no_noise,3,0,2.3159
009,face,no_noise,1,1,1.6481
009,face,no_noise,1,0,3.3664
009,face,no_noise,2,0,2.4744
009,face,no_noise,3,0,2.0619
009,face,no_noise,1,1,2.974
009,face,no_noise,3,1,1.6014
009,face,no_noise,1,0,2.9421
009,face,no_noise,3,1,1.8915
009,face,no_noise,1,0,4.6401
009,face,no_noise,2,0,1.3368
009,face,no_noise,3,0,3.2234
009,face,no_noise,1,1,3.8342
009,face,no_noise,2,1,1.3507
009,face,no_noise,3,0,2.2431
009,face,no_noise,2,1,2.651
009,face,no_noise,2,1,3.2469
009,face,no_noise,3,0,1.7004
009,face,no_noise,3,1,1.2543
009,face,no_noise,2,0,2.4076
009,face,no_noise,2,1,2.7588
009,face,no_noise,2,1,2.9506
009,face,no_noise,3,0,2.6527
009,face,no_noise,1,0,2.2791
009,face,no_noise,3,0,2.4354
009,face,no_noise,2,1,1.4071
009,face,no_noise,2,0,2.2617
009,face,no_noise,1,1,3.5471
009,face,no_noise,2,0,2.7217
009,face,noise,2,1,2.5769
009,face,noise,3,1,3.0514
009,face,noise,3,0,1.5515
009,face,noise,1,1,2.7567
009,face,noise,2,0,1.7318
009,face,noise,2,0,2.3905
009,face,noise,2,1,1.922
009,face,noise,2,0,2.1422
009,face,noise,3,0,2.1166
009,face,noise,2,1,1.0734
009,face,noise,3,0,1.2996
009,face,noise,1,0,2.9892
009,face,noise,2,0,2.3109
009,face,noise,2,1,0.7281
009,face,noise,3,0,1.9903
009,face,noise,2,1,1.6516
009,face,noise,1,0,2.0167
009,face,noise,1,1,2.0746000000000002
009,face,noise,3,1,2.1008
009,face,noise,2,0,1.9898
009,face,noise,3,0,2.3352
009,face,noise,1,1,2.7176
009,face,noise,1,1,2.8401
009,face,noise,3,1,1.7886
009,car,no_noise,2,1,2.1593
009,car,no_noise,1,1,2.1693
009,car,no_noise,1,1,2.4464
009,car,no_noise,2,0,1.5192
009,car,no_noise,1,0,1.2537
009,car,no_noise,3,0,1.8211
009,car,no_noise,3,1,3.9168
009,car,no_noise,1,1,2.3127
009,car,no_noise,1,1,2.5797
009,car,no_noise,1,0,4.7473
009,car,no_noise,1,0,2.4511
009,car,no_noise,3,1,1.8964
009,car,no_noise,2,1,1.1257
009,car,no_noise,1,0,4.353
009,car,no_noise,1,0,3.6463
009,car,no_noise,3,0,1.908
009,car,no_noise,2,0,2.0101
009,car,no_noise,2,0,3.7401
009,car,no_noise,2,1,2.3972
009,car,no_noise,3,0,2.0226
009,car,no_noise,1,1,1.9331
009,car,no_noise,3,0,4.6786
009,car,no_noise,3,1,2.0045
009,car,no_noise,1,0,4.5999
009,car,no_noise,2,1,1.8801
009,car,no_noise,2,0,1.2595
009,car,no_noise,1,0,2.0901
009,car,no_noise,3,0,2.8327
009,car,no_noise,3,0,0.9738
009,car,no_noise,1,1,3.2303
009,car,noise,2,1,3.0456
009,car,noise,3,1,4.1367
009,car,noise,3,1,1.6648
009,car,noise,1,1,1.9548
009,car,noise,2,1,3.3891
009,car,noise,2,1,1.7842
009,car,noise,3,0,3.9243
009,car,noise,1,1,1.6884
009,car,noise,2,1,2.5139
009,car,noise,1,1,2.2947
009,car,noise,1,1,3.0293
009,car,noise,3,1,2.0188
009,car,noise,2,1,3.9177
009,car,noise,3,1,2.1958
009,car,noise,3,1,1.9168
009,car,noise,2,1,2.0054
009,car,noise,2,1,2.7159
009,car,noise,2,1,2.0082
009,car,noise,3,0,2.6349
009,car,noise,2,1,1.9986
009,car,noise,3,1,2.3936
009,car,noise,1,0,1.3747
009,car,noise,1,1,2.7252
009,car,noise,1,0,2.3845
010,face,no_noise,1,1,2.1484
010,face,no_noise,2,1,2.9567
010,face,no_noise,1,1,1.7354
010,face,no_noise,3,1,2.3787
010,face,no_noise,3,1,2.0213
010,face,no_noise,2,1,2.2078
010,face,no_noise,1,1,4.2892
010,face,no_noise,3,1,1.9286
010,face,no_noise,2,1,2.0502
010,face,no_noise,3,1,1.8421
010,face,no_noise,2,1,2.0971
010,face,no_noise,3,1,1.6582
010,face,no_noise,2,1,1.7591
010,face,no_noise,1,1,1.8363
010,face,no_noise,2,1,1.6609
010,face,no_noise,2,1,2.5871
010,face,no_noise,2,1,1.5581
010,face,no_noise,2,1,1.6594
010,face,no_noise,1,1,2.4194
010,face,no_noise,3,1,1.9103
010,face,no_noise,1,1,2.6804
010,face,no_noise,2,1,2.2465
010,face,no_noise,2,1,1.5692
010,face,no_noise,1,1,1.7637
010,face,no_noise,3,1,1.577
010,face,no_noise,1,1,2.1421
010,face,no_noise,2,1,1.6255
010,face,no_noise,1,1,4.3961
010,face,no_noise,1,1,2.0573
010,face,no_noise,3,1,2.4063
010,face,noise,2,1,2.0929
010,face,noise,3,1,1.8208
010,face,noise,1,1,2.9289
010,face,noise,1,1,1.8021
010,face,noise,3,1,2.0887
010,face,noise,1,1,2.2687
010,face,noise,2,1,1.802
010,face,noise,1,1,2.5268
010,face,noise,2,1,3.1277
010,face,noise,2,1,1.7701
010,face,noise,2,1,4.2815
010,face,noise,2,1,2.2689
010,face,noise,1,1,2.3134
010,face,noise,2,1,1.8476
010,face,noise,1,1,1.7181
010,face,noise,2,1,1.4684
010,face,noise,3,1,1.7953
010,face,noise,1,1,2.3441
010,face,noise,3,1,2.0901
010,face,noise,1,1,3.9587
010,face,noise,1,1,1.9783
010,face,noise,2,0,3.2966
010,face,noise,1,1,1.505
010,face,noise,1,0,3.2089
010,car,no_noise,3,0,3.8713
010,car,no_noise,1,1,3.3828
010,car,no_noise,2,0,2.107
010,car,no_noise,1,0,3.6995
010,car,no_noise,2,1,2.2577
010,car,no_noise,3,0,2.1012
010,car,no_noise,1,0,2.6691
010,car,no_noise,1,1,2.6861
010,car,no_noise,2,0,2.8822
010,car,no_noise,3,1,3.5567
010,car,no_noise,3,1,3.4635
010,car,no_noise,3,1,3.7524
010,car,no_noise,2,1,3.1305
010,car,no_noise,3,0,3.661
010,car,no_noise,1,0,5.1071
010,car,no_noise,3,0,3.9589
010,car,no_noise,2,0,2.3262
010,car,no_noise,2,0,2.7805
010,car,no_noise,3,0,5.2292
010,car,no_noise,3,0,4.3873
010,car,no_noise,1,1,2.2345
010,car,no_noise,1,1,3.6654
010,car,no_noise,3,1,3.0471
010,car,no_noise,3,0,3.1175
010,car,no_noise,1,0,7.214
010,car,no_noise,3,1,4.8529
010,car,no_noise,1,0,4.2849
010,car,no_noise,3,0,7.3789
010,car,no_noise,3,0,5.1154
010,car,no_noise,1,1,3.0874
010,car,noise,2,1,9.76
010,car,noise,1,0,4.9458
010,car,noise,3,1,2.7347
010,car,noise,2,0,2.6265
010,car,noise,2,1,1.9171
010,car,noise,1,0,2.8711
010,car,noise,3,0,5.1227
010,car,noise,1,1,2.8636
010,car,noise,1,0,2.2435
010,car,noise,3,0,5.0604
010,car,noise,2,0,2.2896
010,car,noise,3,1,3.2497
010,car,noise,2,1,5.4599
010,car,noise,1,0,4.7837
010,car,noise,1,0,4.6704
010,car,noise,2,1,3.3219
010,car,noise,3,0,4.7048
010,car,noise,2,1,3.7429
010,car,noise,3,0,8.3887
010,car,noise,3,0,4.7838
010,car,noise,1,0,2.594
010,car,noise,3,1,1.9438
010,car,noise,1,1,4.9733
010,car,noise,3,1,5.5347
011,car,no_noise,1,0,15.161
011,car,no_noise,1,1,32.8137
011,car,no_noise,3,0,22.0325
011,car,no_noise,3,1,20.7985
011,car,no_noise,2,1,23.777
011,car,no_noise,3,0,13.4121
011,car,no_noise,3,1,27.2061
011,car,no_noise,1,1,6.5373
011,car,no_noise,1,1,10.6384
011,car,no_noise,1,0,9.1609
011,car,no_noise,2,0,29.0017
011,car,no_noise,3,1,14.7094
011,car,no_noise,2,1,13.0936
011,car,no_noise,1,0,18.2827
011,car,no_noise,3,1,12.0333
011,car,no_noise,2,1,10.9232
011,car,no_noise,3,0,8.9229
011,car,no_noise,1,1,12.3298
011,car,no_noise,3,0,7.4172
011,car,no_noise,1,1,3.5835
011,car,no_noise,1,1,2.7221
011,car,no_noise,1,1,13.8911
011,car,no_noise,2,0,4.0064
011,car,no_noise,2,1,12.1612
011,car,no_noise,2,1,8.3479
011,car,no_noise,2,0,8.0985
011,car,no_noise,2,1,7.4263
011,car,no_noise,1,0,7.9069
011,car,no_noise,1,1,3.4206
011,car,no_noise,1,1,11.9224
011,car,noise,3,0,8.7709
011,car,noise,3,1,2.6028
011,car,noise,3,1,2.6297
011,car,noise,1,1,7.2016
011,car,noise,3,0,15.2752
011,car,noise,1,0,3.5836
011,car,noise,1,1,2.3881
011,car,noise,1,1,2.4912
011,car,noise,2,1,4.5631
011,car,noise,2,0,7.4801
011,car,noise,1,1,7.7223
011,car,noise,2,0,1.906
011,car,noise,2,1,3.103
011,car,noise,3,1,2.7282
011,car,noise,2,0,10.875
011,car,noise,2,1,4.8422
011,car,noise,2,1,2.7047
011,car,noise,2,1,2.7967
011,car,noise,2,1,14.6452
011,car,noise,2,1,6.8654
011,car,noise,3,1,3.8899
011,car,noise,3,1,3.8126
011,car,noise,3,0,5.2983
011,car,noise,1,0,5.8432
011,face,no_noise,1,1,3.998
011,face,no_noise,2,1,3.4551
011,face,no_noise,1,1,2.1214
011,face,no_noise,3,1,9.3862
011,face,no_noise,3,1,3.7648
011,face,no_noise,2,1,1.8669
011,face,no_noise,1,1,3.5716
011,face,no_noise,3,1,1.8428
011,face,no_noise,2,1,1.4909
011,face,no_noise,3,1,1.7302
011,face,no_noise,2,1,2.4541
011,face,no_noise,3,1,2.2743
011,face,no_noise,2,1,1.7061
011,face,no_noise,1,1,5.3177
011,face,no_noise,2,1,2.917
011,face,no_noise,3,0,2.3881
011,face,no_noise,2,1,1.4011
011,face,no_noise,2,1,2.8195
011,face,no_noise,1,1,4.1643
011,face,no_noise,3,1,1.7376
011,face,no_noise,1,1,2.1032
011,face,no_noise,2,1,1.3939
011,face,no_noise,2,1,1.1544
011,face,no_noise,1,1,2.2854
011,face,no_noise,3,1,1.7151
011,face,no_noise,1,1,2.2184
011,face,no_noise,2,1,2.7059
011,face,no_noise,1,1,3.667
011,face,no_noise,1,1,2.4281
011,face,no_noise,3,1,1.9339
011,face,noise,2,1,3.3201
011,face,noise,3,1,2.426
011,face,noise,1,1,2.7176
011,face,noise,1,1,1.7091
011,face,noise,3,1,2.1299
011,face,noise,1,1,2.2347
011,face,noise,2,1,1.7785
011,face,noise,1,1,4.2291
011,face,noise,2,1,4.0793
011,face,noise,2,1,3.5376
011,face,noise,3,0,2.4791
011,face,noise,2,1,1.3055
011,face,noise,1,1,2.5011
011,face,noise,2,1,1.2014
011,face,noise,2,0,6.4012
011,face,noise,2,1,2.5218
011,face,noise,3,1,3.5548
011,face,noise,2,0,1.317
011,face,noise,3,1,2.2443
011,face,noise,3,0,3.1721
011,face,noise,2,0,2.7094
011,face,noise,1,1,2.8429
011,face,noise,1,1,2.273
011,face,noise,2,0,2.8912
012,car,no_noise,2,1,3.3994
012,car,no_noise,1,1,5.1069
012,car,no_noise,1,1,4.6022
012,car,no_noise,2,0,3.5871
012,car,no_noise,1,0,3.7186
012,car,no_noise,3,0,6.375
012,car,no_noise,3,1,4.1164
012,car,no_noise,1,1,5.918
012,car,no_noise,1,1,5.4697
012,car,no_noise,3,1,4.5872
012,car,no_noise,3,1,4.7492
012,car,no_noise,3,1,4.5701
012,car,no_noise,1,0,4.8036
012,car,no_noise,1,0,5.0811
012,car,no_noise,3,1,3.7349
012,car,no_noise,2,1,4.0813
012,car,no_noise,1,1,3.3421
012,car,no_noise,1,1,5.1625
012,car,no_noise,3,0,4.731
012,car,no_noise,1,1,3.377
012,car,no_noise,3,0,4.0032
012,car,no_noise,1,1,3.838
012,car,no_noise,3,1,3.8839
012,car,no_noise,2,1,2.4496000000000002
012,car,no_noise,1,0,3.8059
012,car,no_noise,2,0,3.0451
012,car,no_noise,2,1,3.6942
012,car,no_noise,2,1,6.1479
012,car,no_noise,3,0,3.3796
012,car,no_noise,1,1,4.5909
012,car,noise,1,0,10.9057
012,car,noise,3,1,5.001
012,car,noise,3,1,3.0924
012,car,noise,1,1,2.8062
012,car,noise,2,1,5.3209
012,car,noise,2,1,4.1831
012,car,noise,1,1,3.0286
012,car,noise,1,1,2.4008
012,car,noise,1,0,3.9217
012,car,noise,1,1,2.8003
012,car,noise,1,1,2.8031
012,car,noise,3,1,4.1987
012,car,noise,2,1,4.1219
012,car,noise,1,0,2.5713
012,car,noise,1,0,2.9356
012,car,noise,1,0,2.9865
012,car,noise,2,1,4.8878
012,car,noise,2,1,3.153
012,car,noise,2,1,3.8478
012,car,noise,3,0,6.8205
012,car,noise,3,1,3.2783
012,car,noise,3,1,5.6655
012,car,noise,1,1,2.8735
012,car,noise,3,1,3.0482
012,face,no_noise,1,1,7.8695
012,face,no_noise,2,1,2.269
012,face,no_noise,3,0,2.5943
012,face,no_noise,2,0,3.7777
012,face,no_noise,3,1,1.9824
012,face,no_noise,2,1,2.364
012,face,no_noise,1,1,2.8646
012,face,no_noise,3,1,1.9792
012,face,no_noise,2,1,2.2372
012,face,no_noise,3,1,1.9167
012,face,no_noise,1,0,1.748
012,face,no_noise,3,1,1.8565
012,face,no_noise,3,0,1.6794
012,face,no_noise,1,1,1.6804
012,face,no_noise,2,1,1.8519
012,face,no_noise,2,1,1.8896
012,face,no_noise,3,0,1.7732
012,face,no_noise,2,1,3.1958
012,face,no_noise,3,0,1.6977
012,face,no_noise,3,1,1.6937
012,face,no_noise,2,0,1.8706
012,face,no_noise,2,1,1.8754
012,face,no_noise,3,0,2.1816
012,face,no_noise,1,1,2.3659
012,face,no_noise,3,1,2.0657
012,face,no_noise,1,1,1.6624
012,face,no_noise,2,1,1.7377
012,face,no_noise,3,0,1.7134
012,face,no_noise,3,0,1.8301
012,face,no_noise,2,0,1.6419
012,face,noise,2,1,2.4917
012,face,noise,2,0,2.2432
012,face,noise,1,1,1.9649
012,face,noise,3,0,1.8315
012,face,noise,2,0,2.0457
012,face,noise,1,1,1.636
012,face,noise,3,0,1.6964
012,face,noise,1,1,1.8958
012,face,noise,1,0,1.7974
012,face,noise,2,1,2.3609
012,face,noise,1,0,1.6613
012,face,noise,1,0,3.269
012,face,noise,3,0,1.9535
012,face,noise,2,1,2.3788
012,face,noise,1,1,1.8558
012,face,noise,2,1,1.7757
012,face,noise,2,0,2.203
012,face,noise,2,0,2.4636
012,face,noise,3,1,2.3336
012,face,noise,2,0,2.129
012,face,noise,2,0,2.2759
012,face,noise,2,0,2.4626
012,face,noise,3,0,2.3082
012,face,noise,3,1,2.2671
013,car,no_noise,2,1,7.929
013,car,no_noise,1,1,4.2875
013,car,no_noise,3,0,4.7185
013,car,no_noise,1,0,8.5342
013,car,no_noise,2,1,4.2738
013,car,no_noise,1,1,7.0025
013,car,no_noise,3,1,6.8047
013,car,no_noise,2,0,5.2176
013,car,no_noise,1,1,4.5371
013,car,no_noise,3,1,2.7743
013,car,no_noise,3,1,4.4676
013,car,no_noise,3,1,7.5066
013,car,no_noise,1,0,4.6576
013,car,no_noise,3,0,2.851
013,car,no_noise,3,1,5.4183
013,car,no_noise,1,0,6.6007
013,car,no_noise,1,1,5.4392
013,car,no_noise,1,1,6.9343
013,car,no_noise,3,0,6.5183
013,car,no_noise,1,1,4.7843
013,car,no_noise,2,0,3.7277
013,car,no_noise,2,0,4.3846
013,car,no_noise,3,1,3.0676
013,car,no_noise,2,1,4.0512
013,car,no_noise,2,1,2.7057
013,car,no_noise,2,0,3.8408
013,car,no_noise,2,1,3.251
013,car,no_noise,2,1,2.6682
013,car,no_noise,2,0,2.8842
013,car,no_noise,2,0,3.642
013,car,noise,1,0,3.6548
013,car,noise,3,1,2.5921
013,car,noise,2,0,2.6679
013,car,noise,2,0,2.3721
013,car,noise,3,0,3.5505
013,car,noise,1,0,3.4037
013,car,noise,3,0,4.1677
013,car,noise,1,1,2.8588
013,car,noise,1,0,2.3505
013,car,noise,1,1,3.6077
013,car,noise,2,0,4.1946
013,car,noise,3,1,2.5427
013,car,noise,1,0,4.7015
013,car,noise,3,1,2.9953
013,car,noise,3,1,4.3582
013,car,noise,2,1,3.3177
013,car,noise,2,1,4.0179
013,car,noise,2,1,2.1387
013,car,noise,2,1,2.6408
013,car,noise,2,1,3.5344
013,car,noise,3,1,2.9922
013,car,noise,2,0,2.7346
013,car,noise,2,0,2.0087
013,car,noise,3,1,2.6114
013,face,no_noise,1,1,2.768
013,face,no_noise,3,0,2.702
013,face,no_noise,1,1,2.021
013,face,no_noise,3,1,2.2009
013,face,no_noise,3,1,3.2893
013,face,no_noise,3,0,2.4249
013,face,no_noise,2,0,2.4376
013,face,no_noise,3,1,1.8289
013,face,no_noise,1,0,1.8782
013,face,no_noise,2,0,1.7839
013,face,no_noise,2,1,2.1219
013,face,no_noise,3,1,1.5361
013,face,no_noise,3,0,1.1345
013,face,no_noise,2,0,3.3703
013,face,no_noise,2,1,2.4786
013,face,no_noise,2,1,1.565
013,face,no_noise,2,1,1.571
013,face,no_noise,1,0,1.4068
013,face,no_noise,3,0,1.3175
013,face,no_noise,3,1,1.5756
013,face,no_noise,3,0,0.9877
013,face,no_noise,2,1,1.2231
013,face,no_noise,3,0,2.5775
013,face,no_noise,3,0,2.261
013,face,no_noise,3,1,1.1422
013,face,no_noise,3,0,1.3338
013,face,no_noise,2,1,1.7847
013,face,no_noise,3,0,1.9344
013,face,no_noise,1,1,1.6891
013,face,no_noise,3,1,1.7532
013,face,noise,2,1,3.7999
013,face,noise,3,1,1.453
013,face,noise,2,0,1.1406
013,face,noise,3,0,1.134
013,face,noise,2,0,1.7496
013,face,noise,2,0,1.7417
013,face,noise,3,0,1.5672
013,face,noise,3,0,2.3675
013,face,noise,3,0,2.1001
013,face,noise,2,1,1.5675
013,face,noise,3,0,1.47
013,face,noise,3,0,1.2506
013,face,noise,2,0,2.0508
013,face,noise,2,1,1.777
013,face,noise,3,0,2.5172
013,face,noise,3,0,1.7168
013,face,noise,3,1,2.0511
013,face,noise,3,0,1.3181
013,face,noise,3,1,1.3007
013,face,noise,2,0,2.1184
013,face,noise,3,0,1.1343
013,face,noise,3,0,1.4674
013,face,noise,3,0,1.6578
013,face,noise,1,0,2.5785
014,face,no_noise,1,1,3.2134
014,face,no_noise,2,1,1.9534
014,face,no_noise,1,1,3.3894
014,face,no_noise,1,0,4.3268
014,face,no_noise,3,1,2.837
014,face,no_noise,1,0,4.1862
014,face,no_noise,1,1,5.725
014,face,no_noise,3,1,2.4872
014,face,no_noise,2,1,4.0403
014,face,no_noise,3,1,6.1763
014,face,no_noise,2,1,2.4507
014,face,no_noise,2,0,0.554
014,face,no_noise,3,0,9.1253
014,face,no_noise,1,1,2.2551
014,face,no_noise,2,1,3.9943
014,face,no_noise,3,0,3.6691
014,face,no_noise,2,1,2.6878
014,face,no_noise,2,1,3.3212
014,face,no_noise,3,0,5.5711
014,face,no_noise,3,1,2.2028
014,face,no_noise,1,1,1.9377
014,face,no_noise,2,1,1.8879
014,face,no_noise,2,1,2.7379
014,face,no_noise,1,1,2.1045
014,face,no_noise,1,0,7.8106
014,face,no_noise,1,1,7.7441
014,face,no_noise,2,1,3.7054
014,face,no_noise,1,1,3.8912
014,face,no_noise,1,1,2.7382
014,face,no_noise,3,1,6.1392
014,face,noise,3,0,5.821
014,face,noise,1,0,7.7218
014,face,noise,3,0,3.069
014,face,noise,3,0,3.2495
014,face,noise,3,1,3.3556
014,face,noise,1,1,5.2115
014,face,noise,3,0,4.2535
014,face,noise,2,0,3.0755
014,face,noise,3,0,2.7404
014,face,noise,3,0,2.0065
014,face,noise,2,1,1.7716
014,face,noise,3,0,3.5397
014,face,noise,2,0,5.7887
014,face,noise,2,1,3.3567
014,face,noise,2,0,0.0185
014,face,noise,3,0,6.9295
014,face,noise,3,1,8.4322
014,face,noise,1,1,3.9056
014,face,noise,1,0,6.7937
014,face,noise,2,0,4.9628
014,face,noise,1,1,2.553
014,face,noise,1,1,4.3691
014,face,noise,3,0,6.4074
014,face,noise,1,0,5.8082
014,car,no_noise,3,0,15.735900000000001
014,car,no_noise,2,0,15.304
014,car,no_noise,1,1,2.8494
014,car,no_noise,3,1,8.8203
014,car,no_noise,1,0,11.4912
014,car,no_noise,1,1,5.586
014,car,no_noise,3,1,7.7004
014,car,no_noise,1,1,6.401
014,car,no_noise,1,1,2.3109
014,car,no_noise,1,0,3.0574
014,car,no_noise,3,1,8.2671
014,car,no_noise,3,1,2.7115
014,car,no_noise,2,1,2.8621
014,car,no_noise,1,0,3.4608
014,car,no_noise,1,0,3.3098
014,car,no_noise,2,1,3.9995
014,car,no_noise,2,0,8.5309
014,car,no_noise,2,0,4.0792
014,car,no_noise,2,1,2.4646
014,car,no_noise,3,0,2.827
014,car,no_noise,1,1,12.4562
014,car,no_noise,3,0,6.8164
014,car,no_noise,1,0,4.848
014,car,no_noise,3,0,6.6497
014,car,no_noise,2,1,5.5831
014,car,no_noise,2,0,7.1028
014,car,no_noise,1,0,3.8121
014,car,no_noise,1,0,2.8608
014,car,no_noise,3,0,4.6648
014,car,no_noise,2,0,4.5997
014,car,noise,3,0,9.5625
014,car,noise,3,1,13.3798
014,car,noise,2,0,4.0209
014,car,noise,1,1,2.6158
014,car,noise,2,1,3.0235
014,car,noise,2,1,3.676
014,car,noise,1,1,7.5426
014,car,noise,1,1,1.6533
014,car,noise,1,0,1.8522
014,car,noise,2,0,4.6924
014,car,noise,1,1,4.4391
014,car,noise,3,1,5.1251
014,car,noise,2,1,3.3826
014,car,noise,3,1,3.1259
014,car,noise,3,1,5.688
014,car,noise,3,0,3.9235
014,car,noise,3,0,7.8089
014,car,noise,2,1,4.0776
014,car,noise,3,0,3.4434
014,car,noise,3,0,8.4972
014,car,noise,2,0,4.1033
014,car,noise,3,1,2.7411
014,car,noise,3,0,15.2592
014,car,noise,3,1,7.8444
015,car,no_noise,3,0,4.7548
015,car,no_noise,2,0,3.0175
015,car,no_noise,2,0,4.4228
015,car,no_noise,1,0,8.2537
015,car,no_noise,2,1,5.6392
015,car,no_noise,3,0,4.3047
015,car,no_noise,3,1,3.9996
015,car,no_noise,1,1,4.0012
015,car,no_noise,2,0,3.7353
015,car,no_noise,3,1,3.6854
015,car,no_noise,3,1,3.6058
015,car,no_noise,3,1,4.1356
015,car,no_noise,3,0,5.7809
015,car,no_noise,2,1,5.7181
015,car,no_noise,3,1,5.1278
015,car,no_noise,2,1,4.3682
015,car,no_noise,1,1,3.0858
015,car,no_noise,2,0,3.1565
015,car,no_noise,3,0,8.4604
015,car,no_noise,1,1,4.606
015,car,no_noise,3,0,3.0026
015,car,no_noise,1,1,4.3858
015,car,no_noise,1,0,5.2719
015,car,no_noise,2,1,7.0705
015,car,no_noise,2,1,2.7488
015,car,no_noise,2,0,3.9607
015,car,no_noise,2,1,3.752
015,car,no_noise,2,1,5.912
015,car,no_noise,3,0,4.7588
015,car,no_noise,1,1,13.1076
015,car,noise,3,0,12.9991
015,car,noise,3,1,4.5504
015,car,noise,3,1,4.9233
015,car,noise,2,0,4.3733
015,car,noise,3,0,6.1519
015,car,noise,2,1,4.8167
015,car,noise,3,0,7.2473
015,car,noise,1,1,10.0371
015,car,noise,2,1,8.7662
015,car,noise,1,1,4.5719
015,car,noise,3,0,3.9464
015,car,noise,2,0,3.322
015,car,noise,2,1,3.1466
015,car,noise,3,1,3.67
015,car,noise,1,0,6.2061
015,car,noise,2,1,2.5448
015,car,noise,2,1,2.6265
015,car,noise,1,0,1.2762
015,car,noise,2,1,5.621
015,car,noise,3,0,2.968
015,car,noise,2,0,4.529
015,car,noise,1,0,4.259
015,car,noise,3,0,4.3507
015,car,noise,3,1,3.5317
015,face,no_noise,1,1,3.5301
015,face,no_noise,2,1,3.5829
015,face,no_noise,1,1,4.2474
015,face,no_noise,2,0,5.0351
015,face,no_noise,2,0,4.3678
015,face,no_noise,2,1,2.753
015,face,no_noise,2,0,4.149
015,face,no_noise,3,1,3.2388
015,face,no_noise,2,1,3.3395
015,face,no_noise,2,0,2.8833
015,face,no_noise,2,1,7.1547
015,face,no_noise,3,1,4.4543
015,face,no_noise,3,0,6.1065
015,face,no_noise,1,1,3.4875
015,face,no_noise,1,0,3.0366
015,face,no_noise,2,1,3.5353
015,face,no_noise,2,1,1.7232
015,face,no_noise,1,0,7.6167
015,face,no_noise,1,1,2.3036
015,face,no_noise,1,0,3.6261
015,face,no_noise,1,1,8.0867
015,face,no_noise,2,1,2.8751
015,face,no_noise,2,1,4.5947
015,face,no_noise,3,0,4.3142
015,face,no_noise,3,1,3.1874
015,face,no_noise,2,0,2.5552
015,face,no_noise,2,1,2.6383
015,face,no_noise,1,1,3.871
015,face,no_noise,1,1,2.2874
015,face,no_noise,2,0,4.8066
015,face,noise,1,0,2.2244
015,face,noise,2,0,2.4549
015,face,noise,2,0,3.3271
015,face,noise,1,1,2.5207
015,face,noise,3,1,2.314
015,face,noise,1,1,3.4279
015,face,noise,3,0,2.6349
015,face,noise,2,0,4.2669
015,face,noise,3,0,3.1868
015,face,noise,2,1,3.571
015,face,noise,3,0,3.287
015,face,noise,1,0,7.9883
015,face,noise,3,0,3.0488
015,face,noise,1,0,2.3537
015,face,noise,1,1,2.9555
015,face,noise,1,0,2.8707
015,face,noise,2,0,3.0314
015,face,noise,3,0,2.2465
015,face,noise,2,0,3.3393
015,face,noise,3,0,3.0205
015,face,noise,1,1,2.3538
015,face,noise,1,1,3.7872
015,face,noise,1,1,3.2957
015,face,noise,3,1,3.7381
016,face,no_noise,1,1,3.1866
016,face,no_noise,3,0,2.6396
016,face,no_noise,1,1,2.056
016,face,no_noise,2,0,2.5053
016,face,no_noise,3,1,4.1366
016,face,no_noise,2,1,2.8005
016,face,no_noise,3,0,2.4902
016,face,no_noise,3,1,1.417
016,face,no_noise,2,1,0.9834
016,face,no_noise,2,0,1.5017
016,face,no_noise,2,1,1.7872
016,face,no_noise,2,0,0.8514
016,face,no_noise,2,1,1.1672
016,face,no_noise,1,1,1.7378
016,face,no_noise,2,1,1.2513
016,face,no_noise,2,1,1.9278
016,face,no_noise,2,1,1.2179
016,face,no_noise,1,0,1.6348
016,face,no_noise,1,1,1.5917
016,face,no_noise,1,0,1.8171
016,face,no_noise,2,0,0.9288
016,face,no_noise,2,1,0.8176
016,face,no_noise,2,1,0.8522
016,face,no_noise,1,1,1.6674
016,face,no_noise,3,1,1.5183
016,face,no_noise,2,0,0.9698
016,face,no_noise,2,1,1.8823
016,face,no_noise,3,0,1.5008
016,face,no_noise,3,0,1.3396
016,face,no_noise,3,1,1.7533
016,face,noise,1,0,2.4487
016,face,noise,3,1,1.5441
016,face,noise,3,0,0.9735
016,face,noise,2,0,0.0321
016,face,noise,1,0,0.0017
016,face,noise,2,0,0.0206
016,face,noise,3,0,0.4498
016,face,noise,2,0,0.7648
016,face,noise,3,0,1.4658
016,face,noise,2,1,1.2606
016,face,noise,1,0,1.2289
016,face,noise,3,0,0.9574
016,face,noise,3,0,1.6436
016,face,noise,2,1,1.2387
016,face,noise,1,1,1.0065
016,face,noise,1,0,1.0732
016,face,noise,2,0,1.0619
016,face,noise,2,0,0.6454
016,face,noise,3,1,1.1277
016,face,noise,3,0,0.6085
016,face,noise,3,0,0.9324
016,face,noise,1,1,0.3403
016,face,noise,2,0,0.3258
016,face,noise,3,1,0.5958
016,car,no_noise,2,1,2.9158
016,car,no_noise,1,1,2.0492
016,car,no_noise,3,0,1.7172
016,car,no_noise,3,1,2.3655
016,car,no_noise,2,1,2.3439
016,car,no_noise,1,1,2.4068
016,car,no_noise,3,1,2.0324
016,car,no_noise,1,1,3.8152
016,car,no_noise,2,0,1.2504
016,car,no_noise,2,0,1.3877
016,car,no_noise,1,0,1.5394
016,car,no_noise,3,1,2.2369
016,car,no_noise,3,0,1.2814
016,car,no_noise,1,0,2.2504
016,car,no_noise,2,0,1.5022
016,car,no_noise,3,0,1.3351
016,car,no_noise,3,0,1.028
016,car,no_noise,1,1,2.5839
016,car,no_noise,1,0,1.6507
016,car,no_noise,1,1,2.2847
016,car,no_noise,3,0,1.4584
016,car,no_noise,2,0,1.2579
016,car,no_noise,2,0,0.9533
016,car,no_noise,2,1,2.6983
016,car,no_noise,2,1,2.485
016,car,no_noise,2,0,0.8327
016,car,no_noise,2,1,0.2802
016,car,no_noise,1,0,0.1178
016,car,no_noise,2,0,0.0011
016,car,no_noise,2,0,0.9145
016,car,noise,2,1,1.195
016,car,noise,3,1,0.9979
016,car,noise,2,0,1.9514
016,car,noise,2,0,1.3582
016,car,noise,2,1,0.7342
016,car,noise,2,1,1.0571
016,car,noise,1,1,1.4125
016,car,noise,3,0,0.8365
016,car,noise,3,0,0.0553
016,car,noise,1,1,0.0255
016,car,noise,1,1,0.0022
016,car,noise,1,0,1.1527
016,car,noise,2,1,1.2611
016,car,noise,3,1,2.3722
016,car,noise,3,1,1.1011
016,car,noise,1,0,2.1635
016,car,noise,2,1,1.9478
016,car,noise,2,1,2.0744
016,car,noise,3,0,1.6359
016,car,noise,3,0,3.7167
016,car,noise,2,0,0.8
016,car,noise,3,1,1.1081
016,car,noise,3,0,1.9752
016,car,noise,3,1,1.4609
018,car,no_noise,3,0,3.57
018,car,no_noise,2,0,3.933
018,car,no_noise,3,0,2.77
018,car,no_noise,2,0,1.416
018,car,no_noise,1,0,2.014
018,car,no_noise,3,0,1.789
018,car,no_noise,3,1,3.197
018,car,no_noise,1,1,2.049
018,car,no_noise,1,1,1.925
018,car,no_noise,3,1,1.869
018,car,no_noise,2,0,1.687
018,car,no_noise,1,0,1.705
018,car,no_noise,2,1,1.392
018,car,no_noise,2,1,2.432
018,car,no_noise,3,1,3.299
018,car,no_noise,3,0,2.622
018,car,no_noise,1,1,1.856
018,car,no_noise,2,0,2.966
018,car,no_noise,3,0,2.117
018,car,no_noise,3,0,2.757
018,car,no_noise,3,0,3.641
018,car,no_noise,1,1,1.758
018,car,no_noise,2,0,1.6
018,car,no_noise,2,1,2.338
018,car,no_noise,2,1,1.773
018,car,no_noise,1,0,2.268
018,car,no_noise,3,0,2.434
018,car,no_noise,3,0,1.489
018,car,no_noise,3,0,2.027
018,car,no_noise,1,1,1.764
018,car,noise,2,1,1.265
018,car,noise,3,1,2.838
018,car,noise,2,0,2.112
018,car,noise,2,0,1.852
018,car,noise,2,1,1.018
018,car,noise,2,1,2.152
018,car,noise,3,0,1.537
018,car,noise,1,1,0.897
018,car,noise,1,0,1.165
018,car,noise,2,0,2.894
018,car,noise,2,0,1.687
018,car,noise,1,0,1.143
018,car,noise,1,0,1.568
018,car,noise,1,0,2.139
018,car,noise,3,1,1.761
018,car,noise,2,1,2.576
018,car,noise,3,0,2.11
018,car,noise,2,1,1.77
018,car,noise,3,0,1.813
018,car,noise,3,0,2.176
018,car,noise,1,0,2.066
018,car,noise,1,0,1.578
018,car,noise,3,0,1.99
018,car,noise,3,1,2.384
018,face,no_noise,2,0,2.218
018,face,no_noise,2,1,1.396
018,face,no_noise,3,0,1.572
018,face,no_noise,2,0,2.958
018,face,no_noise,1,0,2.421
018,face,no_noise,3,0,1.677
018,face,no_noise,1,1,3.106
018,face,no_noise,3,1,2.889
018,face,no_noise,2,1,1.77
018,face,no_noise,2,0,2.7
018,face,no_noise,2,1,2.567
018,face,no_noise,3,1,1.513
018,face,no_noise,3,0,2.049
018,face,no_noise,1,1,2.546
018,face,no_noise,2,1,2.498
018,face,no_noise,3,0,2.607
018,face,no_noise,2,1,1.339
018,face,no_noise,2,1,2.592
018,face,no_noise,3,0,1.538
018,face,no_noise,2,0,1.455
018,face,no_noise,1,1,1.926
018,face,no_noise,3,0,2.173
018,face,no_noise,1,0,1.295
018,face,no_noise,1,1,1.701
018,face,no_noise,2,0,2.025
018,face,no_noise,2,0,1.225
018,face,no_noise,1,0,1.309
018,face,no_noise,3,0,1.506
018,face,no_noise,1,1,1.572
018,face,no_noise,3,1,1.686
018,face,noise,1,0,2.243
018,face,noise,3,1,1.851
018,face,noise,1,1,1.349
018,face,noise,1,1,2.963
018,face,noise,2,0,0.887
018,face,noise,2,0,1.059
018,face,noise,2,1,1.544
018,face,noise,1,1,1.534
018,face,noise,1,0,1.612
018,face,noise,2,1,1.94
018,face,noise,3,0,1.427
018,face,noise,2,1,2.006
018,face,noise,1,1,0.854
018,face,noise,1,0,1.004
018,face,noise,1,1,1.585
018,face,noise,3,0,1.06
018,face,noise,2,0,0.927
018,face,noise,1,1,2.328
018,face,noise,3,1,1.593
018,face,noise,2,0,1.286
018,face,noise,3,0,1.972
018,face,noise,2,0,1.235
018,face,noise,1,1,0.885
018,face,noise,1,0,1.652
020,car,no_noise,2,1,4.9552
020,car,no_noise,2,0,3.5505
020,car,no_noise,2,0,5.5998
020,car,no_noise,1,0,11.8438
020,car,no_noise,1,0,6.0653
020,car,no_noise,3,0,3.5782
020,car,no_noise,1,0,6.2978
020,car,no_noise,1,1,7.7804
020,car,no_noise,3,0,5.7372
020,car,no_noise,3,1,23.602
020,car,no_noise,3,1,5.0375
020,car,no_noise,3,1,2.7855
020,car,no_noise,3,0,7.7913
020,car,no_noise,1,0,3.6652
020,car,no_noise,2,0,13.9439
020,car,no_noise,2,1,8.9131
020,car,no_noise,2,0,8.7654
020,car,no_noise,2,0,6.5205
020,car,no_noise,2,1,2.1726
020,car,no_noise,3,0,2.8143
020,car,no_noise,2,0,2.3395
020,car,no_noise,1,1,3.1305
020,car,no_noise,1,0,3.9765
020,car,no_noise,3,0,6.6305
020,car,no_noise,2,1,9.6632
020,car,no_noise,1,0,9.9775
020,car,no_noise,1,0,6.847
020,car,no_noise,2,1,8.2918
020,car,no_noise,3,0,1.9919
020,car,no_noise,1,1,3.6969
020,car,noise,2,1,2.208
020,car,noise,2,0,13.0845
020,car,noise,2,0,7.5347
020,car,noise,1,1,21.7999
020,car,noise,2,1,4.9967
020,car,noise,2,1,6.3366
020,car,noise,1,1,3.0425
020,car,noise,1,1,1.842
020,car,noise,1,0,2.929
020,car,noise,3,0,3.8625
020,car,noise,1,1,5.193
020,car,noise,3,1,1.8842
020,car,noise,2,1,4.3285
020,car,noise,1,0,3.4956
020,car,noise,3,1,3.0882
020,car,noise,2,1,5.8595
020,car,noise,2,1,1.3796
020,car,noise,3,0,3.2295
020,car,noise,1,0,2.4984
020,car,noise,2,1,5.1714
020,car,noise,1,0,6.3036
020,car,noise,1,0,5.5128
020,car,noise,2,0,5.145
020,car,noise,3,1,2.7261
020,face,no_noise,1,1,1.8462
020,face,no_noise,2,1,5.359
020,face,no_noise,1,1,1.6486
020,face,no_noise,2,0,3.9607
020,face,no_noise,2,0,3.9156
020,face,no_noise,2,1,1.5115
020,face,no_noise,2,0,2.8429
020,face,no_noise,3,1,1.9726
020,face,no_noise,2,1,4.0092
020,face,no_noise,3,1,1.4457
020,face,no_noise,2,1,3.2958
020,face,no_noise,3,1,3.6113
020,face,no_noise,2,1,2.9147
020,face,no_noise,2,0,3.1458
020,face,no_noise,2,1,1.3221
020,face,no_noise,3,0,4.3952
020,face,no_noise,2,1,1.9435
020,face,no_noise,1,0,4.9653
020,face,no_noise,3,0,3.2441
020,face,no_noise,1,0,3.0304
020,face,no_noise,2,0,2.41
020,face,no_noise,2,1,2.7287
020,face,no_noise,2,1,2.2803
020,face,no_noise,3,0,3.1411
020,face,no_noise,3,1,3.2025
020,face,no_noise,2,0,2.2849
020,face,no_noise,2,1,1.4131
020,face,no_noise,3,0,5.2094
020,face,no_noise,3,0,4.4264
020,face,no_noise,1,0,5.3592
020,face,noise,2,1,3.1711
020,face,noise,2,0,2.9437
020,face,noise,2,0,2.2959
020,face,noise,1,1,2.9411
020,face,noise,3,1,1.7993
020,face,noise,1,1,2.9968
020,face,noise,2,1,2.5961
020,face,noise,3,0,1.6642
020,face,noise,2,1,3.4598
020,face,noise,2,1,1.978
020,face,noise,3,0,2.516
020,face,noise,2,1,3.1919
020,face,noise,1,1,4.0786
020,face,noise,2,1,1.9532
020,face,noise,1,1,4.7288
020,face,noise,2,1,4.0985
020,face,noise,3,1,2.0285
020,face,noise,1,1,4.9954
020,face,noise,3,1,1.8863
020,face,noise,2,0,1.327
020,face,noise,2,0,1.6782
020,face,noise,1,1,2.743
020,face,noise,3,0,2.6435
020,face,noise,2,0,2.3452
021,face,no_noise,2,0,4.4335
021,face,no_noise,3,0,3.3334
021,face,no_noise,1,1,5.0338
021,face,no_noise,1,0,17.6179
021,face,no_noise,1,0,3.5687
021,face,no_noise,3,0,2.9049
021,face,no_noise,2,0,3.9105
021,face,no_noise,3,1,2.7358
021,face,no_noise,1,0,2.0201
021,face,no_noise,3,1,4.7011
021,face,no_noise,2,1,1.901
021,face,no_noise,3,1,2.3559
021,face,no_noise,3,0,1.7353
021,face,no_noise,2,0,1.8367
021,face,no_noise,3,0,1.3695
021,face,no_noise,3,0,2.5186
021,face,no_noise,2,1,1.8158
021,face,no_noise,1,0,3.7508
021,face,no_noise,2,0,1.6352
021,face,no_noise,3,1,2.1685
021,face,no_noise,1,1,2.9696
021,face,no_noise,2,1,2.3205
021,face,no_noise,2,1,2.3361
021,face,no_noise,2,0,2.0892
021,face,no_noise,3,1,1.6018
021,face,no_noise,1,1,1.7685
021,face,no_noise,3,0,15.8837
021,face,no_noise,3,0,1.5685
021,face,no_noise,2,0,2.1177
021,face,no_noise,2,0,2.9106
021,face,noise,1,0,2.8697
021,face,noise,3,1,3.2026
021,face,noise,2,0,1.085
021,face,noise,1,1,1.7854
021,face,noise,3,1,1.9387
021,face,noise,1,1,2.0807
021,face,noise,2,1,1.504
021,face,noise,2,0,1.5843
021,face,noise,3,0,2.2199
021,face,noise,2,1,1.4357
021,face,noise,2,1,1.0522
021,face,noise,3,0,1.6847
021,face,noise,1,1,1.4019
021,face,noise,1,0,2.107
021,face,noise,1,1,2.2179
021,face,noise,1,0,2.152
021,face,noise,2,0,1.286
021,face,noise,3,0,3.0055
021,face,noise,3,1,2.8667
021,face,noise,2,0,0.9836
021,face,noise,1,1,1.968
021,face,noise,1,1,1.4182
021,face,noise,3,0,3.267
021,face,noise,2,0,2.1692
021,car,no_noise,2,1,4.7087
021,car,no_noise,2,0,3.0113
021,car,no_noise,3,0,2.2028
021,car,no_noise,2,0,1.0004
021,car,no_noise,2,1,3.2414
021,car,no_noise,1,1,1.884
021,car,no_noise,3,1,2.3958
021,car,no_noise,3,0,2.0984
021,car,no_noise,1,1,2.1004
021,car,no_noise,3,1,2.4782
021,car,no_noise,1,0,1.739
021,car,no_noise,1,0,1.1325
021,car,no_noise,2,1,2.0975
021,car,no_noise,1,0,1.4166
021,car,no_noise,2,0,2.2338
021,car,no_noise,3,0,1.9082
021,car,no_noise,2,0,4.2088
021,car,no_noise,2,0,1.3905
021,car,no_noise,3,0,2.1025
021,car,no_noise,3,0,1.523
021,car,no_noise,3,0,3.086
021,car,no_noise,1,1,2.2295
021,car,no_noise,3,1,1.9819
021,car,no_noise,2,1,2.2476
021,car,no_noise,2,1,1.6637
021,car,no_noise,2,0,1.1524
021,car,no_noise,3,0,1.4843
021,car,no_noise,2,1,1.1091
021,car,no_noise,3,0,1.3342
021,car,no_noise,2,0,2.0334
021,car,noise,2,1,3.5955
021,car,noise,3,1,1.1407
021,car,noise,3,1,1.3819
021,car,noise,2,0,2.0297
021,car,noise,2,1,1.5989
021,car,noise,2,1,1.4192
021,car,noise,3,0,1.2624
021,car,noise,1,1,1.3132
021,car,noise,1,0,0.8287
021,car,noise,1,1,2.9131
021,car,noise,1,1,1.6663
021,car,noise,1,0,1.5116
021,car,noise,2,1,1.9827
021,car,noise,1,0,1.2139
021,car,noise,3,1,1.8465
021,car,noise,2,1,2.1621
021,car,noise,1,0,1.7284
021,car,noise,2,1,1.0663
021,car,noise,3,0,2.006
021,car,noise,2,1,1.2965
021,car,noise,2,0,0.7759
021,car,noise,1,0,0.8663
021,car,noise,1,1,1.889
021,car,noise,2,0,1.1497
022,face,no_noise,1,1,6.3443
022,face,no_noise,3,0,3.9301
022,face,no_noise,1,1,3.3805
022,face,no_noise,2,0,5.6703
022,face,no_noise,2,0,3.6884
022,face,no_noise,2,1,2.6889
022,face,no_noise,1,1,3.0975
022,face,no_noise,3,1,3.4241
022,face,no_noise,1,0,3.6499
022,face,no_noise,3,1,2.197
022,face,no_noise,1,0,1.9086
022,face,no_noise,3,1,3.7208
022,face,no_noise,2,1,4.6306
022,face,no_noise,2,0,3.042
022,face,no_noise,1,0,2.6529
022,face,no_noise,3,0,3.5853
022,face,no_noise,2,1,2.7932
022,face,no_noise,2,1,3.9657
022,face,no_noise,2,0,3.4849
022,face,no_noise,3,1,2.4169
022,face,no_noise,3,0,3.6306
022,face,no_noise,3,0,2.1471
022,face,no_noise,2,1,5.1467
022,face,no_noise,2,0,4.3058
022,face,no_noise,3,1,3.742
022,face,no_noise,1,1,4.6979
022,face,no_noise,2,1,3.3142
022,face,no_noise,3,0,3.0311
022,face,no_noise,3,0,4.5404
022,face,no_noise,2,0,1.7322
022,face,noise,2,1,3.8872
022,face,noise,3,1,3.3526
022,face,noise,1,1,3.7129
022,face,noise,3,0,2.5347
022,face,noise,3,1,1.4699
022,face,noise,1,1,3.3732
022,face,noise,2,1,1.8683
022,face,noise,2,0,2.28
022,face,noise,1,0,2.7713
022,face,noise,2,1,1.6509
022,face,noise,1,0,2.438
022,face,noise,2,1,1.1866
022,face,noise,2,0,3.4232
022,face,noise,2,1,1.1299
022,face,noise,1,1,2.141
022,face,noise,2,1,1.8805
022,face,noise,3,1,3.3258
022,face,noise,1,1,2.2651
022,face,noise,1,0,1.8176
022,face,noise,2,0,2.6456
022,face,noise,1,1,2.8072
022,face,noise,1,1,1.6184
022,face,noise,1,1,2.1951
022,face,noise,2,0,1.7969
022,car,no_noise,3,0,4.0343
022,car,no_noise,2,0,1.4899
022,car,no_noise,1,1,1.941
022,car,no_noise,3,1,2.4203
022,car,no_noise,2,1,3.8049
022,car,no_noise,3,0,2.329
022,car,no_noise,1,0,1.3887
022,car,no_noise,1,1,3.9557
022,car,no_noise,1,1,1.8549
022,car,no_noise,2,0,2.5277
022,car,no_noise,3,1,2.3974
022,car,no_noise,1,0,2.3342
022,car,no_noise,2,1,1.9965
022,car,no_noise,1,0,2.5555
022,car,no_noise,3,1,4.0224
022,car,no_noise,2,1,4.021
022,car,no_noise,2,0,3.3006
022,car,no_noise,3,0,4.4046
022,car,no_noise,2,1,5.0656
022,car,no_noise,1,1,7.5884
022,car,no_noise,1,1,4.0914
022,car,no_noise,3,0,2.1554
022,car,no_noise,3,1,3.3304
022,car,no_noise,3,0,1.6454
022,car,no_noise,1,0,3.1554
022,car,no_noise,2,0,3.6653
022,car,no_noise,1,0,1.3709
022,car,no_noise,2,1,3.8743
022,car,no_noise,3,0,1.8391
022,car,no_noise,1,1,4.028
022,car,noise,1,0,3.6363
022,car,noise,1,0,3.3026
022,car,noise,3,1,1.7747
022,car,noise,1,1,2.9008
022,car,noise,2,1,1.0563
022,car,noise,2,1,1.3073
022,car,noise,1,1,2.9921
022,car,noise,1,1,1.6006
022,car,noise,1,0,2.7097
022,car,noise,2,0,2.3668
022,car,noise,2,0,2.0888
022,car,noise,1,0,1.0937
022,car,noise,2,1,2.1181
022,car,noise,1,0,1.4695
022,car,noise,3,1,2.5182
022,car,noise,2,1,2.9327
022,car,noise,2,1,2.9225
022,car,noise,1,0,3.2163
022,car,noise,1,0,1.567
022,car,noise,1,0,2.2677
022,car,noise,2,0,1.5166
022,car,noise,1,0,1.6217
022,car,noise,2,0,2.2564
022,car,noise,2,0,1.9839
024,car,no_noise,2,1,3.5951
024,car,no_noise,1,1,4.3408
024,car,no_noise,1,1,1.3732
024,car,no_noise,2,0,2.4336
024,car,no_noise,1,0,3.2932
024,car,no_noise,1,1,1.0978
024,car,no_noise,2,0,2.8393
024,car,no_noise,1,1,1.5237
024,car,no_noise,1,1,2.4146
024,car,no_noise,3,1,2.4667
024,car,no_noise,1,0,3.0395
024,car,no_noise,3,1,2.5168
024,car,no_noise,2,1,1.9488
024,car,no_noise,1,0,4.4184
024,car,no_noise,3,1,2.5344
024,car,no_noise,2,1,2.2563
024,car,no_noise,2,0,2.7502
024,car,no_noise,1,1,2.5203
024,car,no_noise,2,1,2.0234
024,car,no_noise,1,1,2.2553
024,car,no_noise,1,1,1.3801
024,car,no_noise,2,0,2.0224
024,car,no_noise,3,1,3.8327
024,car,no_noise,2,1,4.0413
024,car,no_noise,3,0,4.0478
024,car,no_noise,3,1,3.281
024,car,no_noise,2,1,1.9708
024,car,no_noise,3,0,2.8512
024,car,no_noise,2,0,1.3212
024,car,no_noise,1,1,1.6484
024,car,noise,1,0,1.3978
024,car,noise,3,1,2.6681
024,car,noise,3,1,1.9262
024,car,noise,1,1,2.2886
024,car,noise,2,1,1.4374
024,car,noise,2,1,3.0582
024,car,noise,1,1,1.4571
024,car,noise,1,1,1.0413
024,car,noise,1,0,3.8177
024,car,noise,1,1,2.7803
024,car,noise,1,1,3.5355
024,car,noise,3,1,2.9046
024,car,noise,2,1,3.7521
024,car,noise,1,0,1.7799
024,car,noise,3,1,6.5435
024,car,noise,2,1,4.655
024,car,noise,2,1,2.4142
024,car,noise,2,1,4.0932
024,car,noise,2,1,2.6483
024,car,noise,2,1,2.1619
024,car,noise,3,1,2.0997
024,car,noise,2,0,1.9785
024,car,noise,1,1,2.4472
024,car,noise,3,1,2.3943
024,face,no_noise,1,1,6.7392
024,face,no_noise,2,1,4.4116
024,face,no_noise,1,1,1.9483
024,face,no_noise,3,1,2.6292
024,face,no_noise,3,1,1.6614
024,face,no_noise,3,0,1.4899
024,face,no_noise,1,1,2.2256
024,face,no_noise,3,1,2.3606
024,face,no_noise,2,1,2.8129
024,face,no_noise,3,1,1.8604
024,face,no_noise,2,1,1.6493
024,face,no_noise,3,1,1.7634
024,face,no_noise,3,0,3.7456
024,face,no_noise,2,0,3.5453
024,face,no_noise,2,1,1.6304
024,face,no_noise,2,1,2.0295
024,face,no_noise,2,1,1.8276
024,face,no_noise,2,1,2.8185
024,face,no_noise,1,1,2.9818
024,face,no_noise,3,1,1.7973
024,face,no_noise,2,0,2.2337
024,face,no_noise,2,1,1.6792
024,face,no_noise,3,0,1.1949
024,face,no_noise,1,1,2.3306
024,face,no_noise,1,0,2.9858
024,face,no_noise,1,1,1.5955
024,face,no_noise,2,1,1.4494
024,face,no_noise,1,1,2.5283
024,face,no_noise,1,1,1.3179
024,face,no_noise,3,1,2.4153
024,face,noise,2,1,4.6158
024,face,noise,2,0,1.2197
024,face,noise,1,1,2.3186
024,face,noise,3,0,2.3674
024,face,noise,3,1,2.1685
024,face,noise,1,1,1.6496
024,face,noise,3,0,1.4067
024,face,noise,1,1,1.818
024,face,noise,1,0,2.5867
024,face,noise,2,1,1.5175
024,face,noise,1,0,3.5354
024,face,noise,2,1,3.0174
024,face,noise,1,1,1.6889
024,face,noise,2,1,2.588
024,face,noise,1,1,2.8932
024,face,noise,2,1,1.5848
024,face,noise,3,1,1.6991
024,face,noise,3,0,2.6101
024,face,noise,3,1,1.2379
024,face,noise,2,0,1.5926
024,face,noise,1,1,2.6235
024,face,noise,1,1,1.4022
024,face,noise,1,1,2.7554
024,face,noise,1,0,1.8843
025,face,no_noise,1,1,1.5803
025,face,no_noise,2,1,1.3274
025,face,no_noise,1,1,1.7815
025,face,no_noise,3,1,1.703
025,face,no_noise,3,1,2.1449
025,face,no_noise,2,1,1.3354
025,face,no_noise,1,1,2.6747
025,face,no_noise,3,1,1.6977
025,face,no_noise,2,1,1.3431
025,face,no_noise,3,1,1.2848
025,face,no_noise,2,1,0.9876
025,face,no_noise,3,1,1.4124
025,face,no_noise,2,1,1.9308
025,face,no_noise,1,1,1.5026
025,face,no_noise,1,0,1.6979
025,face,no_noise,3,0,1.5815
025,face,no_noise,2,1,1.6456
025,face,no_noise,2,1,1.4984
025,face,no_noise,1,1,1.2826
025,face,no_noise,3,1,1.3794
025,face,no_noise,1,1,1.5035
025,face,no_noise,2,1,1.2011
025,face,no_noise,2,1,1.9273
025,face,no_noise,1,1,1.5432
025,face,no_noise,3,1,1.4499
025,face,no_noise,1,1,1.9614
025,face,no_noise,2,1,2.0268
025,face,no_noise,1,1,1.4136
025,face,no_noise,1,1,0.8671
025,face,no_noise,3,1,1.461
025,face,noise,2,1,2.7945
025,face,noise,3,1,1.5436
025,face,noise,1,1,1.6765
025,face,noise,1,1,1.4094
025,face,noise,3,1,1.725
025,face,noise,1,1,1.4799
025,face,noise,2,1,1.6518
025,face,noise,1,1,1.4525
025,face,noise,1,0,2.3413
025,face,noise,2,1,1.9494
025,face,noise,2,1,1.7254
025,face,noise,2,1,0.8627
025,face,noise,1,1,1.4746
025,face,noise,2,1,1.8616
025,face,noise,1,1,2.1092
025,face,noise,2,1,1.8096
025,face,noise,3,1,1.5242
025,face,noise,1,1,1.8281
025,face,noise,3,1,1.8997
025,face,noise,1,1,1.5667
025,face,noise,1,1,2.5442
025,face,noise,1,1,2.4832
025,face,noise,1,1,2.2585
025,face,noise,3,1,1.974
025,car,no_noise,2,1,1.4011
025,car,no_noise,1,1,2.6176
025,car,no_noise,3,0,2.0374
025,car,no_noise,3,1,2.3728
025,car,no_noise,2,1,1.8711
025,car,no_noise,3,0,1.6337
025,car,no_noise,1,0,2.487
025,car,no_noise,1,1,1.4736
025,car,no_noise,1,1,1.7997
025,car,no_noise,3,1,2.2471
025,car,no_noise,3,1,1.1239
025,car,no_noise,3,1,1.9328
025,car,no_noise,2,1,1.2182
025,car,no_noise,2,1,1.8666
025,car,no_noise,3,1,1.5153
025,car,no_noise,3,0,1.8073
025,car,no_noise,1,1,1.7828
025,car,no_noise,3,0,2.0715
025,car,no_noise,3,0,1.8988
025,car,no_noise,1,1,1.8061
025,car,no_noise,3,0,2.2155
025,car,no_noise,2,0,1.5591
025,car,no_noise,3,1,2.6137
025,car,no_noise,2,1,2.7861
025,car,no_noise,2,1,1.4216
025,car,no_noise,2,0,1.8612
025,car,no_noise,2,1,1.8825
025,car,no_noise,3,0,2.45
025,car,no_noise,2,0,1.7392
025,car,no_noise,2,0,2.2138
025,car,noise,2,1,1.6697
025,car,noise,1,0,2.3178
025,car,noise,3,1,1.9002
025,car,noise,1,1,1.8771
025,car,noise,2,1,0.966
025,car,noise,3,0,2.3984
025,car,noise,1,1,1.5044
025,car,noise,1,1,1.0169
025,car,noise,2,1,2.608
025,car,noise,3,0,2.126
025,car,noise,1,1,1.7438
025,car,noise,2,0,1.6298
025,car,noise,2,1,1.9911
025,car,noise,3,1,1.8849
025,car,noise,1,0,2.4309
025,car,noise,2,1,1.7327
025,car,noise,2,1,2.4593
025,car,noise,2,1,2.6075
025,car,noise,1,0,2.2777
025,car,noise,2,1,1.5647
025,car,noise,1,0,1.978
025,car,noise,3,1,2.2798
025,car,noise,1,1,2.5987
025,car,noise,3,1,1.8363
026,face,no_noise,1,1,5.338
026,face,no_noise,2,1,3.5086
026,face,no_noise,1,1,3.7087
026,face,no_noise,2,0,6.1758
026,face,no_noise,2,0,3.5037
026,face,no_noise,2,1,2.032
026,face,no_noise,1,1,3.4651
026,face,no_noise,3,1,3.0644
026,face,no_noise,2,1,2.6491
026,face,no_noise,3,1,2.9256
026,face,no_noise,2,1,4.2838
026,face,no_noise,3,1,5.9158
026,face,no_noise,2,1,2.2065
026,face,no_noise,2,0,4.1194
026,face,no_noise,2,1,3.7843
026,face,no_noise,2,1,3.6804
026,face,no_noise,3,0,2.6573
026,face,no_noise,1,0,3.321
026,face,no_noise,3,0,4.5195
026,face,no_noise,3,1,1.7072
026,face,no_noise,2,0,2.0262
026,face,no_noise,2,1,1.3553
026,face,no_noise,2,1,2.1778
026,face,no_noise,1,1,4.7668
026,face,no_noise,2,0,6.2585
026,face,no_noise,1,1,2.5716
026,face,no_noise,2,1,1.8314
026,face,no_noise,3,0,3.2554
026,face,no_noise,1,1,2.5255
026,face,no_noise,3,1,2.5466
026,face,noise,2,1,4.5948
026,face,noise,1,0,5.8616
026,face,noise,1,1,4.182
026,face,noise,1,1,1.4805
026,face,noise,3,1,2.5132
026,face,noise,1,1,3.937
026,face,noise,2,1,3.9082
026,face,noise,1,1,3.2687
026,face,noise,1,0,4.6271
026,face,noise,2,1,1.9125
026,face,noise,1,0,2.5125
026,face,noise,1,0,5.3555
026,face,noise,1,1,3.4103
026,face,noise,2,1,2.0573
026,face,noise,1,1,2.3571
026,face,noise,3,0,3.2594
026,face,noise,2,0,3.5133
026,face,noise,1,1,2.6758
026,face,noise,3,1,2.9423
026,face,noise,2,0,9.1476
026,face,noise,3,0,2.1499
026,face,noise,1,1,1.4677
026,face,noise,2,0,3.251
026,face,noise,3,1,2.8996
026,car,no_noise,2,1,3.5287
026,car,no_noise,1,1,3.106
026,car,no_noise,1,1,4.5994
026,car,no_noise,1,0,5.8313
026,car,no_noise,2,1,2.4682
026,car,no_noise,3,0,1.6519
026,car,no_noise,1,0,3.2217
026,car,no_noise,1,1,3.5373
026,car,no_noise,1,1,3.994
026,car,no_noise,3,1,6.5935
026,car,no_noise,1,0,3.6064
026,car,no_noise,3,1,3.6503
026,car,no_noise,3,0,5.3895
026,car,no_noise,1,0,3.0955
026,car,no_noise,2,0,5.2716
026,car,no_noise,2,1,5.5449
026,car,no_noise,1,1,3.0621
026,car,no_noise,2,0,3.4465
026,car,no_noise,2,1,2.7513
026,car,no_noise,1,1,5.1782
026,car,no_noise,3,0,3.4764
026,car,no_noise,1,1,3.3707
026,car,no_noise,1,0,4.3974
026,car,no_noise,3,0,2.7407
026,car,no_noise,1,0,5.7642
026,car,no_noise,3,1,2.9519
026,car,no_noise,2,1,4.7226
026,car,no_noise,2,1,1.8684
026,car,no_noise,3,0,3.4293
026,car,no_noise,1,1,1.8697
026,car,noise,2,1,5.7728
026,car,noise,2,0,2.5495
026,car,noise,3,1,4.5348
026,car,noise,1,1,1.9373
026,car,noise,2,1,3.3087
026,car,noise,2,1,2.7261
026,car,noise,1,1,2.0092
026,car,noise,1,1,1.5193
026,car,noise,2,1,4.7041
026,car,noise,1,1,4.3501
026,car,noise,2,0,5.7288
026,car,noise,3,1,5.3516
026,car,noise,2,1,3.6295
026,car,noise,1,0,2.9442
026,car,noise,3,1,2.6565
026,car,noise,3,0,3.3222
026,car,noise,2,1,4.1675
026,car,noise,2,1,3.041
026,car,noise,3,0,3.8339
026,car,noise,2,1,4.1496
026,car,noise,1,0,4.2531
026,car,noise,3,1,5.5762
026,car,noise,3,0,2.4286
026,car,noise,3,1,2.98
027,face,no_noise,1,1,3.8956
027,face,no_noise,2,1,2.7374
027,face,no_noise,1,1,1.557
027,face,no_noise,3,1,1.8481
027,face,no_noise,2,0,3.956
027,face,no_noise,3,0,6.9953
027,face,no_noise,1,1,2.424
027,face,no_noise,3,1,1.6282
027,face,no_noise,2,1,4.1911
027,face,no_noise,3,1,2.425
027,face,no_noise,2,1,3.388
027,face,no_noise,3,1,4.2206
027,face,no_noise,2,1,4.3404
027,face,no_noise,1,1,2.4741
027,face,no_noise,2,1,3.5894
027,face,no_noise,2,1,3.4758
027,face,no_noise,2,1,9.9143
027,face,no_noise,3,0,4.076
027,face,no_noise,3,0,3.8008
027,face,no_noise,3,1,4.0794
027,face,no_noise,2,0,2.991
027,face,no_noise,2,1,9.4134
027,face,no_noise,2,1,5.4693
027,face,no_noise,1,1,3.5552
027,face,no_noise,1,0,5.1227
027,face,no_noise,1,1,3.5917
027,face,no_noise,2,1,3.3549
027,face,no_noise,1,1,6.8205
027,face,no_noise,1,1,4.3048
027,face,no_noise,3,1,4.0864
027,face,noise,1,0,6.0822
027,face,noise,3,1,2.8847
027,face,noise,2,0,2.8342
027,face,noise,1,1,3.4355
027,face,noise,2,0,3.9995
027,face,noise,1,1,1.6357
027,face,noise,3,0,3.4518
027,face,noise,2,0,6.2983
027,face,noise,2,1,7.1362
027,face,noise,2,1,1.6428
027,face,noise,3,0,2.5061
027,face,noise,1,0,4.85
027,face,noise,3,0,4.8326
027,face,noise,2,1,1.0908
027,face,noise,1,1,2.7292
027,face,noise,3,0,1.7749
027,face,noise,3,1,1.6084
027,face,noise,3,0,4.32
027,face,noise,3,1,1.5882
027,face,noise,2,0,8.2038
027,face,noise,1,1,6.9548
027,face,noise,1,1,6.4625
027,face,noise,2,0,3.4024
027,face,noise,3,1,2.299
027,car,no_noise,3,0,5.7685
027,car,no_noise,1,1,3.3597
027,car,no_noise,2,0,2.6708
027,car,no_noise,1,0,7.292
027,car,no_noise,2,1,3.4913
027,car,no_noise,3,0,4.5954
027,car,no_noise,3,1,4.247
027,car,no_noise,1,1,3.7435
027,car,no_noise,3,0,16.9796
027,car,no_noise,3,1,3.0871
027,car,no_noise,3,1,4.0347
027,car,no_noise,2,0,7.0039
027,car,no_noise,3,0,3.8805
027,car,no_noise,1,0,6.1944
027,car,no_noise,2,0,4.9424
027,car,no_noise,2,1,8.2316
027,car,no_noise,2,0,3.4516
027,car,no_noise,2,0,6.6767
027,car,no_noise,2,1,3.9171
027,car,no_noise,3,0,2.4172
027,car,no_noise,2,0,4.1631
027,car,no_noise,1,1,9.6414
027,car,no_noise,1,0,2.0486
027,car,no_noise,2,1,2.7452
027,car,no_noise,3,0,2.0629
027,car,no_noise,3,1,4.5157
027,car,no_noise,2,1,2.9575
027,car,no_noise,2,1,15.0501
027,car,no_noise,3,0,1.8526
027,car,no_noise,2,0,2.3386
027,car,noise,2,1,5.1228
027,car,noise,3,1,1.9169
027,car,noise,2,0,4.3884
027,car,noise,2,0,2.6918
027,car,noise,2,1,1.6928
027,car,noise,2,1,2.9374
027,car,noise,3,0,3.2783
027,car,noise,1,1,1.4629
027,car,noise,2,1,2.1704
027,car,noise,1,1,2.2829
027,car,noise,2,0,2.4795
027,car,noise,3,1,3.0896
027,car,noise,2,1,5.4527
027,car,noise,1,0,0.9651
027,car,noise,3,1,2.3528
027,car,noise,2,1,2.1241
027,car,noise,3,0,2.3135
027,car,noise,2,1,1.8821
027,car,noise,1,0,1.4228
027,car,noise,2,1,2.542
027,car,noise,2,0,1.5446
027,car,noise,1,0,1.8409
027,car,noise,1,1,1.5863
027,car,noise,2,0,5.6444
028,face,no_noise,2,0,11.4465
028,face,no_noise,2,1,5.8003
028,face,no_noise,1,1,3.3343
028,face,no_noise,3,1,5.3412
028,face,no_noise,1,0,6.5308
028,face,no_noise,2,1,5.9835
028,face,no_noise,1,1,7.7944
028,face,no_noise,3,1,3.8465
028,face,no_noise,2,1,3.6871
028,face,no_noise,2,0,4.1606
028,face,no_noise,2,1,2.6668
028,face,no_noise,3,1,5.6916
028,face,no_noise,3,0,1.9183
028,face,no_noise,1,1,2.7217
028,face,no_noise,2,1,4.0382
028,face,no_noise,3,0,2.696
028,face,no_noise,2,1,4.7821
028,face,no_noise,1,0,6.3984
028,face,no_noise,3,0,4.6375
028,face,no_noise,2,0,5.3837
028,face,no_noise,2,0,4.4305
028,face,no_noise,2,1,3.6982
028,face,no_noise,2,1,2.4941
028,face,no_noise,3,0,3.5496
028,face,no_noise,3,1,1.5213
028,face,no_noise,3,0,5.7083
028,face,no_noise,2,1,2.8551
028,face,no_noise,2,0,8.3171
028,face,no_noise,1,1,6.2796
028,face,no_noise,2,0,5.1297
028,face,noise,2,1,11.5168
028,face,noise,3,1,3.15
028,face,noise,3,0,3.4887
028,face,noise,3,0,3.2082
028,face,noise,2,0,4.5723
028,face,noise,1,1,5.3734
028,face,noise,1,0,3.4173
028,face,noise,2,0,3.6232
028,face,noise,1,0,4.7505
028,face,noise,2,1,3.7796
028,face,noise,2,1,5.208
028,face,noise,1,0,4.8609
028,face,noise,3,0,2.6916
028,face,noise,2,1,3.5748
028,face,noise,1,1,4.7214
028,face,noise,3,0,2.9565
028,face,noise,3,1,5.9321
028,face,noise,3,0,8.2994
028,face,noise,2,0,5.8363
028,face,noise,2,0,3.3342
028,face,noise,2,0,2.2758
028,face,noise,1,1,4.9745
028,face,noise,2,0,3.9788
028,face,noise,2,0,9.7692
028,car,no_noise,3,0,11.4635
028,car,no_noise,1,1,9.2267
028,car,no_noise,1,1,7.7938
028,car,no_noise,2,0,6.6745
028,car,no_noise,1,0,5.5406
028,car,no_noise,3,0,2.938
028,car,no_noise,3,1,5.7958
028,car,no_noise,2,0,5.0755
028,car,no_noise,1,1,3.7023
028,car,no_noise,1,0,6.0688
028,car,no_noise,1,0,8.0155
028,car,no_noise,3,1,3.9378
028,car,no_noise,3,0,5.0578
028,car,no_noise,2,1,7.2804
028,car,no_noise,3,1,5.2812
028,car,no_noise,3,0,5.8702
028,car,no_noise,1,1,6.4635
028,car,no_noise,1,1,5.4322
028,car,no_noise,3,0,3.5452
028,car,no_noise,1,1,9.3695
028,car,no_noise,3,0,5.8194
028,car,no_noise,1,1,4.417
028,car,no_noise,3,1,6.3611
028,car,no_noise,2,1,8.051
028,car,no_noise,2,1,7.0775
028,car,no_noise,1,0,10.8049
028,car,no_noise,1,0,2.9681
028,car,no_noise,2,1,3.5862
028,car,no_noise,3,0,6.8604
028,car,no_noise,1,1,6.6097
028,car,noise,2,1,9.456
028,car,noise,1,0,3.7299
028,car,noise,3,1,5.1746
028,car,noise,1,1,4.0343
028,car,noise,3,0,2.6094
028,car,noise,1,0,2.7798
028,car,noise,3,0,3.7308
028,car,noise,3,0,4.636
028,car,noise,3,0,2.1189
028,car,noise,3,0,1.4123000000000001
028,car,noise,2,0,3.3289
028,car,noise,3,1,2.6938
028,car,noise,1,0,3.2476
028,car,noise,2,0,3.8227
028,car,noise,3,1,2.7387
028,car,noise,3,0,1.4106
028,car,noise,1,0,2.7896
028,car,noise,2,1,1.6501
028,car,noise,2,1,1.1668
028,car,noise,2,1,2.1971
028,car,noise,3,1,2.4069
028,car,noise,1,0,3.179
028,car,noise,3,0,3.868
028,car,noise,2,0,2.4567
029,face,no_noise,1,1,6.1536
029,face,no_noise,2,1,4.4759
029,face,no_noise,1,1,5.5905
029,face,no_noise,3,1,3.4735
029,face,no_noise,2,0,4.4035
029,face,no_noise,3,0,4.0112
029,face,no_noise,1,1,4.7146
029,face,no_noise,3,1,2.8994
029,face,no_noise,1,0,4.4346
029,face,no_noise,3,1,5.067
029,face,no_noise,2,1,4.3726
029,face,no_noise,3,1,3.3994
029,face,no_noise,3,0,4.5347
029,face,no_noise,1,1,3.323
029,face,no_noise,2,1,2.2512
029,face,no_noise,2,1,3.2063
029,face,no_noise,3,0,2.4169
029,face,no_noise,2,1,7.2858
029,face,no_noise,1,1,1.9988
029,face,no_noise,3,1,3.9678
029,face,no_noise,3,0,3.6303
029,face,no_noise,2,1,2.6491
029,face,no_noise,3,0,3.5372
029,face,no_noise,3,0,6.255
029,face,no_noise,3,1,3.3205
029,face,no_noise,2,0,4.07
029,face,no_noise,1,0,4.6969
029,face,no_noise,1,1,2.9125
029,face,no_noise,1,1,2.7964
029,face,no_noise,2,0,3.6569
029,face,noise,2,1,5.0842
029,face,noise,2,0,4.3812
029,face,noise,1,1,4.9287
029,face,noise,3,0,2.6615
029,face,noise,1,0,5.5621
029,face,noise,1,1,2.6024
029,face,noise,3,0,4.8965
029,face,noise,2,0,3.5709
029,face,noise,2,1,4.6015
029,face,noise,2,1,2.588
029,face,noise,3,0,4.0008
029,face,noise,1,0,2.6562
029,face,noise,2,0,4.448
029,face,noise,3,0,7.8461
029,face,noise,1,1,2.1458
029,face,noise,1,0,3.2456
029,face,noise,2,0,3.5681
029,face,noise,2,0,3.7009
029,face,noise,3,1,3.2124
029,face,noise,1,1,2.1288
029,face,noise,2,0,0.4778
029,face,noise,1,1,4.7799
029,face,noise,3,0,2.5915
029,face,noise,3,1,7.2001
029,car,no_noise,2,1,6.8034
029,car,no_noise,1,1,3.781
029,car,no_noise,3,0,7.2753
029,car,no_noise,3,1,6.8724
029,car,no_noise,1,0,7.2524
029,car,no_noise,1,1,9.0457
029,car,no_noise,3,1,7.2898
029,car,no_noise,1,1,4.3216
029,car,no_noise,3,0,6.7489
029,car,no_noise,1,0,10.3068
029,car,no_noise,3,1,4.34
029,car,no_noise,3,1,3.4764
029,car,no_noise,2,1,7.5346
029,car,no_noise,2,1,3.5353
029,car,no_noise,3,1,7.8412
029,car,no_noise,3,0,6.8017
029,car,no_noise,3,0,4.1417
029,car,no_noise,2,0,4.4157
029,car,no_noise,2,1,3.0283
029,car,no_noise,1,1,5.8583
029,car,no_noise,3,0,2.7092
029,car,no_noise,1,1,5.5489
029,car,no_noise,2,0,5.3226
029,car,no_noise,2,1,7.3791
029,car,no_noise,2,1,4.1329
029,car,no_noise,2,0,3.8585
029,car,no_noise,2,1,7.9251
029,car,no_noise,2,1,7.8234
029,car,no_noise,3,0,2.9753
029,car,no_noise,1,1,4.6056
029,car,noise,2,1,4.4215
029,car,noise,3,1,6.1104
029,car,noise,3,1,5.9523
029,car,noise,1,1,4.9717
029,car,noise,2,1,4.2959
029,car,noise,2,1,5.2031
029,car,noise,1,1,2.7588
029,car,noise,1,1,4.264
029,car,noise,2,1,3.9445
029,car,noise,1,1,3.4454
029,car,noise,1,1,5.9041
029,car,noise,3,1,3.7584
029,car,noise,2,1,2.5821
029,car,noise,3,1,8.3151
029,car,noise,3,1,6.6698
029,car,noise,2,1,2.9418
029,car,noise,2,1,1.9743
029,car,noise,2,1,3.6888
029,car,noise,2,1,3.7713
029,car,noise,2,1,4.1892
029,car,noise,1,0,4.0743
029,car,noise,3,1,3.1721
029,car,noise,1,1,6.0236
029,car,noise,3,1,4.9404
030,car,no_noise,2,1,3.4325
030,car,no_noise,2,0,3.5784
030,car,no_noise,3,0,4.7323
030,car,no_noise,2,0,2.0941
030,car,no_noise,1,0,1.3772
030,car,no_noise,3,0,3.8239
030,car,no_noise,1,0,3.5732
030,car,no_noise,1,1,2.4734
030,car,no_noise,1,1,2.7234
030,car,no_noise,1,0,3.1505
030,car,no_noise,3,1,2.1772
030,car,no_noise,3,1,2.2541
030,car,no_noise,2,1,2.1453
030,car,no_noise,1,0,1.3586
030,car,no_noise,3,1,3.5229
030,car,no_noise,3,0,1.8488
030,car,no_noise,2,0,2.9726
030,car,no_noise,2,0,3.6441
030,car,no_noise,2,1,2.3195
030,car,no_noise,1,1,2.8342
030,car,no_noise,2,0,2.2777
030,car,no_noise,1,1,2.2369
030,car,no_noise,3,1,2.4603
030,car,no_noise,1,0,0.9028
030,car,no_noise,1,0,1.4678
030,car,no_noise,2,0,1.917
030,car,no_noise,2,1,2.489
030,car,no_noise,1,0,2.6947
030,car,no_noise,3,0,2.5725
030,car,no_noise,2,0,1.8334
030,car,noise,2,1,2.0343
030,car,noise,3,1,1.5658
030,car,noise,2,0,2.9807
030,car,noise,2,0,2.1397
030,car,noise,3,0,1.6175
030,car,noise,1,0,1.8893
030,car,noise,3,0,2.3016
030,car,noise,1,1,1.2353
030,car,noise,2,1,1.8903
030,car,noise,1,1,1.5074
030,car,noise,2,0,1.9876
030,car,noise,1,0,0.8707
030,car,noise,2,1,3.4429
030,car,noise,3,1,2.6167
030,car,noise,3,1,2.32
030,car,noise,2,1,1.9823
030,car,noise,3,0,1.8142
030,car,noise,2,1,1.4833
030,car,noise,3,0,2.8882
030,car,noise,2,1,2.8375
030,car,noise,3,1,1.7999
030,car,noise,1,0,2.8259
030,car,noise,2,0,1.8179
030,car,noise,2,0,2.4141
030,face,no_noise,1,1,5.0948
030,face,no_noise,2,1,2.6547
030,face,no_noise,1,1,1.2983
030,face,no_noise,3,1,1.8406
030,face,no_noise,3,1,2.0206
030,face,no_noise,3,0,2.9585
030,face,no_noise,1,1,2.9702
030,face,no_noise,2,0,1.0462
030,face,no_noise,2,1,0.8883
030,face,no_noise,3,1,1.9481
030,face,no_noise,2,1,1.1663
030,face,no_noise,2,0,1.2324
030,face,no_noise,3,0,1.9839
030,face,no_noise,1,1,1.7835
030,face,no_noise,2,1,0.8128
030,face,no_noise,2,1,2.2871
030,face,no_noise,2,1,1.5295
030,face,no_noise,2,1,0.9046
030,face,no_noise,3,0,1.7052
030,face,no_noise,3,1,1.8361
030,face,no_noise,2,0,2.035
030,face,no_noise,2,1,2.1196
030,face,no_noise,2,1,1.4856
030,face,no_noise,1,1,2.0717
030,face,no_noise,2,0,3.0892
030,face,no_noise,3,0,1.7582
030,face,no_noise,2,1,2.2026
030,face,no_noise,2,0,0.7597
030,face,no_noise,3,0,1.4038
030,face,no_noise,3,1,2.2213
030,face,noise,2,1,2.1811
030,face,noise,1,0,1.5609
030,face,noise,3,0,1.5141
030,face,noise,1,1,2.4017
030,face,noise,2,0,1.8183
030,face,noise,1,1,2.1722
030,face,noise,2,1,1.6272
030,face,noise,2,0,2.3006
030,face,noise,2,1,2.4674
030,face,noise,2,1,0.9169
030,face,noise,1,0,1.4231
030,face,noise,2,1,1.6865
030,face,noise,3,0,2.0822
030,face,noise,2,1,1.0897
030,face,noise,1,1,1.6567
030,face,noise,2,1,1.3322
030,face,noise,2,0,1.0988
030,face,noise,3,0,1.215
030,face,noise,3,1,2.16
030,face,noise,2,0,1.7698
030,face,noise,2,0,1.1037
030,face,noise,3,0,1.9862
030,face,noise,3,0,1.1167
030,face,noise,3,1,2.1525
031,face,no_noise,1,1,3.1517
031,face,no_noise,2,1,3.1724
031,face,no_noise,1,1,2.8129
031,face,no_noise,3,1,4.1112
031,face,no_noise,3,1,3.1451
031,face,no_noise,3,0,3.6784
031,face,no_noise,1,1,1.2486
031,face,no_noise,3,1,2.9994
031,face,no_noise,2,1,2.1998
031,face,no_noise,2,0,2.3784
031,face,no_noise,2,1,3.4803
031,face,no_noise,3,1,3.5823
031,face,no_noise,3,0,2.8492
031,face,no_noise,2,0,2.4618
031,face,no_noise,2,1,4.7451
031,face,no_noise,2,1,4.5785
031,face,no_noise,2,1,3.4793
031,face,no_noise,1,0,1.6618
031,face,no_noise,3,0,3.4296
031,face,no_noise,1,0,5.3631
031,face,no_noise,3,0,3.3448
031,face,no_noise,2,1,4.5975
031,face,no_noise,2,1,2.0125
031,face,no_noise,1,1,3.6812
031,face,no_noise,1,0,5.045
031,face,no_noise,1,1,3.4784
031,face,no_noise,2,1,3.9651
031,face,no_noise,1,1,2.7162
031,face,no_noise,2,0,2.1998
031,face,no_noise,2,0,5.2273
031,face,noise,2,1,4.2056
031,face,noise,2,0,2.5277
031,face,noise,1,1,1.7991
031,face,noise,3,0,2.961
031,face,noise,2,0,1.1736
031,face,noise,2,0,3.032
031,face,noise,2,1,2.728
031,face,noise,2,0,1.0434
031,face,noise,2,1,1.0965
031,face,noise,2,1,1.2947
031,face,noise,3,0,2.1609
031,face,noise,3,0,3.2098
031,face,noise,2,0,2.8483
031,face,noise,1,0,2.4285
031,face,noise,3,0,2.4949
031,face,noise,2,1,1.9284
031,face,noise,2,0,1.0683
031,face,noise,2,0,1.0274
031,face,noise,2,0,2.276
031,face,noise,1,1,0.9786
031,face,noise,1,1,3.3292
031,face,noise,1,1,1.127
031,face,noise,2,0,2.3073
031,face,noise,2,0,2.8779
031,car,no_noise,3,0,2.9601
031,car,no_noise,1,1,5.7367
031,car,no_noise,3,0,1.8253
031,car,no_noise,1,0,3.4029
031,car,no_noise,2,1,3.6416
031,car,no_noise,1,1,4.2863
031,car,no_noise,3,1,3.9372
031,car,no_noise,1,1,2.8363
031,car,no_noise,1,1,3.12
031,car,no_noise,3,1,5.3486
031,car,no_noise,3,1,7.8197
031,car,no_noise,3,1,3.4879
031,car,no_noise,3,0,3.9646
031,car,no_noise,2,1,7.5536
031,car,no_noise,3,1,6.6366
031,car,no_noise,2,1,4.0699
031,car,no_noise,3,0,10.5075
031,car,no_noise,1,1,4.7703
031,car,no_noise,2,1,3.5546
031,car,no_noise,3,0,2.1329
031,car,no_noise,1,1,3.4696
031,car,no_noise,1,1,1.5867
031,car,no_noise,3,1,2.0197
031,car,no_noise,2,1,4.0373
031,car,no_noise,3,0,3.4492
031,car,no_noise,3,1,4.7855
031,car,no_noise,3,0,6.4706
031,car,no_noise,1,0,1.7371
031,car,no_noise,1,1,5.8155
031,car,no_noise,1,1,3.8889
031,car,noise,2,1,2.3608
031,car,noise,3,1,2.9622
031,car,noise,2,0,2.5141
031,car,noise,1,1,3.5795
031,car,noise,2,1,2.3641
031,car,noise,2,1,2.6152
031,car,noise,1,1,1.7669
031,car,noise,1,1,2.5701
031,car,noise,2,1,1.895
031,car,noise,1,1,2.498
031,car,noise,1,1,4.499
031,car,noise,3,1,2.1282
031,car,noise,2,1,3.4484
031,car,noise,3,1,4.9718
031,car,noise,2,0,3.6155
031,car,noise,2,1,4.0633
031,car,noise,3,0,2.6953
031,car,noise,2,1,1.7999
031,car,noise,2,1,1.8502
031,car,noise,2,1,2.5927
031,car,noise,3,1,1.8317
031,car,noise,2,0,2.5335
031,car,noise,1,1,1.7847
031,car,noise,3,1,1.7149
033,face,no_noise,1,1,2.342
033,face,no_noise,2,1,1.1774
033,face,no_noise,1,1,1.7099
033,face,no_noise,2,0,2.221
033,face,no_noise,1,0,1.4176
033,face,no_noise,3,0,1.2128
033,face,no_noise,3,0,1.415
033,face,no_noise,1,0,1.3893
033,face,no_noise,1,0,1.5993
033,face,no_noise,3,1,1.5355
033,face,no_noise,1,0,1.2632
033,face,no_noise,2,0,1.2588
033,face,no_noise,3,0,1.4761
033,face,no_noise,1,1,1.8211
033,face,no_noise,3,0,1.2029
033,face,no_noise,3,0,1.3703
033,face,no_noise,3,0,1.306
033,face,no_noise,1,0,1.7781
033,face,no_noise,3,0,1.3258
033,face,no_noise,3,1,1.3652
033,face,no_noise,1,1,1.6519
033,face,no_noise,3,0,1.4702
033,face,no_noise,2,1,1.4696
033,face,no_noise,3,0,1.5452
033,face,no_noise,3,1,1.2185
033,face,no_noise,1,1,0.8924
033,face,no_noise,1,0,1.1149
033,face,no_noise,1,1,1.7051
033,face,no_noise,1,1,1.8055
033,face,no_noise,1,0,1.2441
033,face,noise,1,0,2.3523
033,face,noise,2,0,1.3276
033,face,noise,3,0,1.4958
033,face,noise,2,0,1.4922
033,face,noise,1,0,1.3047
033,face,noise,1,1,1.371
033,face,noise,3,0,1.3697
033,face,noise,3,0,1.3148
033,face,noise,3,0,1.251
033,face,noise,1,0,1.3553
033,face,noise,1,0,1.1076
033,face,noise,1,0,1.0697
033,face,noise,1,1,0.6924
033,face,noise,1,0,0.6447
033,face,noise,1,1,0.7436
033,face,noise,1,0,0.7102
033,face,noise,2,0,1.0718
033,face,noise,2,0,1.177
033,face,noise,1,0,1.3286
033,face,noise,1,1,0.8292
033,face,noise,1,1,0.8293
033,face,noise,1,1,0.6044
033,face,noise,3,0,1.003
033,face,noise,3,1,1.0088
033,car,no_noise,2,1,2.8724
033,car,no_noise,1,1,1.8762
033,car,no_noise,2,0,1.6332
033,car,no_noise,2,0,1.3407
033,car,no_noise,1,0,1.6494
033,car,no_noise,3,0,1.6017
033,car,no_noise,3,1,1.4987
033,car,no_noise,1,1,1.279
033,car,no_noise,1,1,1.4573
033,car,no_noise,2,0,1.3701
033,car,no_noise,1,0,1.0344
033,car,no_noise,3,1,1.2559
033,car,no_noise,1,0,1.2424
033,car,no_noise,1,0,1.0844
033,car,no_noise,3,1,1.388
033,car,no_noise,2,1,1.3627
033,car,no_noise,1,1,1.2069
033,car,no_noise,1,1,1.8367
033,car,no_noise,2,1,1.1539
033,car,no_noise,1,1,1.3495
033,car,no_noise,2,0,1.1958
033,car,no_noise,1,1,1.3885
033,car,no_noise,1,0,1.7365
033,car,no_noise,1,0,1.0912
033,car,no_noise,2,1,1.1877
033,car,no_noise,2,0,1.2091
033,car,no_noise,1,0,1.2247
033,car,no_noise,2,1,1.0046
033,car,no_noise,3,0,1.1601
033,car,no_noise,1,1,1.3993
033,car,noise,2,1,2.4493
033,car,noise,3,1,1.2542
033,car,noise,2,0,1.0766
033,car,noise,2,0,1.3631
033,car,noise,2,1,0.8879
033,car,noise,2,1,1.7969
033,car,noise,2,0,1.4565
033,car,noise,1,1,0.6533
033,car,noise,1,0,0.5854
033,car,noise,1,1,0.6264
033,car,noise,1,1,0.4747
033,car,noise,3,1,1.3093
033,car,noise,1,0,1.1507
033,car,noise,1,0,0.7213
033,car,noise,1,0,0.5211
033,car,noise,2,1,0.9423
033,car,noise,1,0,1.0358
033,car,noise,2,1,1.1946
033,car,noise,2,1,1.1532
033,car,noise,2,1,1.5506
033,car,noise,1,0,1.4521
033,car,noise,1,0,0.673
033,car,noise,1,1,0.5687
033,car,noise,2,0,1.5253
034,face,no_noise,1,1,4.6315
034,face,no_noise,2,1,2.2068
034,face,no_noise,1,1,2.9292
034,face,no_noise,3,1,2.427400001
034,face,no_noise,3,1,2.1015
034,face,no_noise,2,1,2.8675
034,face,no_noise,1,1,1.686
034,face,no_noise,3,1,2.608400001
034,face,no_noise,2,1,3.3704
034,face,no_noise,3,1,2.3015
034,face,no_noise,2,1,2.4681
034,face,no_noise,3,1,3.1911
034,face,no_noise,2,1,2.2193
034,face,no_noise,2,0,2.0582
034,face,no_noise,2,1,2.3748
034,face,no_noise,2,1,2.288099999
034,face,no_noise,2,1,2.8431
034,face,no_noise,2,1,2.0773
034,face,no_noise,1,1,1.513099999
034,face,no_noise,1,0,1.472599999
034,face,no_noise,1,1,1.536400001
034,face,no_noise,2,1,2.1463
034,face,no_noise,2,1,1.986
034,face,no_noise,1,1,1.4711
034,face,no_noise,3,1,2.4925
034,face,no_noise,1,1,1.7678
034,face,no_noise,2,1,1.8687
034,face,no_noise,1,1,1.857099999
034,face,no_noise,1,1,2.2064
034,face,no_noise,3,1,2.652
034,face,noise,2,1,3.7425
034,face,noise,2,0,3.622
034,face,noise,1,1,2.7008
034,face,noise,1,1,1.0699
034,face,noise,3,1,2.3921
034,face,noise,1,1,2.202
034,face,noise,2,1,2.0025
034,face,noise,1,1,2.053
034,face,noise,3,0,2.4017
034,face,noise,2,1,2.518
034,face,noise,3,0,2.7622
034,face,noise,2,1,1.004
034,face,noise,3,0,2.8532
034,face,noise,2,1,2.1747
034,face,noise,2,0,2.8026
034,face,noise,1,0,1.1716
034,face,noise,3,1,1.7363
034,face,noise,1,1,1.8258
034,face,noise,3,1,2.0814
034,face,noise,1,1,3.234799999
034,face,noise,1,1,2.4753
034,face,noise,1,1,4.7316
034,face,noise,1,1,1.9237
034,face,noise,2,0,4.7368
034,car,no_noise,3,0,4.7545
034,car,no_noise,2,0,3.232599999
034,car,no_noise,3,0,3.7954
034,car,no_noise,2,0,3.297299999
034,car,no_noise,2,1,2.6597
034,car,no_noise,1,1,2.9437
034,car,no_noise,1,0,3.3227
034,car,no_noise,1,1,2.463099999
034,car,no_noise,2,0,2.2705
034,car,no_noise,3,1,3.7579
034,car,no_noise,3,1,2.6141
034,car,no_noise,3,1,3.4032
034,car,no_noise,2,1,3.0323
034,car,no_noise,2,1,2.8158
034,car,no_noise,2,0,5.1997
034,car,no_noise,2,1,3.4488
034,car,no_noise,3,0,3.7491
034,car,no_noise,1,1,1.5784
034,car,no_noise,1,0,2.244900001
034,car,no_noise,1,1,1.7233
034,car,no_noise,1,1,3.276599999
034,car,no_noise,1,1,2.591299999
034,car,no_noise,3,1,2.212599999
034,car,no_noise,2,1,2.4725
034,car,no_noise,3,0,2.815900001
034,car,no_noise,3,1,2.524
034,car,no_noise,1,0,1.9577
034,car,no_noise,2,1,2.6635
034,car,no_noise,1,1,2.2514
034,car,no_noise,3,0,2.0178
034,car,noise,3,0,4.849700001
034,car,noise,3,1,2.2417
034,car,noise,2,0,4.133200001
034,car,noise,1,1,1.6745
034,car,noise,2,1,2.520200001
034,car,noise,1,0,1.5881
034,car,noise,1,1,2.4121
034,car,noise,1,1,1.456
034,car,noise,2,1,2.6693
034,car,noise,1,1,3.8398
034,car,noise,1,1,2.881400001
034,car,noise,3,1,3.4079
034,car,noise,1,0,2.4318
034,car,noise,1,0,2.7679
034,car,noise,2,0,2.3682
034,car,noise,3,0,2.500099999
034,car,noise,2,1,1.9954
034,car,noise,3,0,3.442
034,car,noise,2,1,1.691900001
034,car,noise,2,1,2.9761
034,car,noise,3,1,2.3802
034,car,noise,3,1,2.960900001
034,car,noise,1,1,2.4002
034,car,noise,1,0,3.111
036,face,no_noise,1,1,58.5691
036,face,no_noise,1,0,4.5165
036,face,no_noise,1,1,4.509
036,face,no_noise,2,0,3.2729
036,face,no_noise,3,1,6.0916
036,face,no_noise,2,1,2.0872
036,face,no_noise,1,1,3.6686
036,face,no_noise,3,1,2.3637
036,face,no_noise,2,1,2.5494
036,face,no_noise,3,1,2.1013
036,face,no_noise,2,1,2.7332
036,face,no_noise,2,0,3.8686
036,face,no_noise,2,1,2.1205
036,face,no_noise,2,0,3.3115
036,face,no_noise,2,1,2.5086
036,face,no_noise,2,1,3.2333
036,face,no_noise,2,1,2.6539
036,face,no_noise,2,1,4.303
036,face,no_noise,2,0,3.8397
036,face,no_noise,3,1,3.1107
036,face,no_noise,2,0,1.8358
036,face,no_noise,2,1,4.2452
036,face,no_noise,2,1,8.9475
036,face,no_noise,1,1,2.1526
036,face,no_noise,3,1,2.3505
036,face,no_noise,1,1,4.4003
036,face,no_noise,3,0,2.8924
036,face,no_noise,1,1,2.3278
036,face,no_noise,1,1,2.8838
036,face,no_noise,3,1,2.3836
036,face,noise,2,1,2.446
036,face,noise,3,1,2.2848
036,face,noise,2,0,2.978
036,face,noise,3,0,4.1576
036,face,noise,2,0,6.4176
036,face,noise,1,1,3.39
036,face,noise,3,0,2.4505
036,face,noise,1,1,2.3577
036,face,noise,2,1,3.8315
036,face,noise,3,0,0.7645
036,face,noise,3,0,2.368
036,face,noise,2,1,0.5529
036,face,noise,1,1,2.9878
036,face,noise,2,1,2.2571
036,face,noise,1,1,1.3813
036,face,noise,2,1,3.1615
036,face,noise,3,1,2.2373
036,face,noise,1,1,2.9434
036,face,noise,3,1,2.3369
036,face,noise,1,1,5.3547
036,face,noise,1,1,1.1337
036,face,noise,2,0,3.884
036,face,noise,3,0,3.6098
036,face,noise,1,0,1.7813
036,car,no_noise,2,1,7.6523
036,car,no_noise,1,1,4.1143
036,car,no_noise,3,0,4.3982
036,car,no_noise,3,1,6.0525
036,car,no_noise,1,0,6.063
036,car,no_noise,2,0,5.9652
036,car,no_noise,3,1,3.512
036,car,no_noise,3,0,4.614
036,car,no_noise,1,1,4.3114
036,car,no_noise,1,0,5.017
036,car,no_noise,3,1,6.6571
036,car,no_noise,2,0,8.4095
036,car,no_noise,2,1,5.8269
036,car,no_noise,2,1,5.9127
036,car,no_noise,3,1,3.8336
036,car,no_noise,2,1,4.1494
036,car,no_noise,1,1,4.1324
036,car,no_noise,1,1,2.5274
036,car,no_noise,3,0,3.9882
036,car,no_noise,1,1,5.0216
036,car,no_noise,3,0,2.3698
036,car,no_noise,1,1,6.3438
036,car,no_noise,2,0,3.6719
036,car,no_noise,2,1,2.7878
036,car,no_noise,2,1,2.9477
036,car,no_noise,2,0,8.0126
036,car,no_noise,3,0,4.3693
036,car,no_noise,2,1,3.0347
036,car,no_noise,3,0,3.1519
036,car,no_noise,2,0,5.4803
036,car,noise,1,0,5.093
036,car,noise,3,1,6.4231
036,car,noise,3,1,3.171
036,car,noise,2,0,10.6641
036,car,noise,2,1,5.1337
036,car,noise,2,1,2.2215
036,car,noise,3,0,15.8604
036,car,noise,1,1,3.1464
036,car,noise,2,1,3.2876
036,car,noise,1,1,3.4022
036,car,noise,1,1,3.6483
036,car,noise,3,1,3.9192
036,car,noise,2,1,5.3027
036,car,noise,1,0,7.4888
036,car,noise,3,1,4.6246
036,car,noise,2,1,10.2302
036,car,noise,3,0,4.2948
036,car,noise,2,1,2.6626
036,car,noise,2,1,1.5151
036,car,noise,2,1,3.6857
036,car,noise,2,0,2.4132
036,car,noise,2,0,3.2242
036,car,noise,2,0,12.7801
036,car,noise,2,0,0.1133
037,car,no_noise,3,0,2.5251
037,car,no_noise,1,1,3.206
037,car,no_noise,3,0,3.8746
037,car,no_noise,3,1,4.7879
037,car,no_noise,2,1,5.8185
037,car,no_noise,3,0,4.6217
037,car,no_noise,3,1,5.6038
037,car,no_noise,3,0,8.3937
037,car,no_noise,1,1,2.7882
037,car,no_noise,3,1,6.5555
037,car,no_noise,3,1,2.6877
037,car,no_noise,3,1,3.0351
037,car,no_noise,3,0,4.4759
037,car,no_noise,2,1,5.3921
037,car,no_noise,3,1,2.9453
037,car,no_noise,2,1,10.2352
037,car,no_noise,1,1,6.9618
037,car,no_noise,2,0,9.215
037,car,no_noise,2,1,2.2164
037,car,no_noise,3,0,3.4623
037,car,no_noise,1,1,3.9883
037,car,no_noise,3,0,4.8297
037,car,no_noise,1,0,7.2386
037,car,no_noise,2,1,8.5277
037,car,no_noise,2,1,6.6392
037,car,no_noise,3,1,2.2427
037,car,no_noise,1,0,3.5642
037,car,no_noise,2,1,5.1739
037,car,no_noise,1,1,1.7419
037,car,no_noise,3,0,1.7876
037,car,noise,3,0,5.175
037,car,noise,2,0,2.3827
037,car,noise,3,1,4.7748
037,car,noise,1,1,1.2251
037,car,noise,2,1,6.4804
037,car,noise,2,1,2.983
037,car,noise,1,1,1.2636
037,car,noise,1,1,1.5423
037,car,noise,2,1,2.7551
037,car,noise,1,1,1.5491
037,car,noise,1,1,4.739
037,car,noise,2,0,2.8284
037,car,noise,2,1,2.2594
037,car,noise,3,1,1.6241
037,car,noise,3,1,3.8639
037,car,noise,1,0,6.5018
037,car,noise,1,0,1.0934
037,car,noise,2,1,3.8573
037,car,noise,1,0,2.1636
037,car,noise,2,1,4.073
037,car,noise,3,1,1.5989
037,car,noise,3,1,3.4994
037,car,noise,1,1,2.8494
037,car,noise,3,1,2.452
037,face,no_noise,1,1,2.1416
037,face,no_noise,2,1,1.74
037,face,no_noise,1,1,1.359
037,face,no_noise,3,1,1.8321
037,face,no_noise,3,1,1.8189
037,face,no_noise,2,1,1.5378
037,face,no_noise,2,0,2.6415
037,face,no_noise,3,1,1.6668
037,face,no_noise,3,0,4.4778
037,face,no_noise,3,1,1.5627
037,face,no_noise,2,1,1.5811
037,face,no_noise,3,1,3.3564
037,face,no_noise,2,1,1.4941
037,face,no_noise,1,1,4.7772
037,face,no_noise,2,1,2.3777
037,face,no_noise,3,0,2.9185
037,face,no_noise,2,1,2.2665
037,face,no_noise,2,1,1.6469
037,face,no_noise,1,1,2.5593
037,face,no_noise,2,0,2.8449
037,face,no_noise,2,0,1.6458
037,face,no_noise,2,1,1.9343
037,face,no_noise,2,1,3.1844
037,face,no_noise,3,0,2.1986
037,face,no_noise,1,0,2.3637
037,face,no_noise,2,0,3.4609
037,face,no_noise,2,1,2.4017
037,face,no_noise,3,0,1.7173
037,face,no_noise,1,1,1.4374
037,face,no_noise,2,0,1.7861
037,face,noise,2,1,1.6111
037,face,noise,3,1,1.4562
037,face,noise,3,0,1.6937
037,face,noise,3,0,1.08
037,face,noise,3,1,0.9309
037,face,noise,1,1,1.7464
037,face,noise,3,0,1.1727
037,face,noise,2,0,1.0242
037,face,noise,1,0,3.0914
037,face,noise,2,1,1.1285
037,face,noise,3,0,1.6632
037,face,noise,2,1,1.9016
037,face,noise,3,0,1.9027
037,face,noise,3,0,1.8791
037,face,noise,2,0,2.4439
037,face,noise,3,0,1.3307
037,face,noise,3,1,1.0638
037,face,noise,3,0,2.4396
037,face,noise,3,1,1.0466
037,face,noise,3,0,0.8199
037,face,noise,2,0,1.3568
037,face,noise,1,1,1.6749
037,face,noise,3,0,0.9414
037,face,noise,1,0,2.0387
039,face,no_noise,1,1,3.6648
039,face,no_noise,2,1,3.1341
039,face,no_noise,1,1,2.356
039,face,no_noise,3,1,3.8676
039,face,no_noise,3,1,3.1073
039,face,no_noise,2,1,2.5961
039,face,no_noise,1,1,4.2744
039,face,no_noise,3,1,2.8227
039,face,no_noise,2,1,3.3362
039,face,no_noise,3,1,2.3055
039,face,no_noise,2,1,1.9285
039,face,no_noise,3,1,2.4248
039,face,no_noise,2,1,2.4291
039,face,no_noise,1,1,2.8242
039,face,no_noise,2,1,1.7999
039,face,no_noise,2,1,6.7958
039,face,no_noise,2,1,3.1964
039,face,no_noise,2,1,3.2914
039,face,no_noise,1,1,4.8122
039,face,no_noise,3,1,2.1796
039,face,no_noise,1,1,3.7628
039,face,no_noise,2,1,3.1364
039,face,no_noise,2,1,2.3414
039,face,no_noise,1,1,4.5467
039,face,no_noise,3,1,2.7797
039,face,no_noise,1,1,1.4963
039,face,no_noise,2,1,2.5084
039,face,no_noise,1,1,3.6963
039,face,no_noise,1,1,3.0796
039,face,no_noise,3,1,2.1086
039,face,noise,2,1,2.3723
039,face,noise,3,1,2.6904
039,face,noise,2,0,6.2144
039,face,noise,1,1,1.5486
039,face,noise,3,1,2.1898
039,face,noise,1,1,2.6296
039,face,noise,2,1,4.1275
039,face,noise,1,1,2.1108
039,face,noise,2,1,5.8282
039,face,noise,2,1,1.861
039,face,noise,2,1,1.8542
039,face,noise,2,1,2.862
039,face,noise,2,0,6.095
039,face,noise,2,1,1.8397
039,face,noise,1,1,2.9452
039,face,noise,2,1,4.1111
039,face,noise,3,1,2.9118
039,face,noise,1,1,1.6736
039,face,noise,3,1,2.2139
039,face,noise,2,0,3.2838
039,face,noise,1,1,4.8735
039,face,noise,1,1,4.1446
039,face,noise,1,1,3.1658
039,face,noise,3,1,4.4236
039,car,no_noise,3,0,9.8989
039,car,no_noise,1,1,7.105
039,car,no_noise,3,0,6.2434
039,car,no_noise,3,1,10.0883
039,car,no_noise,2,1,6.955
039,car,no_noise,1,1,4.3706
039,car,no_noise,3,1,9.0889
039,car,no_noise,1,1,2.2722
039,car,no_noise,1,1,11.3564
039,car,no_noise,2,0,8.4658
039,car,no_noise,3,1,8.9038
039,car,no_noise,3,1,7.4824
039,car,no_noise,2,1,5.3452
039,car,no_noise,2,1,10.7316
039,car,no_noise,3,1,8.9831
039,car,no_noise,2,1,4.9554
039,car,no_noise,1,1,7.605
039,car,no_noise,2,0,14.4227
039,car,no_noise,2,1,2.6378
039,car,no_noise,3,0,8.5552
039,car,no_noise,3,0,4.9215
039,car,no_noise,3,0,6.5051
039,car,no_noise,1,0,7.4
039,car,no_noise,2,1,12.5859
039,car,no_noise,2,1,6.5059
039,car,no_noise,3,1,6.8224
039,car,no_noise,2,1,4.3229
039,car,no_noise,2,1,12.3718
039,car,no_noise,3,0,5.5778
039,car,no_noise,1,1,3.3249
039,car,noise,2,1,9.3229
039,car,noise,3,1,4.9102
039,car,noise,2,0,7.6488
039,car,noise,1,1,12.5148
039,car,noise,2,1,4.1254
039,car,noise,2,1,3.3941
039,car,noise,1,1,9.4088
039,car,noise,1,1,6.4138
039,car,noise,2,1,5.5298
039,car,noise,1,1,3.6841
039,car,noise,1,1,5.2191
039,car,noise,3,1,4.818
039,car,noise,2,1,5.0945
039,car,noise,3,1,12.4161
039,car,noise,3,1,6.1832
039,car,noise,1,0,6.3315
039,car,noise,3,0,9.5469
039,car,noise,2,1,8.5664
039,car,noise,3,0,7.6002
039,car,noise,3,0,3.6172
039,car,noise,2,0,3.0263
039,car,noise,1,0,3.5177
039,car,noise,3,0,8.8165
039,car,noise,3,1,3.5988
040,car,no_noise,3,0,4.5441
040,car,no_noise,1,1,4.2864
040,car,no_noise,1,1,3.8375
040,car,no_noise,2,0,2.4361
040,car,no_noise,1,0,3.6017
040,car,no_noise,3,0,2.6562
040,car,no_noise,3,1,4.3285
040,car,no_noise,1,1,6.1289
040,car,no_noise,1,1,3.7201
040,car,no_noise,3,1,4.7887
040,car,no_noise,1,0,3.7442
040,car,no_noise,3,1,4.5425
040,car,no_noise,3,0,2.5336
040,car,no_noise,2,1,1.8435
040,car,no_noise,3,1,4.4479
040,car,no_noise,2,1,3.1136
040,car,no_noise,3,0,4.8842
040,car,no_noise,1,1,5.6223
040,car,no_noise,3,0,3.5058
040,car,no_noise,1,1,4.273
040,car,no_noise,1,1,3.23
040,car,no_noise,1,1,3.5215
040,car,no_noise,3,1,4.852
040,car,no_noise,3,0,3.3414
040,car,no_noise,2,1,2.9064
040,car,no_noise,2,0,2.3844
040,car,no_noise,1,0,3.3215
040,car,no_noise,2,1,5.0586
040,car,no_noise,3,0,3.1309
040,car,no_noise,1,1,2.1427
040,car,noise,2,1,4.73
040,car,noise,3,1,1.4042
040,car,noise,3,1,2.3818
040,car,noise,2,0,1.925
040,car,noise,3,0,1.9515
040,car,noise,2,1,1.8283
040,car,noise,1,1,2.6483
040,car,noise,3,0,1.3138
040,car,noise,2,1,1.3133
040,car,noise,1,1,1.5987
040,car,noise,2,0,1.5886
040,car,noise,3,1,1.8755
040,car,noise,2,1,2.5916
040,car,noise,3,1,2.1384
040,car,noise,1,0,3.7791
040,car,noise,1,0,4.2035
040,car,noise,3,0,1.7176
040,car,noise,2,1,1.614
040,car,noise,2,1,1.4472
040,car,noise,2,1,2.9294
040,car,noise,3,1,1.3132
040,car,noise,3,1,2.1313
040,car,noise,2,0,3.949
040,car,noise,3,1,5.2707
040,face,no_noise,1,1,1.5697
040,face,no_noise,2,1,1.8998
040,face,no_noise,1,1,2.5831
040,face,no_noise,3,1,3.4303
040,face,no_noise,1,0,2.2148
040,face,no_noise,2,1,2.2794
040,face,no_noise,1,1,3.2596
040,face,no_noise,3,1,1.2815
040,face,no_noise,2,1,1.6578
040,face,no_noise,3,1,1.9257
040,face,no_noise,2,1,1.2156
040,face,no_noise,3,1,1.1108
040,face,no_noise,2,1,1.0941
040,face,no_noise,1,1,1.1929
040,face,no_noise,2,1,2.41
040,face,no_noise,3,0,2.2081
040,face,no_noise,2,1,2.2782
040,face,no_noise,2,1,2.1099
040,face,no_noise,1,1,2.2085
040,face,no_noise,3,1,0.9488
040,face,no_noise,1,1,2.1292
040,face,no_noise,2,1,1.6143
040,face,no_noise,2,1,1.1152
040,face,no_noise,1,1,2.6125
040,face,no_noise,3,1,1.2101
040,face,no_noise,1,1,1.4942
040,face,no_noise,2,1,4.2749
040,face,no_noise,1,1,2.4419
040,face,no_noise,1,1,1.345
040,face,no_noise,3,1,1.5103
040,face,noise,2,1,2.1221
040,face,noise,3,1,1.067
040,face,noise,3,0,2.2116
040,face,noise,1,1,0.9148
040,face,noise,3,1,1.5337
040,face,noise,1,1,1.666
040,face,noise,3,0,1.2544
040,face,noise,1,1,1.0993
040,face,noise,1,0,1.9791
040,face,noise,2,1,2.3055
040,face,noise,2,1,2.5818
040,face,noise,1,0,2.0955
040,face,noise,1,1,2.3455
040,face,noise,2,1,1.377
040,face,noise,1,1,1.2488
040,face,noise,1,0,1.85
040,face,noise,3,1,1.0345
040,face,noise,3,0,1.5284
040,face,noise,3,1,2.3295
040,face,noise,3,0,1.6857
040,face,noise,1,1,1.9138
040,face,noise,2,0,1.7587
040,face,noise,1,1,3.143
040,face,noise,1,0,1.3946
041,face,no_noise,1,1,3.6527
041,face,no_noise,2,1,3.2612
041,face,no_noise,1,1,2.9827
041,face,no_noise,1,0,4.1752
041,face,no_noise,3,1,2.5712
041,face,no_noise,2,1,2.5876
041,face,no_noise,2,0,5.1626
041,face,no_noise,3,1,2.5434
041,face,no_noise,2,1,2.9625
041,face,no_noise,3,1,2.6177
041,face,no_noise,2,1,2.6599
041,face,no_noise,3,1,3.1462
041,face,no_noise,2,1,3.0655
041,face,no_noise,1,1,1.837
041,face,no_noise,2,1,2.814
041,face,no_noise,2,1,4.1167
041,face,no_noise,2,1,2.026
041,face,no_noise,2,1,5.7031
041,face,no_noise,3,0,3.3095
041,face,no_noise,3,1,3.0908
041,face,no_noise,2,0,2.0471
041,face,no_noise,2,1,3.5983
041,face,no_noise,2,1,3.391
041,face,no_noise,2,0,4.1306
041,face,no_noise,1,0,1.4962
041,face,no_noise,1,1,3.6537
041,face,no_noise,2,1,2.0968
041,face,no_noise,2,0,2.5568
041,face,no_noise,1,1,1.7033
041,face,no_noise,2,0,1.6241
041,face,noise,3,0,3.0339
041,face,noise,3,1,1.8038
041,face,noise,3,0,1.7436
041,face,noise,1,1,1.6196
041,face,noise,3,1,2.3322
041,face,noise,2,0,2.0086
041,face,noise,3,0,1.4911
041,face,noise,2,0,1.3954
041,face,noise,1,0,2.9992
041,face,noise,2,1,1.4928
041,face,noise,3,0,2.3509
041,face,noise,1,0,2.5288
041,face,noise,1,1,1.8989
041,face,noise,2,1,1.7827
041,face,noise,1,1,4.22
041,face,noise,2,1,1.821
041,face,noise,1,0,1.4171
041,face,noise,1,1,1.1285
041,face,noise,3,1,1.7225
041,face,noise,3,0,2.3394
041,face,noise,1,1,1.1818
041,face,noise,1,1,1.5993
041,face,noise,1,1,2.4359
041,face,noise,1,0,3.6546
041,car,no_noise,3,0,2.7005
041,car,no_noise,1,1,1.5798
041,car,no_noise,1,1,3.3479
041,car,no_noise,3,1,3.5806
041,car,no_noise,1,0,2.5225
041,car,no_noise,3,0,4.2231
041,car,no_noise,3,1,2.6107
041,car,no_noise,1,1,1.4938
041,car,no_noise,1,1,1.4102
041,car,no_noise,1,0,1.7144
041,car,no_noise,1,0,1.9311
041,car,no_noise,1,0,2.5581
041,car,no_noise,3,0,2.2134
041,car,no_noise,1,0,1.5102
041,car,no_noise,2,0,2.8157
041,car,no_noise,3,0,2.0768
041,car,no_noise,1,1,1.9113
041,car,no_noise,1,1,1.0678
041,car,no_noise,3,0,1.747
041,car,no_noise,1,1,1.4245
041,car,no_noise,2,0,2.1435
041,car,no_noise,1,1,1.8046
041,car,no_noise,2,0,2.053
041,car,no_noise,2,1,1.375
041,car,no_noise,2,1,1.4012
041,car,no_noise,2,0,1.7223
041,car,no_noise,2,1,1.3362
041,car,no_noise,2,1,1.7651
041,car,no_noise,1,1,1.0347
041,car,no_noise,1,1,2.5201
041,car,noise,2,1,6.0165
041,car,noise,3,1,1.2592
041,car,noise,2,0,1.6795
041,car,noise,1,1,1.2672
041,car,noise,2,1,1.5356
041,car,noise,1,0,1.2591
041,car,noise,1,1,1.2062
041,car,noise,3,0,1.6523
041,car,noise,2,1,1.8231
041,car,noise,1,1,1.2449
041,car,noise,1,1,1.3161
041,car,noise,2,0,1.7379
041,car,noise,2,1,1.1447
041,car,noise,2,0,1.1601
041,car,noise,3,1,1.2331
041,car,noise,1,0,1.6824
041,car,noise,2,1,1.0536
041,car,noise,2,1,1.0277
041,car,noise,2,1,0.811
041,car,noise,1,0,0.8357
041,car,noise,3,1,1.1827
041,car,noise,1,0,1.6111
041,car,noise,1,1,1.0441
041,car,noise,1,0,1.3098
042,car,no_noise,3,0,3.2624
042,car,no_noise,1,1,2.4637
042,car,no_noise,1,1,2.4192
042,car,no_noise,1,0,3.5034
042,car,no_noise,3,0,2.9872
042,car,no_noise,3,0,2.3475
042,car,no_noise,1,0,2.9979
042,car,no_noise,1,1,2.9968
042,car,no_noise,3,0,3.768
042,car,no_noise,3,1,3.8815
042,car,no_noise,1,0,1.5197
042,car,no_noise,3,1,1.9981
042,car,no_noise,2,1,1.2663
042,car,no_noise,1,0,1.1351
042,car,no_noise,3,1,2.4138
042,car,no_noise,2,1,1.9464
042,car,no_noise,1,1,3.1352
042,car,no_noise,1,1,1.7486
042,car,no_noise,3,0,3.7983
042,car,no_noise,1,1,1.2981
042,car,no_noise,2,0,1.7019
042,car,no_noise,1,1,1.8968
042,car,no_noise,1,0,2.0137
042,car,no_noise,2,1,3.0796
042,car,no_noise,2,1,1.6986
042,car,no_noise,2,0,2.9501
042,car,no_noise,2,1,4.0474
042,car,no_noise,2,1,4.5488
042,car,no_noise,3,0,2.0268
042,car,no_noise,1,1,2.8151
042,car,noise,2,1,3.5584
042,car,noise,3,1,1.6095
042,car,noise,3,1,2.3306
042,car,noise,2,0,2.0452
042,car,noise,2,1,1.7964
042,car,noise,2,1,1.5615
042,car,noise,3,0,1.2431
042,car,noise,1,1,1.143
042,car,noise,1,0,1.0148
042,car,noise,1,1,1.4813
042,car,noise,2,0,1.7307
042,car,noise,3,1,1.4331
042,car,noise,2,1,1.7605
042,car,noise,1,0,1.517
042,car,noise,3,1,1.45
042,car,noise,1,0,1.377
042,car,noise,2,1,3.5299
042,car,noise,2,1,1.1779
042,car,noise,2,1,2.1467
042,car,noise,2,1,2.6785
042,car,noise,3,1,2.3596
042,car,noise,3,1,2.4307
042,car,noise,1,1,1.7439
042,car,noise,2,0,2.0404
042,face,no_noise,1,1,2.2521
042,face,no_noise,2,1,1.2967
042,face,no_noise,1,1,2.1826
042,face,no_noise,3,1,2.9129
042,face,no_noise,3,1,1.4206
042,face,no_noise,2,1,1.8664
042,face,no_noise,1,1,2.6299
042,face,no_noise,3,1,2.8118
042,face,no_noise,2,1,1.5462
042,face,no_noise,3,1,2.0817
042,face,no_noise,2,1,3.1965
042,face,no_noise,3,1,2.0298
042,face,no_noise,2,1,1.83
042,face,no_noise,2,0,3.1301
042,face,no_noise,2,1,3.8803
042,face,no_noise,3,0,2.2283
042,face,no_noise,2,1,1.9468
042,face,no_noise,2,1,1.8976
042,face,no_noise,3,0,2.3475
042,face,no_noise,3,1,1.7455
042,face,no_noise,1,1,2.0658
042,face,no_noise,2,1,2.0807
042,face,no_noise,2,1,1.6634
042,face,no_noise,1,1,3.1819
042,face,no_noise,3,1,3.0132
042,face,no_noise,1,1,2.729
042,face,no_noise,2,1,4.7288
042,face,no_noise,2,0,3.8317
042,face,no_noise,1,1,2.0984
042,face,no_noise,3,1,2.147
042,face,noise,3,0,3.0225
042,face,noise,3,1,1.8449
042,face,noise,3,0,2.864
042,face,noise,3,0,2.3293
042,face,noise,3,1,1.9433
042,face,noise,1,1,1.8117
042,face,noise,2,1,1.2316
042,face,noise,1,1,1.5967
042,face,noise,2,1,3.0288
042,face,noise,1,0,2.4463
042,face,noise,1,0,2.9958
042,face,noise,2,1,1.4141
042,face,noise,1,1,2.6953
042,face,noise,1,0,4.1805
042,face,noise,1,1,3.2332
042,face,noise,2,1,1.3449
042,face,noise,3,1,1.5686
042,face,noise,1,1,2.6132
042,face,noise,1,0,3.3613
042,face,noise,2,0,2.1119
042,face,noise,3,0,2.8143
042,face,noise,3,0,2.4779
042,face,noise,1,1,1.6626
042,face,noise,3,1,5.4248
043,car,no_noise,2,1,2.8052
043,car,no_noise,2,0,2.3389
043,car,no_noise,1,1,2.0537
043,car,no_noise,1,0,2.8133
043,car,no_noise,2,1,2.6368
043,car,no_noise,1,1,1.9313
043,car,no_noise,3,1,1.8711
043,car,no_noise,1,1,2.4944
043,car,no_noise,2,0,2.8822
043,car,no_noise,1,0,2.47
043,car,no_noise,1,0,1.9963
043,car,no_noise,2,0,1.9568
043,car,no_noise,2,1,1.0959
043,car,no_noise,1,0,2.8133
043,car,no_noise,1,0,2.9726
043,car,no_noise,2,1,2.1422
043,car,no_noise,2,0,2.1698
043,car,no_noise,2,0,2.4515
043,car,no_noise,3,0,2.1622
043,car,no_noise,3,0,2.527
043,car,no_noise,1,1,2.5195
043,car,no_noise,3,0,2.1353
043,car,no_noise,3,1,2.509
043,car,no_noise,2,1,1.4738
043,car,no_noise,2,1,4.0387
043,car,no_noise,2,0,2.2361
043,car,no_noise,2,1,2.5552
043,car,no_noise,2,1,3.1087
043,car,no_noise,1,1,2.3918
043,car,no_noise,2,0,2.0883
043,car,noise,2,1,2.2056
043,car,noise,3,1,1.5736
043,car,noise,2,0,0.9114
043,car,noise,2,0,1.8047
043,car,noise,2,1,2.0518
043,car,noise,2,1,2.2839
043,car,noise,3,0,2.1201
043,car,noise,2,0,1.2045
043,car,noise,1,0,1.2693
043,car,noise,1,1,1.7316
043,car,noise,1,1,1.9686
043,car,noise,3,1,1.8817
043,car,noise,2,1,1.5192
043,car,noise,2,0,1.3873
043,car,noise,3,1,3.1203
043,car,noise,1,0,1.6688
043,car,noise,2,1,1.6063
043,car,noise,2,1,1.6618
043,car,noise,2,1,2.7655
043,car,noise,2,1,2.0229
043,car,noise,1,0,2.2944
043,car,noise,3,1,2.4691
043,car,noise,2,0,2.0326
043,car,noise,2,0,2.0321
043,face,no_noise,1,1,2.017
043,face,no_noise,1,0,2.5529
043,face,no_noise,1,1,1.2354
043,face,no_noise,1,0,1.2744
043,face,no_noise,3,1,1.8327
043,face,no_noise,2,1,2.3592
043,face,no_noise,1,1,1.9538
043,face,no_noise,3,1,1.5516
043,face,no_noise,2,1,1.0315
043,face,no_noise,2,0,2.04
043,face,no_noise,1,0,2.8017
043,face,no_noise,3,1,1.5852
043,face,no_noise,2,1,1.3359
043,face,no_noise,1,1,2.0524
043,face,no_noise,2,1,0.9225
043,face,no_noise,3,0,1.7354
043,face,no_noise,2,1,1.25
043,face,no_noise,1,0,1.3346
043,face,no_noise,3,0,1.3021
043,face,no_noise,3,1,1.9789
043,face,no_noise,3,0,1.9563
043,face,no_noise,2,1,1.0625
043,face,no_noise,3,0,1.5577
043,face,no_noise,3,0,1.3122
043,face,no_noise,1,0,1.5183
043,face,no_noise,2,0,2.5195
043,face,no_noise,2,1,1.3645
043,face,no_noise,2,0,1.0962
043,face,no_noise,3,0,2.0291
043,face,no_noise,3,1,1.9518
043,face,noise,3,0,2.121
043,face,noise,3,1,1.7723
043,face,noise,3,0,1.59
043,face,noise,2,0,1.4556
043,face,noise,3,1,1.5342
043,face,noise,2,0,1.3781
043,face,noise,2,1,1.5241
043,face,noise,2,0,1.664
043,face,noise,1,0,1.1176
043,face,noise,2,1,0.9156
043,face,noise,1,0,1.4182
043,face,noise,3,0,1.1858
043,face,noise,1,1,1.2832
043,face,noise,2,1,1.0415
043,face,noise,2,0,1.8334
043,face,noise,1,0,1.6079
043,face,noise,2,0,0.9456
043,face,noise,1,1,1.0773
043,face,noise,2,0,1.0436
043,face,noise,2,0,0.8997
043,face,noise,2,0,1.4577
043,face,noise,1,1,1.2883
043,face,noise,3,0,0.9978
043,face,noise,1,0,1.1276
044,car,no_noise,2,1,6.205
044,car,no_noise,3,0,4.4193
044,car,no_noise,1,1,1.7371
044,car,no_noise,3,1,0.6968
044,car,no_noise,2,1,0.5715
044,car,no_noise,1,1,0.9172
044,car,no_noise,2,0,1.1375
044,car,no_noise,3,0,0.5741
044,car,no_noise,1,1,1.1683
044,car,no_noise,3,1,1.1384
044,car,no_noise,1,0,0.572
044,car,no_noise,1,0,1.011
044,car,no_noise,3,0,1.1364
044,car,no_noise,2,1,0.8873
044,car,no_noise,1,0,0.8554
044,car,no_noise,2,1,0.7981
044,car,no_noise,3,0,0.4766
044,car,no_noise,1,1,1.1367
044,car,no_noise,2,1,1.5141
044,car,no_noise,3,0,1.1681
044,car,no_noise,2,0,1.5455
044,car,no_noise,1,1,1.5135
044,car,no_noise,3,1,0.8213
044,car,no_noise,2,1,0.7598
044,car,no_noise,1,0,1.1038
044,car,no_noise,3,1,1.2293
044,car,no_noise,2,1,1.0086
044,car,no_noise,1,0,1.3533
044,car,no_noise,3,0,0.8827
044,car,no_noise,1,1,1.0392
044,car,noise,1,0,2.3355
044,car,noise,2,0,1.9923
044,car,noise,3,1,1.2682
044,car,noise,1,1,1.2369
044,car,noise,3,0,1.0164
044,car,noise,2,1,1.2694
044,car,noise,3,0,1.7393
044,car,noise,1,1,0.7014
044,car,noise,1,0,1.3624
044,car,noise,1,1,1.7368
044,car,noise,2,0,1.6164
044,car,noise,1,0,1.3288
044,car,noise,2,1,1.5488
044,car,noise,3,1,1.5807
044,car,noise,2,0,1.2984
044,car,noise,1,0,0.797
044,car,noise,2,1,1.7081
044,car,noise,1,0,0.8589
044,car,noise,1,0,1.6752
044,car,noise,3,0,1.1099
044,car,noise,1,0,0.8292
044,car,noise,2,0,0.9511
044,car,noise,1,1,0.8269
044,car,noise,2,0,1.2056
044,face,no_noise,2,0,2.4481
044,face,no_noise,1,0,0.9421
044,face,no_noise,1,1,1.6625
044,face,no_noise,2,0,1.0354
044,face,no_noise,1,0,1.3815
044,face,no_noise,2,1,1.1681
044,face,no_noise,2,0,1.2907
044,face,no_noise,1,0,1.4182
044,face,no_noise,2,1,0.7575
044,face,no_noise,2,0,1.9186
044,face,no_noise,2,1,1.5725
044,face,no_noise,3,1,1.1023
044,face,no_noise,1,0,1.1967
044,face,no_noise,1,1,1.2285
044,face,no_noise,3,0,1.4517
044,face,no_noise,2,1,1.0405
044,face,no_noise,2,1,1.1649
044,face,no_noise,1,0,1.0077
044,face,no_noise,2,0,0.7878
044,face,no_noise,2,0,0.8833
044,face,no_noise,2,0,0.8505
044,face,no_noise,1,0,1.2903
044,face,no_noise,2,1,0.7569
044,face,no_noise,2,0,0.6932
044,face,no_noise,1,0,0.8512
044,face,no_noise,2,0,0.945
044,face,no_noise,2,1,0.9777
044,face,no_noise,3,0,1.3851
044,face,no_noise,3,0,1.0705
044,face,no_noise,2,0,0.5037
044,face,noise,2,1,2.0296
044,face,noise,1,0,0.8821
044,face,noise,3,0,0.4108
044,face,noise,2,0,0.5371
044,face,noise,1,0,0.7288
044,face,noise,3,0,0.4111
044,face,noise,2,1,0.6325
044,face,noise,3,0,0.9456
044,face,noise,1,0,0.6631
044,face,noise,2,1,0.7879
044,face,noise,3,0,0.4109
044,face,noise,1,0,0.7893
044,face,noise,2,0,0.5369
044,face,noise,3,0,0.5063
044,face,noise,2,0,0.7587
044,face,noise,3,0,0.9777
044,face,noise,1,0,0.4731
044,face,noise,2,0,0.6939
044,face,noise,3,1,0.5048
044,face,noise,1,1,0.5372
044,face,noise,2,0,0.4736
044,face,noise,3,0,1.1665
044,face,noise,2,0,0.5371
044,face,noise,1,0,0.5062
046,face,no_noise,1,1,6.071
046,face,no_noise,2,1,4.3199
046,face,no_noise,3,0,3.0378
046,face,no_noise,1,0,7.2816
046,face,no_noise,3,1,2.2237
046,face,no_noise,1,0,4.4994
046,face,no_noise,3,0,6.3562
046,face,no_noise,1,0,4.1757
046,face,no_noise,2,1,5.0649
046,face,no_noise,3,1,3.036
046,face,no_noise,2,1,3.1977
046,face,no_noise,3,1,2.4354
046,face,no_noise,3,0,2.6987
046,face,no_noise,1,1,4.6916
046,face,no_noise,1,0,2.5994
046,face,no_noise,2,1,2.7291
046,face,no_noise,2,1,4.8254
046,face,no_noise,3,0,4.8327
046,face,no_noise,1,1,2.2628
046,face,no_noise,3,1,2.3922
046,face,no_noise,1,1,2.1793
046,face,no_noise,2,1,2.0294
046,face,no_noise,1,0,2.3802
046,face,no_noise,1,1,1.766
046,face,no_noise,3,1,2.3295
046,face,no_noise,3,0,3.3656
046,face,no_noise,2,1,2.6998
046,face,no_noise,3,0,3.8511
046,face,no_noise,3,0,1.7673
046,face,no_noise,3,1,2.7662
046,face,noise,1,0,3.2267
046,face,noise,3,1,3.1684
046,face,noise,1,1,2.7802
046,face,noise,3,0,3.3672
046,face,noise,3,1,2.0959
046,face,noise,1,1,1.9632
046,face,noise,3,0,3.2961
046,face,noise,3,0,4.8896
046,face,noise,3,0,1.9995
046,face,noise,2,1,2.6273
046,face,noise,1,0,2.4477
046,face,noise,2,1,3.1763
046,face,noise,2,0,1.8305
046,face,noise,1,0,2.1576
046,face,noise,3,0,2.9816
046,face,noise,1,0,1.7923
046,face,noise,3,1,2.3976
046,face,noise,3,0,1.67
046,face,noise,2,0,3.5433
046,face,noise,2,0,1.3273
046,face,noise,2,0,2.9807
046,face,noise,3,0,2.5513
046,face,noise,1,1,3.4384
046,face,noise,1,0,1.6638
046,car,no_noise,2,1,6.9907
046,car,no_noise,2,0,4.7662
046,car,no_noise,1,1,4.3177
046,car,no_noise,2,0,3.924
046,car,no_noise,1,0,3.9822
046,car,no_noise,3,0,2.9993
046,car,no_noise,1,0,2.7845
046,car,no_noise,1,1,3.0485
046,car,no_noise,1,1,4.6363
046,car,no_noise,2,0,5.8324
046,car,no_noise,3,1,3.8492
046,car,no_noise,3,1,3.9721
046,car,no_noise,3,0,3.1623
046,car,no_noise,2,1,4.7538
046,car,no_noise,1,0,3.4017
046,car,no_noise,3,0,3.3756
046,car,no_noise,2,0,4.1396
046,car,no_noise,2,0,4.4042
046,car,no_noise,1,0,2.3386
046,car,no_noise,2,0,2.8007
046,car,no_noise,1,1,3.6923
046,car,no_noise,2,0,4.1919
046,car,no_noise,2,0,4.315
046,car,no_noise,3,0,3.9048
046,car,no_noise,2,1,13.5241
046,car,no_noise,1,0,3.4021
046,car,no_noise,3,0,6.5853
046,car,no_noise,2,1,3.4676
046,car,no_noise,1,1,4.6937
046,car,no_noise,1,1,7.6578
046,car,noise,3,0,2.8932
046,car,noise,3,1,3.9004
046,car,noise,2,0,4.3166
046,car,noise,1,1,2.9215
046,car,noise,1,0,4.8896
046,car,noise,1,0,1.0964
046,car,noise,1,1,5.7232
046,car,noise,3,0,2.4315
046,car,noise,3,0,2.6306
046,car,noise,3,0,2.1963
046,car,noise,1,1,5.5196
046,car,noise,2,0,3.0512
046,car,noise,1,0,2.0974
046,car,noise,3,1,3.2909
046,car,noise,2,0,3.3221
046,car,noise,3,0,2.8929
046,car,noise,2,1,5.9582
046,car,noise,3,0,3.0337
046,car,noise,3,0,3.7324
046,car,noise,1,0,2.6123
046,car,noise,1,0,4.5137
046,car,noise,2,0,4.7902
046,car,noise,3,0,6.0004
046,car,noise,2,0,5.4675
047,car,no_noise,3,0,5.465
047,car,no_noise,1,1,3.5149
047,car,no_noise,3,0,2.9222
047,car,no_noise,2,0,2.0247
047,car,no_noise,1,0,1.9802
047,car,no_noise,3,0,3.1956
047,car,no_noise,3,1,3.4695
047,car,no_noise,1,1,2.8393
047,car,no_noise,2,0,3.5368
047,car,no_noise,2,0,3.306
047,car,no_noise,3,1,2.4526
047,car,no_noise,3,1,2.8686
047,car,no_noise,2,1,4.214
047,car,no_noise,2,1,3.0706
047,car,no_noise,3,1,2.1865
047,car,no_noise,2,1,3.198
047,car,no_noise,3,0,2.4355
047,car,no_noise,1,1,2.5675
047,car,no_noise,3,0,3.4873
047,car,no_noise,1,1,3.5776
047,car,no_noise,1,1,3.1011
047,car,no_noise,3,0,3.0306
047,car,no_noise,2,0,3.5853
047,car,no_noise,2,1,1.8736
047,car,no_noise,2,1,2.6869
047,car,no_noise,2,0,1.9443
047,car,no_noise,2,1,2.7493
047,car,no_noise,3,0,4.0338
047,car,no_noise,1,1,2.9664
047,car,no_noise,3,0,3.0014
047,car,noise,2,1,2.7615
047,car,noise,3,1,2.7601
047,car,noise,3,1,2.2404
047,car,noise,2,0,1.8996
047,car,noise,2,1,3.1928
047,car,noise,1,0,2.9303
047,car,noise,3,0,3.3871000000000002
047,car,noise,1,1,2.0874
047,car,noise,2,1,2.0264
047,car,noise,1,1,2.3811
047,car,noise,2,0,2.7033
047,car,noise,2,0,2.1749
047,car,noise,2,1,2.415
047,car,noise,3,1,2.3663
047,car,noise,2,0,2.6011
047,car,noise,2,1,1.304
047,car,noise,2,1,2.9379
047,car,noise,2,1,1.7103
047,car,noise,2,1,3.7872
047,car,noise,2,1,2.9959
047,car,noise,3,1,2.3293
047,car,noise,3,1,2.9496000000000002
047,car,noise,2,0,4.5588
047,car,noise,3,1,3.777
047,face,no_noise,2,0,4.2362
047,face,no_noise,1,0,1.5416
047,face,no_noise,2,0,1.8791
047,face,no_noise,3,1,2.203
047,face,no_noise,2,0,2.643
047,face,no_noise,1,0,2.1688
047,face,no_noise,2,0,2.126
047,face,no_noise,3,1,2.164
047,face,no_noise,2,1,2.5603
047,face,no_noise,2,0,2.5437
047,face,no_noise,3,0,2.3446
047,face,no_noise,2,0,2.0452
047,face,no_noise,2,1,1.1594
047,face,no_noise,1,1,3.6618
047,face,no_noise,2,1,2.3868
047,face,no_noise,2,1,1.8436
047,face,no_noise,2,1,2.5255
047,face,no_noise,3,0,2.1545
047,face,no_noise,1,1,1.4098
047,face,no_noise,2,0,1.3139
047,face,no_noise,3,0,3.497
047,face,no_noise,2,1,1.6719
047,face,no_noise,3,0,1.8424
047,face,no_noise,3,0,2.2289
047,face,no_noise,1,0,1.3623
047,face,no_noise,2,0,1.6198
047,face,no_noise,3,0,1.5739
047,face,no_noise,2,0,1.1081
047,face,no_noise,3,0,3.1412
047,face,no_noise,3,1,4.2286
047,face,noise,1,0,2.6498
047,face,noise,1,0,2.0916
047,face,noise,3,0,1.7217
047,face,noise,2,0,2.7749
047,face,noise,2,0,2.1595
047,face,noise,3,0,1.6032
047,face,noise,2,1,1.2713
047,face,noise,3,0,2.0725
047,face,noise,2,1,2.7001
047,face,noise,2,1,1.6583
047,face,noise,2,1,2.4683
047,face,noise,2,1,2.1842
047,face,noise,2,0,2.2099
047,face,noise,1,0,2.9246
047,face,noise,1,1,2.5054
047,face,noise,2,1,1.6956
047,face,noise,3,1,2.3831
047,face,noise,2,0,2.7763
047,face,noise,3,1,2.0844
047,face,noise,2,0,1.9601
047,face,noise,1,1,1.3065
047,face,noise,2,0,1.99
047,face,noise,2,0,1.2793
047,face,noise,1,0,2.0239
048,face,no_noise,1,1,8.5584
048,face,no_noise,2,1,4.1531
048,face,no_noise,2,0,4.8411
048,face,no_noise,2,0,3.2864
048,face,no_noise,3,1,3.02
048,face,no_noise,2,1,2.7081
048,face,no_noise,2,0,3.0234
048,face,no_noise,3,1,2.1913
048,face,no_noise,1,0,2.9381
048,face,no_noise,3,1,2.4905
048,face,no_noise,2,1,3.8572
048,face,no_noise,3,1,3.5549
048,face,no_noise,2,1,1.6653
048,face,no_noise,1,1,2.5693
048,face,no_noise,3,0,6.1424
048,face,no_noise,2,1,2.8922
048,face,no_noise,2,1,2.2204
048,face,no_noise,2,1,1.2552
048,face,no_noise,1,1,3.4747
048,face,no_noise,3,1,3.0869
048,face,no_noise,1,1,1.8885
048,face,no_noise,2,1,3.4212
048,face,no_noise,2,1,2.1269
048,face,no_noise,1,1,3.5713
048,face,no_noise,1,0,3.1688
048,face,no_noise,1,1,3.2934
048,face,no_noise,2,1,3.8576
048,face,no_noise,1,1,2.6397
048,face,no_noise,1,1,1.3082
048,face,no_noise,3,1,3.2089
048,face,noise,3,0,4.128
048,face,noise,3,1,2.6518
048,face,noise,1,1,4.0694
048,face,noise,1,1,2.9905
048,face,noise,3,1,2.5871
048,face,noise,3,0,2.389
048,face,noise,2,1,2.0449
048,face,noise,2,0,2.5423
048,face,noise,2,1,3.234
048,face,noise,2,1,2.5898
048,face,noise,3,0,2.4192
048,face,noise,2,1,1.4516
048,face,noise,1,1,2.3776
048,face,noise,2,1,2.2876
048,face,noise,1,1,2.0864
048,face,noise,2,1,1.406
048,face,noise,3,1,2.3062
048,face,noise,1,1,2.0772
048,face,noise,1,0,2.0073
048,face,noise,2,0,2.3869
048,face,noise,1,1,2.371
048,face,noise,1,1,2.8863
048,face,noise,1,1,1.505
048,face,noise,1,0,3.0669
048,car,no_noise,1,0,6.5137
048,car,no_noise,3,0,5.4604
048,car,no_noise,3,0,4.231
048,car,no_noise,2,0,3.9264
048,car,no_noise,1,0,6.7987
048,car,no_noise,3,0,4.6463
048,car,no_noise,3,1,4.7235
048,car,no_noise,3,0,7.912
048,car,no_noise,1,1,5.1303
048,car,no_noise,1,0,7.2108
048,car,no_noise,3,1,4.0124
048,car,no_noise,3,1,3.6302
048,car,no_noise,3,0,4.3052
048,car,no_noise,2,1,4.032
048,car,no_noise,1,0,4.4487
048,car,no_noise,2,1,3.6048
048,car,no_noise,3,0,3.6497
048,car,no_noise,1,1,6.8724
048,car,no_noise,3,0,4.4131
048,car,no_noise,1,1,5.8562
048,car,no_noise,1,1,6.6174
048,car,no_noise,1,1,3.0441
048,car,no_noise,3,1,6.4563
048,car,no_noise,3,0,2.7845
048,car,no_noise,2,1,6.1463
048,car,no_noise,2,0,3.9343
048,car,no_noise,1,0,2.6816
048,car,no_noise,3,0,3.0678
048,car,no_noise,1,1,4.1809
048,car,no_noise,2,0,4.091
048,car,noise,2,1,6.4334
048,car,noise,2,0,4.1886
048,car,noise,3,1,4.9252
048,car,noise,1,1,6.3729
048,car,noise,2,1,5.401
048,car,noise,2,1,4.5491
048,car,noise,1,1,2.2777
048,car,noise,3,0,7.5309
048,car,noise,1,0,2.7551
048,car,noise,1,1,6.2055
048,car,noise,1,1,7.7225
048,car,noise,3,1,4.4763
048,car,noise,2,1,3.5792
048,car,noise,3,1,3.056
048,car,noise,2,0,2.9699
048,car,noise,2,1,3.372
048,car,noise,1,0,4.5316
048,car,noise,2,1,2.8585
048,car,noise,2,1,2.3178
048,car,noise,3,0,4.3326
048,car,noise,3,1,2.9374
048,car,noise,3,1,2.1996000000000002
048,car,noise,3,0,4.304
048,car,noise,3,1,4.1098
049,face,no_noise,1,1,1.8905
049,face,no_noise,2,1,2.436
049,face,no_noise,1,1,1.9805
049,face,no_noise,3,1,3.2513
049,face,no_noise,3,1,1.665
049,face,no_noise,2,1,1.7789
049,face,no_noise,1,1,2.4821
049,face,no_noise,3,1,1.6168
049,face,no_noise,2,1,1.7154
049,face,no_noise,3,1,2.0788
049,face,no_noise,2,1,2.2792
049,face,no_noise,3,1,3.0652
049,face,no_noise,2,1,2.362
049,face,no_noise,2,0,2.5671
049,face,no_noise,2,1,2.1644
049,face,no_noise,3,0,1.9006
049,face,no_noise,2,1,1.7956
049,face,no_noise,2,1,3.9305
049,face,no_noise,3,0,3.8475
049,face,no_noise,3,1,4.9806
049,face,no_noise,1,1,1.5673
049,face,no_noise,2,1,2.1839
049,face,no_noise,2,1,3.0652
049,face,no_noise,1,1,3.9677
049,face,no_noise,3,1,2.6846
049,face,no_noise,1,1,1.2156
049,face,no_noise,2,1,2.1819
049,face,no_noise,2,0,2.6139
049,face,no_noise,3,0,3.6326
049,face,no_noise,3,1,2.0836
049,face,noise,2,1,2.9681
049,face,noise,3,1,3.7818
049,face,noise,3,0,1.9111
049,face,noise,1,1,3.4472
049,face,noise,3,1,1.846
049,face,noise,1,1,2.5141
049,face,noise,2,1,2.2951
049,face,noise,2,0,2.2466
049,face,noise,3,0,3.6338
049,face,noise,2,1,1.8141
049,face,noise,2,1,2.2138
049,face,noise,2,1,2.8001
049,face,noise,1,1,3.5178
049,face,noise,2,1,1.8973
049,face,noise,1,1,3.1662
049,face,noise,2,1,2.7798
049,face,noise,3,1,1.7502
049,face,noise,1,1,3.1787
049,face,noise,3,1,2.1167
049,face,noise,2,0,2.5634
049,face,noise,3,0,3.6142
049,face,noise,1,1,1.7631
049,face,noise,1,1,2.565
049,face,noise,3,1,3.63
049,car,no_noise,3,0,4.59
049,car,no_noise,1,1,3.691
049,car,no_noise,2,0,3.0772
049,car,no_noise,1,0,2.1923
049,car,no_noise,1,0,2.058
049,car,no_noise,3,0,2.1968
049,car,no_noise,3,1,2.0406
049,car,no_noise,2,0,1.5272
049,car,no_noise,1,1,1.6977
049,car,no_noise,1,0,2.3283
049,car,no_noise,1,0,2.3212
049,car,no_noise,3,1,3.641
049,car,no_noise,2,1,2.5262
049,car,no_noise,2,1,1.7426
049,car,no_noise,3,1,4.1426
049,car,no_noise,3,0,3.1441
049,car,no_noise,3,0,3.0942
049,car,no_noise,1,1,3.5299
049,car,no_noise,2,1,2.3264
049,car,no_noise,1,1,3.7257
049,car,no_noise,3,0,1.3787
049,car,no_noise,3,0,3.9079
049,car,no_noise,1,0,2.1419
049,car,no_noise,2,1,3.4562
049,car,no_noise,2,1,1.8098
049,car,no_noise,2,0,1.4095
049,car,no_noise,3,0,2.929
049,car,no_noise,1,0,4.0287
049,car,no_noise,1,1,2.2585
049,car,no_noise,2,0,2.5253
049,car,noise,2,1,4.0549
049,car,noise,1,0,2.425
049,car,noise,2,0,1.7088
049,car,noise,2,0,1.9536
049,car,noise,2,1,2.1936
049,car,noise,2,1,1.7926
049,car,noise,1,1,2.8231
049,car,noise,2,0,1.3931
049,car,noise,2,1,2.3884
049,car,noise,1,1,1.7274
049,car,noise,1,1,2.6933
049,car,noise,3,1,5.5414
049,car,noise,2,1,2.8926
049,car,noise,1,0,1.4729
049,car,noise,3,1,1.6048
049,car,noise,1,0,1.4914
049,car,noise,2,1,7.0908
049,car,noise,2,1,1.6411
049,car,noise,2,1,2.2071
049,car,noise,3,0,3.2267
049,car,noise,1,0,2.9185
049,car,noise,3,1,1.5557
049,car,noise,3,0,1.1242
049,car,noise,2,0,1.9061
050,car,no_noise,3,0,8.7259
050,car,no_noise,1,1,8.752
050,car,no_noise,3,0,7.9177
050,car,no_noise,2,0,9.9926
050,car,no_noise,2,1,9.7747
050,car,no_noise,3,0,7.7541
050,car,no_noise,3,1,16.0686
050,car,no_noise,1,1,8.3516
050,car,no_noise,1,1,15.028
050,car,no_noise,3,1,11.7872
050,car,no_noise,1,0,15.1514
050,car,no_noise,3,1,11.7813
050,car,no_noise,2,1,6.7711
050,car,no_noise,2,1,14.5193
050,car,no_noise,2,0,7.3103
050,car,no_noise,2,1,6.098
050,car,no_noise,1,1,6.0524
050,car,no_noise,2,0,12.4654
050,car,no_noise,2,1,12.6307
050,car,no_noise,3,0,9.9771
050,car,no_noise,1,1,4.8944
050,car,no_noise,1,1,5.6977
050,car,no_noise,3,1,2.8488
050,car,no_noise,1,0,10.7631
050,car,no_noise,2,1,9.288
050,car,no_noise,1,0,4.0211
050,car,no_noise,2,1,13.7558
050,car,no_noise,2,1,13.8813
050,car,no_noise,3,0,4.5113
050,car,no_noise,1,1,5.7093
050,car,noise,2,1,11.0056
050,car,noise,3,1,5.0853
050,car,noise,3,1,13.0426
050,car,noise,1,1,7.7432
050,car,noise,2,1,4.4108
050,car,noise,2,1,5.6572
050,car,noise,1,1,6.1675
050,car,noise,1,1,3.5542
050,car,noise,1,0,7.6187
050,car,noise,1,1,8.3815
050,car,noise,1,1,5.141
050,car,noise,3,1,3.4011
050,car,noise,2,1,11.8558
050,car,noise,1,0,11.9155
050,car,noise,3,1,7.5808
050,car,noise,2,1,10.6414
050,car,noise,2,1,10.4208
050,car,noise,2,1,9.0591
050,car,noise,2,1,8.9302
050,car,noise,1,0,15.2167
050,car,noise,3,1,6.7002
050,car,noise,1,0,9.8811
050,car,noise,1,1,12.3121
050,car,noise,3,1,6.1072
050,face,no_noise,1,1,2.2496
050,face,no_noise,2,1,2.4009
050,face,no_noise,1,1,2.2341
050,face,no_noise,3,1,2.6069
050,face,no_noise,3,1,2.9473
050,face,no_noise,2,1,2.0006
050,face,no_noise,1,1,2.8977
050,face,no_noise,3,1,2.4001
050,face,no_noise,2,1,1.7574
050,face,no_noise,3,1,2.2754
050,face,no_noise,2,1,2.0695
050,face,no_noise,3,1,2.1198
050,face,no_noise,2,1,2.3502
050,face,no_noise,1,1,1.8557
050,face,no_noise,2,1,2.3355
050,face,no_noise,2,1,3.3843
050,face,no_noise,2,1,2.8918
050,face,no_noise,2,1,3.4252
050,face,no_noise,1,1,3.948
050,face,no_noise,3,1,2.8489
050,face,no_noise,1,1,3.6345
050,face,no_noise,2,1,2.1705
050,face,no_noise,2,1,2.0996
050,face,no_noise,1,1,4.3979
050,face,no_noise,3,1,3.7359
050,face,no_noise,1,1,1.9917
050,face,no_noise,2,1,2.2759
050,face,no_noise,1,1,2.9104
050,face,no_noise,1,1,2.3192
050,face,no_noise,3,1,2.0005
050,face,noise,2,1,3.9362
050,face,noise,3,1,3.7786
050,face,noise,1,1,4.7828
050,face,noise,1,1,1.7333
050,face,noise,3,1,2.6666
050,face,noise,1,1,3.7472
050,face,noise,2,1,4.1081
050,face,noise,1,1,2.3728
050,face,noise,2,1,3.9288
050,face,noise,2,1,4.1056
050,face,noise,2,1,2.8051
050,face,noise,2,1,2.9393
050,face,noise,1,1,2.5051
050,face,noise,2,1,2.0914
050,face,noise,1,1,4.6066
050,face,noise,2,1,2.3711
050,face,noise,3,1,2.196
050,face,noise,1,1,2.8454
050,face,noise,3,1,2.4909
050,face,noise,1,1,2.8555
050,face,noise,1,1,3.3925
050,face,noise,1,1,4.1409
050,face,noise,1,1,2.7925
050,face,noise,2,0,8.7734
051,car,no_noise,2,1,2.5569
051,car,no_noise,1,1,3.5328
051,car,no_noise,1,1,4.43
051,car,no_noise,2,0,2.9457
051,car,no_noise,2,1,4.2463
051,car,no_noise,3,0,4.0857
051,car,no_noise,3,1,3.8531
051,car,no_noise,3,0,3.3961
051,car,no_noise,1,1,4.2826
051,car,no_noise,3,1,3.4127
051,car,no_noise,1,0,4.75
051,car,no_noise,3,1,3.8933
051,car,no_noise,3,0,3.8144
051,car,no_noise,2,1,5.7383
051,car,no_noise,3,1,3.964
051,car,no_noise,2,1,5.6695
051,car,no_noise,1,1,6.5438
051,car,no_noise,2,0,4.022
051,car,no_noise,3,0,4.5311
051,car,no_noise,3,0,2.9439
051,car,no_noise,2,0,4.8625
051,car,no_noise,1,1,4.5498
051,car,no_noise,2,0,5.5784
051,car,no_noise,2,1,5.2093
051,car,no_noise,3,0,3.8969
051,car,no_noise,3,1,4.7705
051,car,no_noise,1,0,4.0294
051,car,no_noise,1,0,4.4301
051,car,no_noise,3,0,2.061
051,car,no_noise,3,0,5.7271
051,car,noise,1,0,5.5664
051,car,noise,3,1,5.1611
051,car,noise,2,0,4.798
051,car,noise,2,0,3.9863
051,car,noise,2,1,2.79
051,car,noise,2,1,5.1896
051,car,noise,1,1,4.6593
051,car,noise,1,1,4.14
051,car,noise,1,0,3.857
051,car,noise,1,1,4.8222
051,car,noise,3,0,6.4141
051,car,noise,3,1,3.7421
051,car,noise,2,1,3.1463
051,car,noise,1,0,3.7039
051,car,noise,3,1,3.9733
051,car,noise,2,1,5.4967
051,car,noise,2,1,4.7888
051,car,noise,2,1,2.7472
051,car,noise,2,1,4.2743
051,car,noise,2,1,4.6325
051,car,noise,2,0,2.7603
051,car,noise,2,0,4.6248
051,car,noise,1,1,4.0566
051,car,noise,3,1,5.4748
051,face,no_noise,1,1,2.9458
051,face,no_noise,2,1,2.4079
051,face,no_noise,3,0,3.6488
051,face,no_noise,2,0,3.0431
051,face,no_noise,3,1,1.7036
051,face,no_noise,2,1,1.3798
051,face,no_noise,1,1,2.3299
051,face,no_noise,3,1,2.6842
051,face,no_noise,1,0,2.5936
051,face,no_noise,3,1,1.9484
051,face,no_noise,2,1,1.732
051,face,no_noise,3,1,2.3616
051,face,no_noise,2,1,1.9799
051,face,no_noise,1,1,1.9592
051,face,no_noise,2,1,1.9262
051,face,no_noise,2,1,2.9896
051,face,no_noise,2,1,1.8822
051,face,no_noise,1,0,2.9071
051,face,no_noise,3,0,4.3917
051,face,no_noise,3,1,2.2999
051,face,no_noise,2,0,3.4333
051,face,no_noise,1,0,3.9334
051,face,no_noise,2,1,1.6258
051,face,no_noise,1,1,6.2922
051,face,no_noise,2,0,3.6858
051,face,no_noise,1,1,1.6853
051,face,no_noise,2,1,5.3153
051,face,no_noise,1,1,4.2814
051,face,no_noise,1,1,2.0485
051,face,no_noise,3,1,8.1941
051,face,noise,3,0,3.5431
051,face,noise,1,0,1.961
051,face,noise,2,0,4.1818
051,face,noise,1,1,2.3834
051,face,noise,3,1,1.9734
051,face,noise,1,1,2.0236
051,face,noise,2,1,4.7499
051,face,noise,2,0,2.781
051,face,noise,1,0,1.9192
051,face,noise,2,1,2.7868
051,face,noise,3,0,2.2257
051,face,noise,2,1,3.8656
051,face,noise,1,1,4.5381
051,face,noise,2,1,1.5358
051,face,noise,1,1,2.7648
051,face,noise,2,1,6.283
051,face,noise,3,1,4.2481
051,face,noise,1,1,2.8917
051,face,noise,2,0,3.5932
051,face,noise,3,0,2.1466
051,face,noise,2,0,3.1282
051,face,noise,2,0,2.7815
051,face,noise,3,0,4.5561
051,face,noise,3,1,3.1472
052,car,no_noise,2,1,5.493
052,car,no_noise,1,1,5.2816
052,car,no_noise,1,1,6.1192
052,car,no_noise,2,0,2.5546
052,car,no_noise,2,1,3.0477
052,car,no_noise,1,1,4.0804
052,car,no_noise,3,1,4.8371
052,car,no_noise,1,1,5.2966
052,car,no_noise,1,1,4.3481
052,car,no_noise,1,0,5.838
052,car,no_noise,3,1,7.0393
052,car,no_noise,3,1,4.6302
052,car,no_noise,3,0,4.3749
052,car,no_noise,2,1,4.5654
052,car,no_noise,3,1,7.3343
052,car,no_noise,2,1,5.9962
052,car,no_noise,1,1,4.4823
052,car,no_noise,2,0,6.5526
052,car,no_noise,2,1,5.6982
052,car,no_noise,1,1,9.8287
052,car,no_noise,3,0,6.5131
052,car,no_noise,3,0,9.8795
052,car,no_noise,2,0,7.483
052,car,no_noise,3,0,11.1943
052,car,no_noise,2,1,2.9674
052,car,no_noise,2,0,3.1815
052,car,no_noise,2,1,4.4347
052,car,no_noise,2,1,2.8311
052,car,no_noise,3,0,5.0218
052,car,no_noise,1,1,2.3049
052,car,noise,2,1,6.0126
052,car,noise,3,1,6.2447
052,car,noise,2,0,4.1923
052,car,noise,1,1,5.6269
052,car,noise,2,1,5.2942
052,car,noise,1,0,2.5431
052,car,noise,1,1,7.6232
052,car,noise,1,1,4.4445
052,car,noise,2,1,5.8227
052,car,noise,1,1,10.0889
052,car,noise,1,1,3.2779
052,car,noise,1,0,5.3582
052,car,noise,2,1,5.9317
052,car,noise,3,1,5.8922
052,car,noise,3,1,3.6178
052,car,noise,3,0,10.0396
052,car,noise,2,1,8.3916
052,car,noise,2,1,3.3292
052,car,noise,2,1,4.1778
052,car,noise,3,0,6.0633
052,car,noise,1,0,5.7213
052,car,noise,3,1,4.7995
052,car,noise,1,1,7.3916
052,car,noise,3,1,4.1978
052,face,no_noise,1,1,4.4797
052,face,no_noise,2,1,3.2436
052,face,no_noise,3,0,4.4091
052,face,no_noise,2,0,8.0248
052,face,no_noise,1,0,4.131
052,face,no_noise,2,1,2.2536
052,face,no_noise,1,1,7.2599
052,face,no_noise,3,1,6.244
052,face,no_noise,1,0,4.5809
052,face,no_noise,2,0,6.08
052,face,no_noise,2,1,2.4949
052,face,no_noise,3,1,2.4701
052,face,no_noise,2,1,2.6438
052,face,no_noise,1,1,2.5346
052,face,no_noise,2,1,2.3796
052,face,no_noise,3,0,3.3763
052,face,no_noise,2,1,3.2789
052,face,no_noise,2,1,5.6013
052,face,no_noise,3,0,3.3622
052,face,no_noise,3,1,3.0491
052,face,no_noise,2,0,4.1166
052,face,no_noise,2,1,3.4473
052,face,no_noise,2,1,1.8297
052,face,no_noise,3,0,4.2995
052,face,no_noise,1,0,3.0864
052,face,no_noise,1,1,3.5453
052,face,no_noise,2,1,4.0765
052,face,no_noise,2,0,4.3508
052,face,no_noise,1,1,2.4107
052,face,no_noise,2,0,6.6594
052,face,noise,1,0,5.1589
052,face,noise,3,1,3.5479
052,face,noise,2,0,5.3417
052,face,noise,1,1,4.0081
052,face,noise,3,1,3.7818
052,face,noise,1,1,2.4139
052,face,noise,2,1,5.3102
052,face,noise,2,0,5.3334
052,face,noise,1,0,2.0928
052,face,noise,2,1,4.4311
052,face,noise,3,0,4.5441
052,face,noise,2,1,4.3242
052,face,noise,2,0,4.3131
052,face,noise,2,1,6.1464
052,face,noise,1,1,3.6782
052,face,noise,3,0,4.2972
052,face,noise,3,1,2.6635
052,face,noise,2,0,4.9464
052,face,noise,2,0,7.7584
052,face,noise,3,0,4.7439
052,face,noise,1,1,2.9999
052,face,noise,3,0,5.5127
052,face,noise,3,0,4.2975
052,face,noise,2,0,6.9908
053,car,no_noise,2,1,5.2518
053,car,no_noise,1,1,2.946
053,car,no_noise,1,1,3.599
053,car,no_noise,3,1,5.8004
053,car,no_noise,1,0,3.1738
053,car,no_noise,1,1,1.7044
053,car,no_noise,3,1,2.4251
053,car,no_noise,1,1,1.4236
053,car,no_noise,1,1,3.5878
053,car,no_noise,1,0,3.0248
053,car,no_noise,1,0,3.0443
053,car,no_noise,3,1,2.6041
053,car,no_noise,3,0,2.2097
053,car,no_noise,2,1,3.3889
053,car,no_noise,3,1,2.3511
053,car,no_noise,3,0,2.6941
053,car,no_noise,1,1,3.4482
053,car,no_noise,1,1,3.4763
053,car,no_noise,1,0,2.8801
053,car,no_noise,3,0,3.8402
053,car,no_noise,1,1,2.4791
053,car,no_noise,1,1,2.5806
053,car,no_noise,3,1,2.2766
053,car,no_noise,1,0,5.2657
053,car,no_noise,2,1,3.4351
053,car,no_noise,2,0,2.9932
053,car,no_noise,2,1,2.3677
053,car,no_noise,3,0,2.7443
053,car,no_noise,3,0,1.68
053,car,no_noise,1,1,4.3113
053,car,noise,2,1,2.4108
053,car,noise,3,1,1.8942
053,car,noise,3,1,2.5873
053,car,noise,2,0,1.8995
053,car,noise,2,1,1.4179
053,car,noise,2,1,2.1975
053,car,noise,1,1,3.4056
053,car,noise,1,1,1.2957
053,car,noise,1,0,2.0934
053,car,noise,1,1,1.7747
053,car,noise,1,1,3.1123
053,car,noise,3,1,2.8081
053,car,noise,2,1,2.7542
053,car,noise,1,0,2.4167
053,car,noise,3,1,2.8584
053,car,noise,2,1,2.0689
053,car,noise,2,1,8.28
053,car,noise,2,1,2.9825
053,car,noise,3,0,2.1353
053,car,noise,2,1,2.5004
053,car,noise,3,1,2.6262
053,car,noise,3,1,2.3019
053,car,noise,1,1,3.3895
053,car,noise,3,1,2.4768
053,face,no_noise,1,1,2.1709
053,face,no_noise,2,1,2.548
053,face,no_noise,1,1,1.9776
053,face,no_noise,3,1,2.4248
053,face,no_noise,3,1,2.1654
053,face,no_noise,2,1,2.0384
053,face,no_noise,1,1,1.8047
053,face,no_noise,3,1,2.0655
053,face,no_noise,2,1,1.9623
053,face,no_noise,3,1,2.2675
053,face,no_noise,2,1,1.9097
053,face,no_noise,3,1,2.183
053,face,no_noise,2,1,2.0414
053,face,no_noise,1,1,3.5769
053,face,no_noise,1,0,2.02
053,face,no_noise,3,0,2.6328
053,face,no_noise,2,1,1.7756
053,face,no_noise,3,0,3.4355
053,face,no_noise,3,0,2.0206
053,face,no_noise,3,1,2.1036
053,face,no_noise,1,1,2.206
053,face,no_noise,2,1,2.2071
053,face,no_noise,2,1,1.8544
053,face,no_noise,3,0,2.2012
053,face,no_noise,3,1,2.1696
053,face,no_noise,3,0,2.2561
053,face,no_noise,2,1,1.9859
053,face,no_noise,1,1,3.0366
053,face,no_noise,1,1,2.9199
053,face,no_noise,3,1,2.77
053,face,noise,2,1,2.1412
053,face,noise,3,1,2.2416
053,face,noise,1,1,2.0756
053,face,noise,3,0,1.5761
053,face,noise,3,1,1.652
053,face,noise,1,1,1.0622
053,face,noise,3,0,1.2473
053,face,noise,2,0,2.3204
053,face,noise,3,0,1.5769
053,face,noise,2,1,1.5324
053,face,noise,3,0,1.6945
053,face,noise,1,0,2.4152
053,face,noise,1,1,1.6721
053,face,noise,1,0,1.4074
053,face,noise,1,1,1.5291
053,face,noise,3,0,1.4176
053,face,noise,2,0,1.864
053,face,noise,3,0,1.837
053,face,noise,2,0,1.298
053,face,noise,2,0,1.399
053,face,noise,3,0,1.7528
053,face,noise,1,1,2.6837
053,face,noise,1,1,1.8088
053,face,noise,1,0,2.395
054,car,no_noise,3,0,17.7595
054,car,no_noise,3,0,7.5555
054,car,no_noise,3,0,6.9575
054,car,no_noise,3,1,4.1798
054,car,no_noise,2,1,6.4611
054,car,no_noise,3,0,8.9069
054,car,no_noise,3,1,3.8662
054,car,no_noise,1,1,6.5028
054,car,no_noise,1,1,10.0877
054,car,no_noise,3,1,4.3507
054,car,no_noise,3,1,7.0096
054,car,no_noise,3,1,6.2778
054,car,no_noise,2,1,7.3195
054,car,no_noise,3,0,9.5814
054,car,no_noise,2,0,7.4712
054,car,no_noise,2,1,6.1858
054,car,no_noise,2,0,5.7898
054,car,no_noise,1,1,5.0365
054,car,no_noise,3,0,6.227
054,car,no_noise,1,1,5.7312
054,car,no_noise,1,1,6.2297
054,car,no_noise,3,0,6.6843
054,car,no_noise,1,0,12.1852
054,car,no_noise,2,1,5.3425
054,car,no_noise,2,1,3.7541
054,car,no_noise,1,0,5.5346
054,car,no_noise,2,1,5.2699
054,car,no_noise,2,1,5.0847
054,car,no_noise,1,1,3.6588
054,car,no_noise,3,0,3.8525
054,car,noise,3,0,13.4159
054,car,noise,3,1,4.9993
054,car,noise,2,0,5.4
054,car,noise,2,0,6.1666
054,car,noise,3,0,5.4673
054,car,noise,1,0,6.5749
054,car,noise,3,0,9.5851
054,car,noise,3,0,5.2201
054,car,noise,2,1,4.2671
054,car,noise,3,0,6.1787
054,car,noise,1,1,4.1863
054,car,noise,2,0,4.9218
054,car,noise,2,1,3.9555
054,car,noise,2,0,7.2913
054,car,noise,3,1,6.9025
054,car,noise,1,0,4.6577
054,car,noise,2,1,4.5235
054,car,noise,2,1,4.4557
054,car,noise,2,1,4.2679
054,car,noise,1,0,5.4911
054,car,noise,3,1,2.8903
054,car,noise,1,0,4.2139
054,car,noise,2,0,12.5263
054,car,noise,3,1,7.5807
054,face,no_noise,2,0,6.3706
054,face,no_noise,2,1,4.5584
054,face,no_noise,1,1,2.3623
054,face,no_noise,3,1,2.6498
054,face,no_noise,2,0,3.297
054,face,no_noise,2,1,4.161
054,face,no_noise,1,1,4.2021
054,face,no_noise,3,1,3.1349
054,face,no_noise,1,0,4.9703
054,face,no_noise,3,1,3.1679
054,face,no_noise,2,1,2.8869
054,face,no_noise,2,0,4.0197
054,face,no_noise,3,0,5.9381
054,face,no_noise,2,0,5.3176
054,face,no_noise,2,1,1.8136
054,face,no_noise,2,1,3.1006
054,face,no_noise,3,0,8.6191
054,face,no_noise,1,0,4.3892
054,face,no_noise,3,0,5.5005
054,face,no_noise,2,0,3.2502
054,face,no_noise,1,1,5.9551
054,face,no_noise,2,1,2.4173
054,face,no_noise,2,1,5.937
054,face,no_noise,3,0,5.2327
054,face,no_noise,3,1,3.0668
054,face,no_noise,1,1,5.1343
054,face,no_noise,2,1,2.0534
054,face,no_noise,1,1,4.886
054,face,no_noise,1,1,4.7036
054,face,no_noise,2,0,4.292
054,face,noise,2,1,2.232
054,face,noise,1,0,2.9482
054,face,noise,1,1,3.3494
054,face,noise,1,1,4.2844
054,face,noise,3,1,2.5896
054,face,noise,3,0,4.4425
054,face,noise,2,1,2.3871000000000002
054,face,noise,2,0,2.5605
054,face,noise,2,1,4.0685
054,face,noise,2,1,1.6539
054,face,noise,3,0,4.6682
054,face,noise,1,0,4.2844
054,face,noise,1,1,4.2293
054,face,noise,2,1,2.3119
054,face,noise,2,0,3.7447
054,face,noise,3,0,3.4056
054,face,noise,1,0,4.1433
054,face,noise,3,0,2.5308
054,face,noise,3,1,2.3474
054,face,noise,1,1,2.2303
054,face,noise,3,0,3.5669
054,face,noise,2,0,4.0092
054,face,noise,2,0,4.0444
054,face,noise,1,0,2.0492
055,face,no_noise,1,1,2.3736
055,face,no_noise,2,1,2.4818
055,face,no_noise,3,0,3.8646
055,face,no_noise,2,0,3.7489
055,face,no_noise,3,1,3.2843
055,face,no_noise,2,1,1.6818
055,face,no_noise,2,0,3.8254
055,face,no_noise,3,1,2.5445
055,face,no_noise,2,1,1.949
055,face,no_noise,2,0,2.5852
055,face,no_noise,2,1,1.3431
055,face,no_noise,3,1,3.5484
055,face,no_noise,3,0,1.5102
055,face,no_noise,2,0,3.0594
055,face,no_noise,2,1,2.8921
055,face,no_noise,2,1,2.7445
055,face,no_noise,2,1,2.0684
055,face,no_noise,1,0,2.3122
055,face,no_noise,3,0,2.1702
055,face,no_noise,3,1,2.8927
055,face,no_noise,2,0,2.8732
055,face,no_noise,2,1,3.4845
055,face,no_noise,1,0,2.8433
055,face,no_noise,2,0,3.0433
055,face,no_noise,3,1,2.9929
055,face,no_noise,2,0,2.4612
055,face,no_noise,2,1,3.5327
055,face,no_noise,1,1,2.2948
055,face,no_noise,1,1,4.2956
055,face,no_noise,2,0,1.4013
055,face,noise,3,0,5.0004
055,face,noise,3,1,1.9915
055,face,noise,3,0,3.1659
055,face,noise,1,1,3.4197
055,face,noise,2,0,2.0443
055,face,noise,2,0,2.0078
055,face,noise,2,1,4.1188
055,face,noise,2,0,2.5095
055,face,noise,1,0,3.2261
055,face,noise,2,1,1.26
055,face,noise,3,0,2.0924
055,face,noise,2,1,2.0513
055,face,noise,2,0,1.594
055,face,noise,2,1,2.2332
055,face,noise,2,0,2.1258
055,face,noise,1,0,3.5848
055,face,noise,3,1,1.7337
055,face,noise,3,0,3.0541
055,face,noise,3,1,3.5291
055,face,noise,3,0,1.8492
055,face,noise,3,0,3.2086
055,face,noise,3,0,1.9746
055,face,noise,2,0,4.0253
055,face,noise,2,0,2.0643
055,car,no_noise,2,1,3.7331
055,car,no_noise,1,1,2.7833
055,car,no_noise,3,0,4.1647
055,car,no_noise,3,1,3.2206
055,car,no_noise,2,1,3.8014
055,car,no_noise,2,0,4.2516
055,car,no_noise,3,1,2.5019
055,car,no_noise,3,0,2.3229
055,car,no_noise,1,1,2.6536
055,car,no_noise,3,1,2.3815
055,car,no_noise,3,1,1.7563
055,car,no_noise,3,1,1.5709
055,car,no_noise,3,0,1.6646
055,car,no_noise,2,1,3.8295
055,car,no_noise,3,1,1.8798
055,car,no_noise,2,1,3.0124
055,car,no_noise,3,0,1.8845
055,car,no_noise,2,0,3.249
055,car,no_noise,1,0,2.4302
055,car,no_noise,1,1,2.5023
055,car,no_noise,2,0,1.8969
055,car,no_noise,2,0,1.7829
055,car,no_noise,2,0,2.6547
055,car,no_noise,2,1,5.0841
055,car,no_noise,2,1,1.5135
055,car,no_noise,2,0,2.0639
055,car,no_noise,2,1,2.0649
055,car,no_noise,2,1,1.8328
055,car,no_noise,1,1,3.0629
055,car,no_noise,1,1,2.1675
055,car,noise,1,0,1.8871
055,car,noise,3,1,1.9279
055,car,noise,3,1,1.3605
055,car,noise,1,1,2.3244
055,car,noise,3,0,1.839
055,car,noise,1,0,1.283
055,car,noise,1,1,2.3992
055,car,noise,2,0,1.3422
055,car,noise,2,1,1.86
055,car,noise,1,1,2.3951
055,car,noise,2,0,1.4461
055,car,noise,3,1,2.5073
055,car,noise,2,1,2.8557
055,car,noise,2,0,1.4753
055,car,noise,2,0,1.9523
055,car,noise,2,1,2.4225
055,car,noise,2,1,2.3305
055,car,noise,2,1,1.5436
055,car,noise,2,1,1.4254
055,car,noise,2,1,3.1158
055,car,noise,1,0,1.3896
055,car,noise,3,1,4.0578
055,car,noise,1,1,3.997
055,car,noise,3,1,3.1584
056,car,no_noise,3,0,7.8744
056,car,no_noise,1,1,4.8219
056,car,no_noise,3,0,5.2452
056,car,no_noise,3,1,3.081
056,car,no_noise,2,1,3.1547
056,car,no_noise,3,0,5.469
056,car,no_noise,3,1,5.2623
056,car,no_noise,1,1,3.9329
056,car,no_noise,1,1,3.2836
056,car,no_noise,2,0,3.8131
056,car,no_noise,3,1,4.5276
056,car,no_noise,3,1,3.2395
056,car,no_noise,2,1,5.4119
056,car,no_noise,2,1,3.1639
056,car,no_noise,3,1,3.7485
056,car,no_noise,2,1,4.4822
056,car,no_noise,3,0,2.771
056,car,no_noise,1,1,1.7788
056,car,no_noise,2,1,2.7858
056,car,no_noise,1,1,2.4492
056,car,no_noise,1,1,5.1326
056,car,no_noise,1,1,3.7845
056,car,no_noise,1,0,2.6497
056,car,no_noise,2,1,2.566
056,car,no_noise,2,1,4.2983
056,car,no_noise,3,1,3.5487
056,car,no_noise,3,0,5.2816
056,car,no_noise,2,1,1.6503
056,car,no_noise,1,1,2.3833
056,car,no_noise,2,0,4.2649
056,car,noise,2,1,4.3786
056,car,noise,1,0,2.2773
056,car,noise,2,0,3.4342
056,car,noise,1,1,2.8479
056,car,noise,2,1,3.6681
056,car,noise,2,1,2.0442
056,car,noise,1,1,1.7285
056,car,noise,1,1,1.5793
056,car,noise,2,1,2.5103
056,car,noise,1,1,1.7776
056,car,noise,2,0,3.0782
056,car,noise,3,1,2.9641
056,car,noise,2,1,2.7311
056,car,noise,3,1,2.5283
056,car,noise,3,1,2.7947
056,car,noise,3,0,4.5137
056,car,noise,2,1,3.6468
056,car,noise,2,1,1.5803
056,car,noise,2,1,1.4311
056,car,noise,2,1,2.1167
056,car,noise,3,1,1.8574
056,car,noise,3,1,2.9949
056,car,noise,1,1,3.9155
056,car,noise,3,1,2.779
056,face,no_noise,1,1,1.4997
056,face,no_noise,2,1,1.2614
056,face,no_noise,1,1,1.4451
056,face,no_noise,3,1,1.8823
056,face,no_noise,3,1,1.8296
056,face,no_noise,2,1,1.3448
056,face,no_noise,1,1,1.7209
056,face,no_noise,3,1,1.7296
056,face,no_noise,2,1,1.3624
056,face,no_noise,3,1,1.6777
056,face,no_noise,2,1,0.9779
056,face,no_noise,3,1,1.2111
056,face,no_noise,2,1,1.1967
056,face,no_noise,1,1,1.631
056,face,no_noise,2,1,1.3967
056,face,no_noise,2,1,2.8635
056,face,no_noise,2,1,0.849
056,face,no_noise,2,1,1.3962
056,face,no_noise,3,0,1.2981
056,face,no_noise,3,1,1.6454
056,face,no_noise,2,0,3.3441
056,face,no_noise,2,1,0.9184
056,face,no_noise,2,1,0.9832
056,face,no_noise,1,1,3.0105
056,face,no_noise,3,1,2.6532
056,face,no_noise,1,1,2.3002
056,face,no_noise,2,1,1.7147
056,face,no_noise,1,1,2.9118
056,face,no_noise,1,1,1.0632
056,face,no_noise,3,1,1.7449
056,face,noise,2,1,1.3031
056,face,noise,3,1,1.4832
056,face,noise,3,0,2.9658
056,face,noise,1,1,1.2485
056,face,noise,3,1,2.2172
056,face,noise,1,1,1.7275
056,face,noise,2,1,1.9432
056,face,noise,1,1,1.4137
056,face,noise,2,1,2.9768
056,face,noise,2,1,1.9019
056,face,noise,2,1,0.9938
056,face,noise,2,1,1.7446
056,face,noise,1,1,1.4691
056,face,noise,2,1,1.4604
056,face,noise,1,1,1.6439
056,face,noise,2,1,2.7108
056,face,noise,3,1,1.9644
056,face,noise,1,1,2.5454
056,face,noise,3,1,2.8683
056,face,noise,1,1,3.2097
056,face,noise,2,0,2.9935
056,face,noise,1,1,1.4977
056,face,noise,1,1,2.9953
056,face,noise,1,0,2.693
058,face,no_noise,1,1,5.2488
058,face,no_noise,2,1,4.7896
058,face,no_noise,3,0,3.7054
058,face,no_noise,3,1,2.6079
058,face,no_noise,1,0,6.1722
058,face,no_noise,3,0,5.2561
058,face,no_noise,2,0,6.407
058,face,no_noise,3,1,2.4958
058,face,no_noise,2,1,7.4532
058,face,no_noise,3,1,2.9868
058,face,no_noise,2,1,4.2553
058,face,no_noise,2,0,5.5011
058,face,no_noise,2,1,8.2221
058,face,no_noise,2,0,3.0137
058,face,no_noise,1,0,9.8609000000000009
058,face,no_noise,2,1,15.2995
058,face,no_noise,2,1,8.8599
058,face,no_noise,1,0,4.9395
058,face,no_noise,3,0,10.4612
058,face,no_noise,3,1,7.2913
058,face,no_noise,2,0,42.5524
058,face,no_noise,2,1,31.8662
058,face,no_noise,3,0,2.336
058,face,no_noise,1,1,3.4041
058,face,no_noise,1,0,7.6418
058,face,no_noise,3,0,2.921
058,face,no_noise,2,1,4.29
058,face,no_noise,3,0,6.8913
058,face,no_noise,1,1,18.8952
058,face,no_noise,3,1,4.7475
058,face,noise,2,1,7.8089
058,face,noise,2,0,2.4869
058,face,noise,3,0,2.4698
058,face,noise,3,0,2.6877
058,face,noise,1,0,6.6574
058,face,noise,1,1,5.3559
058,face,noise,2,1,2.7205
058,face,noise,2,0,5.5065
058,face,noise,3,0,8.0483
058,face,noise,1,0,5.0698
058,face,noise,3,0,3.0035
058,face,noise,3,0,2.2402
058,face,noise,3,0,3.0605
058,face,noise,1,0,10.2112
058,face,noise,1,1,4.941
058,face,noise,3,0,1.9992
058,face,noise,3,1,3.0624
058,face,noise,3,0,3.0871
058,face,noise,2,0,4.1263
058,face,noise,1,1,3.9725
058,face,noise,1,1,2.3836
058,face,noise,1,1,2.8646
058,face,noise,1,1,13.7803
058,face,noise,1,0,2.9878
058,car,no_noise,3,0,5.7924
058,car,no_noise,1,1,3.7208
058,car,no_noise,3,0,6.0818
058,car,no_noise,2,0,3.1025
058,car,no_noise,2,1,4.3381
058,car,no_noise,1,1,3.7109
058,car,no_noise,3,1,3.2836
058,car,no_noise,1,1,3.9866
058,car,no_noise,1,1,5.7692
058,car,no_noise,3,1,5.9164
058,car,no_noise,3,1,6.3374
058,car,no_noise,3,1,4.4591
058,car,no_noise,2,1,5.047
058,car,no_noise,2,1,6.049
058,car,no_noise,3,1,4.7628
058,car,no_noise,3,0,4.9226
058,car,no_noise,1,1,4.9701
058,car,no_noise,1,1,2.9098
058,car,no_noise,2,1,7.1084
058,car,no_noise,1,1,3.993
058,car,no_noise,1,1,5.936
058,car,no_noise,1,1,4.4343
058,car,no_noise,2,0,7.1283
058,car,no_noise,2,1,5.1682
058,car,no_noise,2,1,3.7384
058,car,no_noise,3,1,4.2535
058,car,no_noise,2,1,11.6626
058,car,no_noise,2,1,3.0623
058,car,no_noise,1,1,4.6296
058,car,no_noise,2,0,7.5787
058,car,noise,2,1,6.3474
058,car,noise,3,1,6.3228
058,car,noise,2,0,7.1645
058,car,noise,1,1,4.3629
058,car,noise,3,0,2.8226
058,car,noise,2,1,4.6649
058,car,noise,1,1,3.9414
058,car,noise,1,1,3.7215
058,car,noise,2,1,3.0444
058,car,noise,1,1,3.4798
058,car,noise,1,1,10.2072
058,car,noise,2,0,5.32
058,car,noise,2,1,9.8719
058,car,noise,3,1,4.1498
058,car,noise,1,0,9.4042
058,car,noise,2,1,2.843
058,car,noise,2,1,15.8118
058,car,noise,2,1,3.6785
058,car,noise,2,1,3.0785
058,car,noise,2,1,16.909300000000002
058,car,noise,3,1,3.1341
058,car,noise,3,1,19.6524
058,car,noise,3,0,7.05
058,car,noise,3,1,130.1288
059,car,no_noise,2,1,2.8982
059,car,no_noise,2,0,4.8189
059,car,no_noise,2,0,3.1356
059,car,no_noise,3,1,3.6802
059,car,no_noise,2,1,2.4579
059,car,no_noise,1,1,2.1313
059,car,no_noise,3,1,5.4224
059,car,no_noise,1,1,3.0169
059,car,no_noise,1,1,4.8141
059,car,no_noise,3,1,5.9489
059,car,no_noise,1,0,1.8814
059,car,no_noise,1,0,3.7481
059,car,no_noise,2,1,1.6977
059,car,no_noise,1,0,1.5527
059,car,no_noise,3,1,2.4625
059,car,no_noise,2,1,2.1858
059,car,no_noise,1,1,4.6425
059,car,no_noise,2,0,3.9252
059,car,no_noise,2,1,1.081
059,car,no_noise,3,0,2.4643
059,car,no_noise,3,0,3.4462
059,car,no_noise,1,1,3.12
059,car,no_noise,3,1,3.6291
059,car,no_noise,1,0,2.1968
059,car,no_noise,1,0,2.4891
059,car,no_noise,2,0,1.6609
059,car,no_noise,2,1,0.9102
059,car,no_noise,2,1,3.8841
059,car,no_noise,3,0,1.9631
059,car,no_noise,2,0,1.5169
059,car,noise,1,0,2.783
059,car,noise,2,0,3.1432
059,car,noise,3,1,2.2156
059,car,noise,1,1,3.1714
059,car,noise,2,1,1.7406
059,car,noise,2,1,2.8015
059,car,noise,1,1,1.6225
059,car,noise,1,1,1.1395
059,car,noise,1,0,1.7711
059,car,noise,1,1,2.2694
059,car,noise,2,0,1.3644
059,car,noise,3,1,2.6065
059,car,noise,2,1,2.3188
059,car,noise,2,0,1.3652
059,car,noise,3,1,2.4888
059,car,noise,2,1,2.3676
059,car,noise,2,1,2.0937
059,car,noise,2,1,1.8738
059,car,noise,1,0,2.6797
059,car,noise,1,0,2.9554
059,car,noise,2,0,2.9216
059,car,noise,1,0,2.8308
059,car,noise,1,1,2.4723
059,car,noise,2,0,1.5603
059,face,no_noise,1,1,1.4586
059,face,no_noise,2,1,1.8766
059,face,no_noise,1,1,1.5302
059,face,no_noise,3,1,1.3866
059,face,no_noise,3,1,1.9797
059,face,no_noise,2,1,1.8551
059,face,no_noise,1,1,1.4267
059,face,no_noise,3,1,1.8022
059,face,no_noise,2,1,1.7735
059,face,no_noise,3,1,2.4255
059,face,no_noise,1,0,4.1935
059,face,no_noise,2,0,1.439
059,face,no_noise,2,1,1.6636
059,face,no_noise,1,1,1.462
059,face,no_noise,2,1,1.293
059,face,no_noise,3,0,1.9815
059,face,no_noise,2,1,1.335
059,face,no_noise,2,1,0.8481
059,face,no_noise,1,1,1.3334
059,face,no_noise,3,1,1.6907
059,face,no_noise,1,1,1.4287
059,face,no_noise,2,1,1.9437
059,face,no_noise,2,1,1.1224
059,face,no_noise,1,1,1.8852
059,face,no_noise,3,1,1.8602
059,face,no_noise,1,1,0.7996
059,face,no_noise,2,1,2.2347
059,face,no_noise,1,1,1.7797
059,face,no_noise,1,1,1.4066
059,face,no_noise,3,1,1.9122
059,face,noise,3,0,2.0787
059,face,noise,3,1,2.8736
059,face,noise,3,0,1.8632
059,face,noise,1,1,0.8905
059,face,noise,3,1,1.5797
059,face,noise,1,1,1.1029
059,face,noise,2,1,1.2575
059,face,noise,2,0,3.7011
059,face,noise,1,0,0.9083
059,face,noise,2,1,1.7122
059,face,noise,3,0,2.2234
059,face,noise,2,1,1.6142
059,face,noise,2,0,3.393
059,face,noise,2,1,1.6608
059,face,noise,1,1,1.3177
059,face,noise,2,1,1.1882
059,face,noise,3,1,2.3813
059,face,noise,1,1,0.9559
059,face,noise,3,1,2.4012
059,face,noise,1,1,0.9437
059,face,noise,1,1,2.8263
059,face,noise,3,0,3.4411
059,face,noise,1,1,0.8336
059,face,noise,1,0,4.0632
060,face,no_noise,1,1,2.5537
060,face,no_noise,2,1,2.6125
060,face,no_noise,1,1,2.8531
060,face,no_noise,2,0,2.207
060,face,no_noise,2,0,3.7631
060,face,no_noise,2,1,2.9389
060,face,no_noise,1,1,1.8798
060,face,no_noise,3,1,2.0287
060,face,no_noise,2,1,2.5622
060,face,no_noise,3,1,3.2104
060,face,no_noise,2,1,1.6462
060,face,no_noise,3,1,2.4225
060,face,no_noise,2,1,1.8021
060,face,no_noise,1,1,2.0568
060,face,no_noise,2,1,1.5484
060,face,no_noise,2,1,2.6468
060,face,no_noise,2,1,2.3541
060,face,no_noise,1,0,2.0122
060,face,no_noise,3,0,1.8823
060,face,no_noise,2,0,3.2213
060,face,no_noise,2,0,2.9536
060,face,no_noise,2,1,1.655
060,face,no_noise,1,0,2.6928
060,face,no_noise,3,0,3.0398
060,face,no_noise,3,1,2.2457
060,face,no_noise,3,0,2.2796
060,face,no_noise,2,1,2.1275
060,face,no_noise,2,0,1.8946
060,face,no_noise,3,0,2.134
060,face,no_noise,2,0,3.2282
060,face,noise,3,0,3.1668
060,face,noise,3,1,2.5072
060,face,noise,3,0,1.2727
060,face,noise,2,0,1.4884
060,face,noise,3,1,1.4456
060,face,noise,2,0,2.2225
060,face,noise,3,0,1.2067
060,face,noise,2,0,1.7957
060,face,noise,3,0,1.7925
060,face,noise,2,1,1.238
060,face,noise,2,1,2.0277
060,face,noise,3,0,2.2065
060,face,noise,3,0,2.1221
060,face,noise,3,0,2.5128
060,face,noise,2,0,1.04
060,face,noise,1,0,1.7788
060,face,noise,2,0,1.6588
060,face,noise,3,0,1.928
060,face,noise,3,1,2.1944
060,face,noise,3,0,1.6996
060,face,noise,2,0,2.3398
060,face,noise,1,1,2.1391
060,face,noise,3,0,1.255
060,face,noise,3,1,1.4331
060,car,no_noise,3,0,2.4859
060,car,no_noise,2,0,2.2827
060,car,no_noise,3,0,2.0567
060,car,no_noise,3,1,1.5549
060,car,no_noise,1,0,1.4815
060,car,no_noise,1,1,1.1724
060,car,no_noise,3,1,1.2161
060,car,no_noise,1,1,1.2825
060,car,no_noise,1,1,0.9093
060,car,no_noise,3,1,1.282
060,car,no_noise,3,1,1.3162
060,car,no_noise,3,1,1.3824
060,car,no_noise,3,0,0.7587
060,car,no_noise,1,0,0.7063
060,car,no_noise,3,1,1.5223
060,car,no_noise,3,0,0.8162
060,car,no_noise,1,1,1.1882
060,car,no_noise,1,1,0.8427
060,car,no_noise,1,0,0.8211
060,car,no_noise,1,1,1.106
060,car,no_noise,3,0,1.2994
060,car,no_noise,3,0,1.0894
060,car,no_noise,3,1,0.9209
060,car,no_noise,1,0,0.9046
060,car,no_noise,3,0,0.6984
060,car,no_noise,2,0,1.8707
060,car,no_noise,3,0,1.3992
060,car,no_noise,3,0,1.9059
060,car,no_noise,3,0,0.966
060,car,no_noise,1,1,1.8498000000000001
060,car,noise,3,0,2.4004
060,car,noise,1,0,0.9605
060,car,noise,3,1,1.3676
060,car,noise,2,0,1.9784
060,car,noise,2,1,2.521
060,car,noise,2,1,1.6207
060,car,noise,3,0,1.5744
060,car,noise,2,0,1.2212
060,car,noise,1,0,1.1329
060,car,noise,1,1,1.1514
060,car,noise,2,0,2.069
060,car,noise,3,1,2.6769
060,car,noise,1,0,1.1605
060,car,noise,2,0,0.9452
060,car,noise,1,0,1.2491
060,car,noise,2,1,2.5004
060,car,noise,2,1,1.1038
060,car,noise,2,1,1.4166
060,car,noise,2,1,0.9842
060,car,noise,3,0,2.1347
060,car,noise,1,0,1.3258
060,car,noise,1,0,1.1305
060,car,noise,2,0,1.6219
060,car,noise,3,1,2.7836
061,car,no_noise,1,0,55.236
061,car,no_noise,1,1,4.4666
061,car,no_noise,3,0,5.9342
061,car,no_noise,1,0,6.7501
061,car,no_noise,1,0,3.8186
061,car,no_noise,3,0,4.5211
061,car,no_noise,1,0,3.7368
061,car,no_noise,1,1,3.4809
061,car,no_noise,1,1,3.2874
061,car,no_noise,3,1,2.8694
061,car,no_noise,3,1,2.5003
061,car,no_noise,3,1,2.7738
061,car,no_noise,2,1,3.1435
061,car,no_noise,1,0,2.2892
061,car,no_noise,3,1,6.0363
061,car,no_noise,2,1,4.1679
061,car,no_noise,3,0,5.6176
061,car,no_noise,2,0,3.1489
061,car,no_noise,1,0,4.984
061,car,no_noise,3,0,3.7237
061,car,no_noise,1,1,4.0363
061,car,no_noise,1,1,5.3193
061,car,no_noise,1,0,5.8836
061,car,no_noise,2,1,3.4712
061,car,no_noise,2,1,2.572
061,car,no_noise,2,0,3.488
061,car,no_noise,2,1,2.7565
061,car,no_noise,2,1,4.3534
061,car,no_noise,3,0,3.4717
061,car,no_noise,1,1,3.4533
061,car,noise,1,0,3.3206
061,car,noise,3,1,2.5751
061,car,noise,3,1,2.9559
061,car,noise,1,1,2.6457
061,car,noise,2,1,2.0691
061,car,noise,2,1,2.6284
061,car,noise,1,1,2.1602
061,car,noise,1,1,1.014
061,car,noise,1,0,1.1276
061,car,noise,1,1,1.4784
061,car,noise,1,1,1.4907
061,car,noise,3,1,2.1995
061,car,noise,2,1,3.8547
061,car,noise,2,0,2.3944
061,car,noise,1,0,2.6855
061,car,noise,1,0,2.541
061,car,noise,1,0,3.6795
061,car,noise,2,1,2.5814
061,car,noise,2,1,3.2415
061,car,noise,2,1,5.305
061,car,noise,2,0,3.6417
061,car,noise,3,1,4.8556
061,car,noise,1,1,4.485
061,car,noise,3,1,4.4357
061,face,no_noise,1,1,2.65
061,face,no_noise,3,0,2.4574
061,face,no_noise,1,1,1.8302
061,face,no_noise,3,1,2.1308
061,face,no_noise,2,0,2.4064
061,face,no_noise,2,1,1.1454
061,face,no_noise,1,1,1.6077
061,face,no_noise,3,1,1.6576
061,face,no_noise,2,1,2.0576
061,face,no_noise,3,1,1.9505
061,face,no_noise,2,1,4.2079
061,face,no_noise,2,0,1.7413
061,face,no_noise,2,1,1.0924
061,face,no_noise,2,0,1.8276
061,face,no_noise,2,1,1.412
061,face,no_noise,2,1,4.6042
061,face,no_noise,2,1,1.9931
061,face,no_noise,2,1,1.7632
061,face,no_noise,1,1,1.6334
061,face,no_noise,3,1,2.2069
061,face,no_noise,2,0,6.2737
061,face,no_noise,2,1,1.5231
061,face,no_noise,2,1,1.4908
061,face,no_noise,1,1,1.9236
061,face,no_noise,1,0,1.7906
061,face,no_noise,1,1,1.1316
061,face,no_noise,2,1,1.6905
061,face,no_noise,1,1,1.7984
061,face,no_noise,1,1,3.1702
061,face,no_noise,3,1,3.0483
061,face,noise,1,0,2.6141
061,face,noise,2,0,3.9181
061,face,noise,1,1,1.6729
061,face,noise,1,1,1.2079
061,face,noise,3,1,2.0752
061,face,noise,1,1,3.6875
061,face,noise,3,0,3.2699
061,face,noise,1,1,2.298
061,face,noise,2,1,2.1419
061,face,noise,2,1,1.3602
061,face,noise,1,0,2.0116
061,face,noise,2,1,1.6725
061,face,noise,2,0,2.6237
061,face,noise,2,1,0.9515
061,face,noise,2,0,2.14
061,face,noise,1,0,2.8034
061,face,noise,3,1,1.9758
061,face,noise,1,1,2.1967
061,face,noise,2,0,2.1388
061,face,noise,2,0,2.6795
061,face,noise,2,0,1.1421
061,face,noise,2,0,3.7609
061,face,noise,1,1,2.3867
061,face,noise,3,1,2.3441
062,car,no_noise,3,0,5.6446
062,car,no_noise,2,0,5.8552
062,car,no_noise,3,0,9.567
062,car,no_noise,3,1,6.8041
062,car,no_noise,1,0,6.7444
062,car,no_noise,3,0,4.3704
062,car,no_noise,3,1,3.6651
062,car,no_noise,1,1,3.2428
062,car,no_noise,1,1,5.1638
062,car,no_noise,1,0,5.963
062,car,no_noise,1,0,3.2032
062,car,no_noise,1,0,6.2394
062,car,no_noise,2,1,3.3691
062,car,no_noise,2,1,3.7566
062,car,no_noise,2,0,10.7913
062,car,no_noise,3,0,3.5254
062,car,no_noise,1,1,4.1075
062,car,no_noise,2,0,4.5871
062,car,no_noise,3,0,3.3949
062,car,no_noise,3,0,3.3156
062,car,no_noise,3,0,3.7682
062,car,no_noise,1,1,3.5729
062,car,no_noise,2,0,8.7893
062,car,no_noise,1,0,5.1131
062,car,no_noise,2,1,3.1848
062,car,no_noise,1,0,5.4327
062,car,no_noise,3,0,5.2116
062,car,no_noise,2,1,3.6802
062,car,no_noise,3,0,2.5403
062,car,no_noise,2,0,2.9015
062,car,noise,2,1,3.1717
062,car,noise,3,1,4.671
062,car,noise,2,0,4.2031
062,car,noise,1,1,3.6862
062,car,noise,2,1,3.0462
062,car,noise,2,1,3.4374
062,car,noise,1,1,3.6494
062,car,noise,1,1,1.8728
062,car,noise,1,0,2.014
062,car,noise,1,1,6.217
062,car,noise,2,0,3.1109
062,car,noise,3,1,4.7366
062,car,noise,2,1,2.56
062,car,noise,1,0,4.2056
062,car,noise,3,1,3.4115
062,car,noise,2,1,3.3834
062,car,noise,2,1,3.318
062,car,noise,2,1,2.893
062,car,noise,1,0,4.8637
062,car,noise,2,1,3.2195
062,car,noise,2,0,3.5767
062,car,noise,1,0,1.9086
062,car,noise,1,1,3.7209
062,car,noise,3,1,3.359
062,face,no_noise,1,1,2.8473
062,face,no_noise,2,1,2.5873
062,face,no_noise,1,1,2.7176
062,face,no_noise,3,1,3.1737
062,face,no_noise,1,0,4.0157
062,face,no_noise,2,1,3.4224
062,face,no_noise,1,1,2.1325
062,face,no_noise,3,1,1.8537
062,face,no_noise,2,1,1.7905
062,face,no_noise,3,1,2.4382
062,face,no_noise,2,1,2.1258
062,face,no_noise,3,1,2.0901
062,face,no_noise,2,1,2.2438
062,face,no_noise,1,1,2.0359
062,face,no_noise,2,1,1.5945
062,face,no_noise,2,1,3.219
062,face,no_noise,2,1,1.5174
062,face,no_noise,1,0,3.4934
062,face,no_noise,3,0,3.0697
062,face,no_noise,3,1,2.4751
062,face,no_noise,2,0,3.2834
062,face,no_noise,2,1,2.8331
062,face,no_noise,3,0,3.4184
062,face,no_noise,1,1,3.9747
062,face,no_noise,3,1,2.4382
062,face,no_noise,3,0,3.5025
062,face,no_noise,2,1,2.8748
062,face,no_noise,2,0,2.2665
062,face,no_noise,1,1,1.8662
062,face,no_noise,2,0,2.6729
062,face,noise,2,1,3.0985
062,face,noise,3,1,1.8628
062,face,noise,2,0,2.8809
062,face,noise,1,1,2.1024
062,face,noise,3,1,3.328
062,face,noise,1,1,1.6188
062,face,noise,2,1,2.1636
062,face,noise,1,1,1.7131
062,face,noise,1,0,2.1014
062,face,noise,2,1,1.4818
062,face,noise,3,0,2.4312
062,face,noise,1,0,2.3983
062,face,noise,1,1,2.1413
062,face,noise,2,1,1.8501
062,face,noise,1,1,1.8836
062,face,noise,2,1,2.5261
062,face,noise,3,1,1.8467
062,face,noise,3,0,2.3431
062,face,noise,3,1,1.9244
062,face,noise,2,0,2.6294
062,face,noise,1,1,1.8464
062,face,noise,1,1,2.7723
062,face,noise,1,1,2.5041
062,face,noise,3,1,3.1345
063,face,no_noise,1,1,4.5053
063,face,no_noise,2,1,2.3841
063,face,no_noise,1,1,1.9787
063,face,no_noise,3,1,4.1812
063,face,no_noise,3,1,3.3514
063,face,no_noise,2,1,3.9212
063,face,no_noise,2,0,3.4368
063,face,no_noise,3,1,3.303
063,face,no_noise,2,1,4.682
063,face,no_noise,3,1,6.7508
063,face,no_noise,2,1,2.6785
063,face,no_noise,3,1,2.9601
063,face,no_noise,2,1,4.0564
063,face,no_noise,1,1,2.733
063,face,no_noise,2,1,1.8359
063,face,no_noise,3,0,5.5238
063,face,no_noise,2,1,3.2708
063,face,no_noise,1,0,10.3092
063,face,no_noise,2,0,7.2388
063,face,no_noise,3,1,2.9134
063,face,no_noise,2,0,3.4594
063,face,no_noise,2,1,2.4662
063,face,no_noise,2,1,3.3721
063,face,no_noise,3,0,2.8588
063,face,no_noise,3,1,3.3519
063,face,no_noise,1,1,4.5744
063,face,no_noise,2,1,2.8994
063,face,no_noise,2,0,6.0251
063,face,no_noise,1,1,2.5661
063,face,no_noise,3,1,4.0105
063,face,noise,2,1,3.4585
063,face,noise,3,1,4.4704
063,face,noise,2,0,3.5383
063,face,noise,1,1,2.2297
063,face,noise,2,0,2.3509
063,face,noise,1,1,2.5979
063,face,noise,2,1,3.1042
063,face,noise,2,0,2.9926
063,face,noise,1,0,3.2587
063,face,noise,2,1,1.7286
063,face,noise,2,1,2.5134
063,face,noise,2,1,4.3874
063,face,noise,1,1,3.1327
063,face,noise,2,1,2.5713
063,face,noise,1,1,2.1512
063,face,noise,3,0,2.8627
063,face,noise,3,1,2.477
063,face,noise,1,1,2.9692
063,face,noise,3,1,2.5873
063,face,noise,2,0,3.9866
063,face,noise,1,1,2.714
063,face,noise,1,1,2.3473
063,face,noise,1,1,5.2739
063,face,noise,1,0,3.1805
063,car,no_noise,2,1,2.7736
063,car,no_noise,2,0,3.1955
063,car,no_noise,3,0,4.4715
063,car,no_noise,2,0,2.5509
063,car,no_noise,1,0,4.102
063,car,no_noise,3,0,3.2547
063,car,no_noise,1,0,3.4338
063,car,no_noise,3,0,4.1154
063,car,no_noise,1,1,6.2074
063,car,no_noise,3,1,5.7459
063,car,no_noise,1,0,6.3718
063,car,no_noise,3,1,2.9324
063,car,no_noise,2,1,6.8771
063,car,no_noise,3,0,9.2561
063,car,no_noise,2,0,7.918
063,car,no_noise,2,1,6.4329
063,car,no_noise,2,0,3.1299
063,car,no_noise,3,0,3.028
063,car,no_noise,3,0,7.9296
063,car,no_noise,1,1,4.1487
063,car,no_noise,2,0,5.8809
063,car,no_noise,1,1,6.8573
063,car,no_noise,2,0,4.1197
063,car,no_noise,2,1,5.3862
063,car,no_noise,2,1,8.4881
063,car,no_noise,2,0,7.2339
063,car,no_noise,2,1,7.3918
063,car,no_noise,1,0,5.8297
063,car,no_noise,1,1,3.324
063,car,no_noise,1,1,5.5865
063,car,noise,2,1,7.8298
063,car,noise,3,1,5.366
063,car,noise,2,0,2.0632
063,car,noise,1,1,1.935
063,car,noise,2,1,1.6747
063,car,noise,2,1,2.3781
063,car,noise,1,1,1.786
063,car,noise,1,1,1.5675
063,car,noise,1,0,1.4916
063,car,noise,2,0,3.4572
063,car,noise,2,0,5.8111
063,car,noise,3,1,4.4881
063,car,noise,2,1,1.8942
063,car,noise,3,1,4.8119
063,car,noise,3,1,3.4191
063,car,noise,2,1,5.8894
063,car,noise,2,1,1.8898
063,car,noise,1,0,2.5572
063,car,noise,2,1,2.5664
063,car,noise,1,0,2.5494
063,car,noise,2,0,2.9972
063,car,noise,1,0,3.194
063,car,noise,1,1,3.4912
063,car,noise,3,1,6.3382
064,face,no_noise,1,1,2.534
064,face,no_noise,1,0,1.919
064,face,no_noise,1,1,1.5085
064,face,no_noise,3,1,1.953
064,face,no_noise,3,1,1.9356
064,face,no_noise,2,1,1.2716
064,face,no_noise,2,0,2.0095
064,face,no_noise,3,1,1.7077
064,face,no_noise,2,1,1.4571
064,face,no_noise,3,1,1.8196
064,face,no_noise,2,1,1.5238
064,face,no_noise,3,1,1.6928
064,face,no_noise,2,1,1.3749
064,face,no_noise,1,1,2.4709
064,face,no_noise,2,1,1.4725
064,face,no_noise,3,0,1.5393
064,face,no_noise,2,1,1.7188
064,face,no_noise,3,0,1.1849
064,face,no_noise,3,0,1.652
064,face,no_noise,3,1,1.5034
064,face,no_noise,2,0,2.1459
064,face,no_noise,2,1,1.3996
064,face,no_noise,1,0,1.503
064,face,no_noise,3,0,2.2057
064,face,no_noise,3,1,1.6406
064,face,no_noise,1,1,2.911
064,face,no_noise,2,1,1.7527
064,face,no_noise,2,0,1.3427
064,face,no_noise,1,1,2.6618
064,face,no_noise,3,1,2.2237
064,face,noise,3,0,2.224
064,face,noise,1,0,1.2734
064,face,noise,3,0,1.9415
064,face,noise,2,0,2.6536
064,face,noise,3,1,3.3727
064,face,noise,1,1,1.0905
064,face,noise,1,0,1.6023
064,face,noise,1,1,2.0718
064,face,noise,1,0,1.1758
064,face,noise,2,1,1.7197
064,face,noise,1,0,2.7394
064,face,noise,2,1,1.4535
064,face,noise,1,1,1.7885
064,face,noise,2,1,1.453
064,face,noise,1,1,5.4473
064,face,noise,3,0,1.9197
064,face,noise,3,1,5.7596
064,face,noise,1,1,0.9051
064,face,noise,1,0,1.6023
064,face,noise,2,0,1.4649
064,face,noise,3,0,1.824
064,face,noise,1,1,2.11
064,face,noise,3,0,10.1621
064,face,noise,1,0,2.6242
064,car,no_noise,1,0,2.3721
064,car,no_noise,1,1,3.2347
064,car,no_noise,1,1,2.4856
064,car,no_noise,3,1,1.6308
064,car,no_noise,1,0,3.049
064,car,no_noise,3,0,3.2888
064,car,no_noise,1,0,2.8044
064,car,no_noise,1,1,1.1146
064,car,no_noise,1,1,1.5853
064,car,no_noise,1,0,2.4088
064,car,no_noise,1,0,2.3347
064,car,no_noise,3,1,3.4155
064,car,no_noise,2,1,3.0219
064,car,no_noise,3,0,1.5054
064,car,no_noise,2,0,4.2479
064,car,no_noise,2,1,1.9826
064,car,no_noise,1,1,1.4829
064,car,no_noise,2,0,1.5023
064,car,no_noise,2,1,1.2832
064,car,no_noise,3,0,1.836
064,car,no_noise,3,0,1.4446
064,car,no_noise,1,1,1.4961
064,car,no_noise,1,0,2.5057
064,car,no_noise,3,0,1.9301
064,car,no_noise,2,1,2.0714
064,car,no_noise,1,0,1.7027
064,car,no_noise,2,1,2.1839
064,car,no_noise,2,1,2.0617
064,car,no_noise,3,0,2.2226
064,car,no_noise,1,1,5.211
064,car,noise,3,0,3.0166
064,car,noise,2,0,1.8978
064,car,noise,3,1,2.7598
064,car,noise,1,1,1.1642
064,car,noise,3,0,1.5013
064,car,noise,2,1,4.2168
064,car,noise,1,1,1.9172
064,car,noise,1,1,5.2196
064,car,noise,1,0,5.8553
064,car,noise,1,1,1.7212
064,car,noise,1,1,10.3896
064,car,noise,2,0,1.4955
064,car,noise,1,0,27.1194
064,car,noise,1,0,19.1079
064,car,noise,2,0,1.2412
064,car,noise,3,0,1.7683
064,car,noise,1,0,51.5403
064,car,noise,3,0,2.3339
064,car,noise,3,0,3.1208
064,car,noise,3,0,92.7996
064,car,noise,1,0,3.849
064,car,noise,1,0,0.8893
064,car,noise,3,0,1.2848
064,car,noise,1,0,1.3639
065,car,no_noise,2,1,3.1383
065,car,no_noise,3,0,2.6296
065,car,no_noise,3,0,2.5969
065,car,no_noise,1,0,3.0287
065,car,no_noise,2,1,2.7019
065,car,no_noise,3,0,1.8561
065,car,no_noise,2,0,1.9136
065,car,no_noise,1,1,2.2704
065,car,no_noise,1,1,2.2317
065,car,no_noise,2,0,2.4768
065,car,no_noise,1,0,2.1622
065,car,no_noise,1,0,3.0746000000000002
065,car,no_noise,2,1,1.3612
065,car,no_noise,1,0,2.1111
065,car,no_noise,3,1,2.5989
065,car,no_noise,1,0,2.5637
065,car,no_noise,2,0,2.6213
065,car,no_noise,2,0,1.7981
065,car,no_noise,2,1,2.797
065,car,no_noise,3,0,2.6808
065,car,no_noise,1,1,3.5103
065,car,no_noise,1,1,1.2983
065,car,no_noise,1,0,2.1534
065,car,no_noise,2,1,2.562
065,car,no_noise,2,1,1.7668
065,car,no_noise,2,0,2.6494
065,car,no_noise,2,1,2.3792
065,car,no_noise,1,0,2.2655
065,car,no_noise,2,0,1.8467
065,car,no_noise,1,1,2.9364
065,car,noise,3,0,2.5042
065,car,noise,1,0,2.355
065,car,noise,3,1,1.939
065,car,noise,2,0,2.0861
065,car,noise,2,1,1.2789
065,car,noise,1,0,2.2638
065,car,noise,1,1,2.254
065,car,noise,1,1,1.749
065,car,noise,1,0,1.2722
065,car,noise,1,1,2.4511
065,car,noise,1,1,2.0977
065,car,noise,1,0,2.2195
065,car,noise,2,1,1.4267
065,car,noise,1,0,1.8763
065,car,noise,3,1,2.3266
065,car,noise,1,0,2.0831
065,car,noise,2,1,1.6618
065,car,noise,2,1,1.6084
065,car,noise,2,1,2.4089
065,car,noise,3,0,2.7419
065,car,noise,2,0,1.9582
065,car,noise,1,0,2.0593
065,car,noise,1,1,1.654
065,car,noise,1,0,2.5221
065,face,no_noise,1,1,1.8522
065,face,no_noise,2,1,1.6534
065,face,no_noise,1,1,1.845
065,face,no_noise,3,1,1.9188
065,face,no_noise,1,0,3.1116
065,face,no_noise,2,1,2.1268
065,face,no_noise,2,0,2.0606
065,face,no_noise,3,1,2.2439
065,face,no_noise,2,1,2.2527
065,face,no_noise,3,1,2.1596
065,face,no_noise,2,1,2.2746
065,face,no_noise,3,1,2.3288
065,face,no_noise,2,1,1.7958
065,face,no_noise,1,1,2.6585
065,face,no_noise,2,1,2.4802
065,face,no_noise,2,1,1.2133
065,face,no_noise,2,1,2.4108
065,face,no_noise,2,1,2.2652
065,face,no_noise,3,0,2.043
065,face,no_noise,3,1,1.5116
065,face,no_noise,2,0,2.3642
065,face,no_noise,2,1,1.6089
065,face,no_noise,2,1,1.5965
065,face,no_noise,3,0,3.5086
065,face,no_noise,3,1,1.6943
065,face,no_noise,2,0,1.646
065,face,no_noise,3,0,2.9526
065,face,no_noise,2,0,2.0915
065,face,no_noise,1,1,2.2305
065,face,no_noise,2,0,1.8448
065,face,noise,3,0,2.635
065,face,noise,3,1,1.5009
065,face,noise,1,1,1.8093
065,face,noise,1,1,1.7517
065,face,noise,3,1,2.2572
065,face,noise,1,1,1.8559
065,face,noise,3,0,2.0511
065,face,noise,1,1,2.201
065,face,noise,2,1,2.0429
065,face,noise,3,0,1.6749
065,face,noise,3,0,1.7203
065,face,noise,1,0,1.4684
065,face,noise,3,0,2.1842
065,face,noise,2,1,1.6505
065,face,noise,1,1,1.5869
065,face,noise,1,0,1.7228
065,face,noise,3,1,1.5898
065,face,noise,3,0,1.7011
065,face,noise,3,1,2.0743
065,face,noise,2,0,2.0178
065,face,noise,1,1,1.7023
065,face,noise,2,0,2.1595
065,face,noise,2,0,1.9928
065,face,noise,3,1,1.8842
067,car,no_noise,1,0,10.9828
067,car,no_noise,1,1,6.4391
067,car,no_noise,1,1,4.8677
067,car,no_noise,3,1,5.1188
067,car,no_noise,2,1,1.9479
067,car,no_noise,1,1,9.5118
067,car,no_noise,3,1,2.0569
067,car,no_noise,3,0,1.9851
067,car,no_noise,1,1,1.8939
067,car,no_noise,1,0,2.7629
067,car,no_noise,3,1,2.0933
067,car,no_noise,3,1,3.4277
067,car,no_noise,3,0,2.2696
067,car,no_noise,2,1,3.3324
067,car,no_noise,1,0,3.2337
067,car,no_noise,3,0,4.8167
067,car,no_noise,1,1,3.2873
067,car,no_noise,2,0,2.1917
067,car,no_noise,3,0,3.9966
067,car,no_noise,3,0,4.7462
067,car,no_noise,3,0,3.951
067,car,no_noise,1,1,7.4021
067,car,no_noise,3,1,9.07
067,car,no_noise,2,1,6.5833
067,car,no_noise,2,1,2.633
067,car,no_noise,2,0,6.1738
067,car,no_noise,1,0,3.4751
067,car,no_noise,1,0,2.7596
067,car,no_noise,3,0,4.538
067,car,no_noise,1,1,3.4677
067,car,noise,3,0,3.0284
067,car,noise,2,0,5.1991
067,car,noise,3,1,1.9101
067,car,noise,2,0,2.6554
067,car,noise,3,0,5.427
067,car,noise,2,1,4.0056
067,car,noise,3,0,1.9237
067,car,noise,2,0,2.4085
067,car,noise,2,1,1.6424
067,car,noise,1,1,2.3712
067,car,noise,1,1,4.4566
067,car,noise,3,1,3.0782
067,car,noise,2,1,2.3181
067,car,noise,3,1,3.05
067,car,noise,3,1,5.2171
067,car,noise,2,1,2.4523
067,car,noise,1,0,3.1739
067,car,noise,2,1,4.3956
067,car,noise,2,1,3.9409
067,car,noise,2,1,4.47
067,car,noise,3,1,2.7918
067,car,noise,3,1,7.0057
067,car,noise,1,1,3.0627
067,car,noise,3,1,5.1765
067,face,no_noise,1,1,2.4138
067,face,no_noise,2,1,1.6909
067,face,no_noise,1,1,1.2253
067,face,no_noise,3,1,1.2635
067,face,no_noise,3,1,1.9145
067,face,no_noise,2,1,1.0062
067,face,no_noise,3,0,2.3529
067,face,no_noise,3,1,1.1736
067,face,no_noise,2,1,0.9179
067,face,no_noise,3,1,1.0812
067,face,no_noise,2,1,0.9275
067,face,no_noise,3,1,1.1191
067,face,no_noise,2,1,0.8338
067,face,no_noise,1,1,1.7035
067,face,no_noise,2,1,1.0409
067,face,no_noise,3,0,1.4021
067,face,no_noise,2,1,0.9345
067,face,no_noise,2,1,1.3448
067,face,no_noise,1,1,2.5681
067,face,no_noise,3,1,1.6512
067,face,no_noise,2,0,1.302
067,face,no_noise,2,1,0.9279
067,face,no_noise,2,1,0.8678
067,face,no_noise,1,1,1.7336
067,face,no_noise,3,1,1.5661
067,face,no_noise,1,1,1.5792
067,face,no_noise,2,1,1.1488
067,face,no_noise,2,0,1.8125
067,face,no_noise,1,1,0.9865
067,face,no_noise,3,1,1.3951
067,face,noise,3,0,2.4404
067,face,noise,1,0,1.04
067,face,noise,1,1,1.8274
067,face,noise,1,1,0.8894
067,face,noise,3,1,1.4107
067,face,noise,1,1,1.882
067,face,noise,2,1,3.0521
067,face,noise,1,1,1.9533
067,face,noise,2,1,2.1967
067,face,noise,2,1,1.2201
067,face,noise,1,0,1.2192
067,face,noise,1,0,1.8307
067,face,noise,1,1,1.1127
067,face,noise,2,1,1.0809
067,face,noise,1,1,1.0118
067,face,noise,3,0,2.1872
067,face,noise,1,0,1.0436
067,face,noise,1,1,1.0011
067,face,noise,3,1,1.2745
067,face,noise,1,1,2.3287
067,face,noise,3,0,1.3099
067,face,noise,1,1,1.1652
067,face,noise,3,0,1.1368
067,face,noise,3,1,1.4208
068,face,no_noise,1,1,2.2933
068,face,no_noise,2,1,1.5867
068,face,no_noise,1,1,3.6224
068,face,no_noise,3,1,2.2298
068,face,no_noise,2,0,3.086
068,face,no_noise,3,0,4.2201
068,face,no_noise,1,1,2.1515
068,face,no_noise,3,1,2.1016
068,face,no_noise,2,1,3.5119
068,face,no_noise,3,1,3.1874
068,face,no_noise,2,1,1.8686
068,face,no_noise,2,0,4.041
068,face,no_noise,3,0,5.2871
068,face,no_noise,1,1,2.2033
068,face,no_noise,2,1,2.7116
068,face,no_noise,2,1,3.4532
068,face,no_noise,3,0,4.8979
068,face,no_noise,1,0,2.2968
068,face,no_noise,3,0,3.8792
068,face,no_noise,3,1,1.9348
068,face,no_noise,1,1,3.7361
068,face,no_noise,2,1,2.5353
068,face,no_noise,2,1,2.7315
068,face,no_noise,3,0,3.8465
068,face,no_noise,3,1,2.4727
068,face,no_noise,2,0,4.1408
068,face,no_noise,2,1,4.2199
068,face,no_noise,1,1,1.8629
068,face,no_noise,1,1,1.7511
068,face,no_noise,3,1,5.2195
068,face,noise,2,1,3.3625
068,face,noise,3,1,2.9238
068,face,noise,1,1,3.1278
068,face,noise,2,0,4.2261
068,face,noise,3,1,4.1707
068,face,noise,1,1,2.0189
068,face,noise,2,1,3.1857
068,face,noise,1,1,4.37
068,face,noise,2,1,2.3225
068,face,noise,2,1,3.553
068,face,noise,1,0,3.4883
068,face,noise,3,0,2.1355
068,face,noise,3,0,6.0929
068,face,noise,1,0,3.271
068,face,noise,1,1,3.5877
068,face,noise,3,0,3.9734
068,face,noise,2,0,2.0879
068,face,noise,2,0,3.3779
068,face,noise,2,0,5.5073
068,face,noise,3,0,7.1051
068,face,noise,3,0,4.2462
068,face,noise,3,0,3.489
068,face,noise,2,0,3.1185
068,face,noise,1,0,4.8968
068,car,no_noise,2,1,6.872
068,car,no_noise,2,0,11.1407
068,car,no_noise,3,0,6.8554
068,car,no_noise,2,0,7.0386
068,car,no_noise,1,0,4.5869
068,car,no_noise,3,0,5.8874
068,car,no_noise,3,1,5.8884
068,car,no_noise,1,1,11.0913
068,car,no_noise,1,1,3.8033
068,car,no_noise,3,1,8.5066
068,car,no_noise,3,1,4.187
068,car,no_noise,3,1,2.9187
068,car,no_noise,2,1,6.1878
068,car,no_noise,1,0,8.2891
068,car,no_noise,3,1,6.3549
068,car,no_noise,2,1,7.4215
068,car,no_noise,1,1,3.086
068,car,no_noise,1,1,2.2518
068,car,no_noise,2,1,5.4209
068,car,no_noise,3,0,7.823
068,car,no_noise,1,1,5.9379
068,car,no_noise,3,0,7.5385
068,car,no_noise,3,1,8.84
068,car,no_noise,2,1,3.153
068,car,no_noise,2,1,2.6523
068,car,no_noise,3,1,5.0373
068,car,no_noise,2,1,9.1394
068,car,no_noise,2,1,4.2528
068,car,no_noise,1,1,9.707
068,car,no_noise,2,0,8.9396
068,car,noise,2,1,7.6226
068,car,noise,3,1,4.4368
068,car,noise,3,1,8.5397
068,car,noise,1,1,2.7518
068,car,noise,2,1,2.7019
068,car,noise,2,1,2.9522
068,car,noise,1,1,2.7515
068,car,noise,1,1,5.0047
068,car,noise,2,1,6.3377
068,car,noise,1,1,3.1364
068,car,noise,2,0,6.0206
068,car,noise,3,1,2.7361
068,car,noise,2,1,3.1527
068,car,noise,3,1,6.1047
068,car,noise,3,1,4.6201
068,car,noise,3,0,9.3072
068,car,noise,2,1,2.4525
068,car,noise,2,1,3.8196
068,car,noise,2,1,2.319
068,car,noise,2,1,4.6037
068,car,noise,3,1,2.6775
068,car,noise,3,1,13.8604
068,car,noise,1,1,3.2717
068,car,noise,3,1,6.4715
069,car,no_noise,1,0,5.2592
069,car,no_noise,1,1,3.5935
069,car,no_noise,3,0,2.6459
069,car,no_noise,2,0,3.9006
069,car,no_noise,1,0,2.9766
069,car,no_noise,3,0,5.5572
069,car,no_noise,2,0,3.8096
069,car,no_noise,1,1,4.5318
069,car,no_noise,2,0,3.5112
069,car,no_noise,3,1,3.1412
069,car,no_noise,3,1,4.803
069,car,no_noise,1,0,3.1921
069,car,no_noise,2,1,4.2619
069,car,no_noise,3,0,2.7533
069,car,no_noise,2,0,3.1219
069,car,no_noise,3,0,3.9514
069,car,no_noise,2,0,6.4262
069,car,no_noise,2,0,7.2349
069,car,no_noise,1,0,2.6698
069,car,no_noise,3,0,5.3538
069,car,no_noise,2,0,1.6391
069,car,no_noise,2,0,2.7733
069,car,no_noise,2,0,2.098
069,car,no_noise,3,0,2.7933
069,car,no_noise,1,0,2.7345
069,car,no_noise,2,0,2.4177
069,car,no_noise,2,1,3.3039
069,car,no_noise,1,0,2.2543
069,car,no_noise,3,0,1.3193
069,car,no_noise,1,1,1.9261
069,car,noise,1,0,8.0366
069,car,noise,3,1,6.898
069,car,noise,3,1,6.3557
069,car,noise,1,1,7.0696
069,car,noise,2,1,7.8501
069,car,noise,2,1,8.3299
069,car,noise,1,1,5.3699
069,car,noise,1,1,3.2143
069,car,noise,1,0,8.5816
069,car,noise,1,1,8.5519
069,car,noise,2,0,3.9763
069,car,noise,3,1,7.9724
069,car,noise,2,1,6.1395
069,car,noise,1,0,2.8202
069,car,noise,2,0,9.581
069,car,noise,3,0,9.8653
069,car,noise,1,0,6.4505
069,car,noise,2,1,6.7004
069,car,noise,3,0,8.9648
069,car,noise,3,0,5.4
069,car,noise,2,0,9.0012
069,car,noise,2,0,8.2847
069,car,noise,2,0,5.4928
069,car,noise,3,1,9.3349
069,face,no_noise,1,1,2.4506
069,face,no_noise,2,1,3.5843
069,face,no_noise,1,1,2.6907
069,face,no_noise,3,1,3.1696
069,face,no_noise,2,0,3.2673
069,face,no_noise,2,1,1.8679
069,face,no_noise,1,1,2.569
069,face,no_noise,3,1,1.4072
069,face,no_noise,2,1,2.3007
069,face,no_noise,3,1,1.7222
069,face,no_noise,2,1,2.2085
069,face,no_noise,3,1,1.9555
069,face,no_noise,2,1,1.4282
069,face,no_noise,1,1,1.9676
069,face,no_noise,2,1,1.3018
069,face,no_noise,3,0,3.4183
069,face,no_noise,2,1,1.0685
069,face,no_noise,1,0,2.3725
069,face,no_noise,3,0,1.1975
069,face,no_noise,3,1,1.2813
069,face,no_noise,2,0,1.2971
069,face,no_noise,1,0,2.5226
069,face,no_noise,2,1,1.5411
069,face,no_noise,3,0,3.0846
069,face,no_noise,3,1,2.5858
069,face,no_noise,1,1,2.1898
069,face,no_noise,1,0,2.3521
069,face,no_noise,2,0,3.1318
069,face,no_noise,3,0,2.1524
069,face,no_noise,2,0,3.5774
069,face,noise,2,1,3.1367
069,face,noise,3,1,2.2008
069,face,noise,2,0,2.3353
069,face,noise,3,0,1.9135
069,face,noise,3,1,2.0555
069,face,noise,1,1,3.2809
069,face,noise,2,1,2.2193
069,face,noise,1,1,1.835
069,face,noise,2,1,1.4971
069,face,noise,2,1,2.0238
069,face,noise,2,1,3.2516
069,face,noise,1,0,1.6181
069,face,noise,1,1,5.1412
069,face,noise,2,1,3.47
069,face,noise,1,1,1.1868
069,face,noise,2,1,4.1369
069,face,noise,3,1,1.3266
069,face,noise,1,1,1.834
069,face,noise,3,1,1.4194
069,face,noise,2,0,1.8608
069,face,noise,2,0,5.062
069,face,noise,1,1,4.3119
069,face,noise,3,0,2.1456
069,face,noise,1,0,1.3682
070,car,no_noise,1,0,24.667
070,car,no_noise,1,1,7.4351
070,car,no_noise,1,1,11.918
070,car,no_noise,3,1,5.1194
070,car,no_noise,2,1,5.5193
070,car,no_noise,3,0,22.5094
070,car,no_noise,3,1,13.7698
070,car,no_noise,1,1,8.0371
070,car,no_noise,1,1,7.934
070,car,no_noise,2,0,17.6449
070,car,no_noise,3,1,16.3494
070,car,no_noise,3,1,5.4209
070,car,no_noise,2,1,7.9169
070,car,no_noise,2,1,9.6858
070,car,no_noise,1,0,18.473
070,car,no_noise,2,1,11.7507
070,car,no_noise,1,1,6.5999
070,car,no_noise,1,1,5.5089
070,car,no_noise,3,0,9.0939
070,car,no_noise,1,1,9.0156
070,car,no_noise,1,1,4.434
070,car,no_noise,2,0,20.1246
070,car,no_noise,2,0,21.0042
070,car,no_noise,2,1,4.5049
070,car,no_noise,2,1,10.0886
070,car,no_noise,3,1,34.801
070,car,no_noise,2,1,10.5788
070,car,no_noise,2,1,4.7514
070,car,no_noise,1,1,4.3709
070,car,no_noise,1,1,6.714
070,car,noise,2,1,6.2055
070,car,noise,3,1,3.4037
070,car,noise,3,1,6.8763
070,car,noise,1,1,2.9884
070,car,noise,2,1,18.3092
070,car,noise,2,1,9.7252
070,car,noise,1,1,5.8385
070,car,noise,3,0,9.0556
070,car,noise,2,1,3.1914
070,car,noise,1,1,2.7592
070,car,noise,1,1,6.0516
070,car,noise,3,1,8.0021
070,car,noise,2,1,5.535
070,car,noise,3,1,5.9515
070,car,noise,3,1,7.9674
070,car,noise,2,1,12.6349
070,car,noise,2,1,5.9641
070,car,noise,2,1,13.0359
070,car,noise,2,1,3.6598
070,car,noise,2,1,2.9903
070,car,noise,3,1,5.5904
070,car,noise,3,1,3.5682
070,car,noise,1,1,8.7019
070,car,noise,3,1,4.6713
070,face,no_noise,1,1,3.5691
070,face,no_noise,2,1,2.5692
070,face,no_noise,1,1,2.6702
070,face,no_noise,3,1,8.4635
070,face,no_noise,3,1,4.3042
070,face,no_noise,2,1,4.7705
070,face,no_noise,1,1,3.2012
070,face,no_noise,3,1,1.6698
070,face,no_noise,2,1,2.0387
070,face,no_noise,3,1,4.3372
070,face,no_noise,2,1,1.784
070,face,no_noise,3,1,2.4039
070,face,no_noise,2,1,1.8526
070,face,no_noise,1,1,2.4337
070,face,no_noise,2,1,1.9221
070,face,no_noise,2,1,5.6511
070,face,no_noise,2,1,3.0194
070,face,no_noise,2,1,4.1666
070,face,no_noise,1,1,3.4176
070,face,no_noise,3,1,2.3345
070,face,no_noise,1,1,6.6706
070,face,no_noise,2,1,3.9344
070,face,no_noise,2,1,2.6841
070,face,no_noise,1,1,3.6914
070,face,no_noise,3,1,2.8635
070,face,no_noise,1,1,5.9207
070,face,no_noise,2,1,3.6331
070,face,no_noise,1,1,4.437
070,face,no_noise,1,1,3.0186
070,face,no_noise,3,1,2.6696
070,face,noise,2,1,3.0176
070,face,noise,3,1,2.3923
070,face,noise,1,1,2.2263
070,face,noise,1,1,3.634
070,face,noise,3,1,3.0607
070,face,noise,1,1,4.0022
070,face,noise,2,1,2.0845
070,face,noise,1,1,6.3024
070,face,noise,2,1,2.301
070,face,noise,2,1,3.1397
070,face,noise,2,1,2.5259
070,face,noise,2,1,3.6577
070,face,noise,1,1,2.1188
070,face,noise,2,1,1.9642
070,face,noise,1,1,2.6385
070,face,noise,2,1,4.3183
070,face,noise,3,1,1.9213
070,face,noise,1,1,2.4881
070,face,noise,3,1,3.6669
070,face,noise,1,1,15.6608
070,face,noise,2,0,5.3355
070,face,noise,1,1,4.552
070,face,noise,1,1,2.3875
070,face,noise,3,1,3.8508
072,face,no_noise,1,1,2.969
072,face,no_noise,2,1,2.212
072,face,no_noise,1,1,1.395
072,face,no_noise,3,1,2.88
072,face,no_noise,3,1,2.213
072,face,no_noise,2,1,2.13
072,face,no_noise,1,1,2.269
072,face,no_noise,3,1,1.646
072,face,no_noise,2,1,1.677
072,face,no_noise,3,1,1.986
072,face,no_noise,2,1,1.339
072,face,no_noise,3,1,1.294
072,face,no_noise,2,1,1.475
072,face,no_noise,1,1,1.656
072,face,no_noise,2,1,1.545
072,face,no_noise,2,1,1.886
072,face,no_noise,2,1,1.148
072,face,no_noise,2,1,1.414
072,face,no_noise,1,1,1.697
072,face,no_noise,3,1,1.236
072,face,no_noise,2,0,1.431
072,face,no_noise,2,1,1.165
072,face,no_noise,2,1,1.128
072,face,no_noise,2,0,1.822
072,face,no_noise,3,1,1.694
072,face,no_noise,1,1,1.518
072,face,no_noise,2,1,1.568
072,face,no_noise,1,1,1.512
072,face,no_noise,1,1,1.35
072,face,no_noise,3,1,1.541
072,face,noise,2,1,2.349
072,face,noise,3,1,1.298
072,face,noise,1,1,1.881
072,face,noise,1,1,0.879
072,face,noise,2,0,1.172
072,face,noise,3,0,1.099
072,face,noise,2,1,1.071
072,face,noise,1,1,1.527
072,face,noise,2,1,1.495
072,face,noise,2,1,1.315
072,face,noise,3,0,1.536
072,face,noise,2,1,1.264
072,face,noise,3,0,1.538
072,face,noise,2,1,0.969
072,face,noise,1,1,1.347
072,face,noise,3,0,1.665
072,face,noise,1,0,2.002
072,face,noise,1,1,1.929
072,face,noise,3,1,2.148
072,face,noise,3,0,2.119
072,face,noise,1,1,1.715
072,face,noise,1,1,1.646
072,face,noise,1,1,1.534
072,face,noise,3,1,1.545
072,car,no_noise,1,0,3.508
072,car,no_noise,2,0,2.123
072,car,no_noise,3,0,2.291
072,car,no_noise,1,0,1.628
072,car,no_noise,1,0,1.859
072,car,no_noise,1,1,2.641
072,car,no_noise,2,0,2.838
072,car,no_noise,2,0,2.327
072,car,no_noise,1,1,2.674
072,car,no_noise,3,1,2.259
072,car,no_noise,1,0,1.873
072,car,no_noise,3,1,1.395
072,car,no_noise,3,0,2.272
072,car,no_noise,2,1,2.022
072,car,no_noise,3,1,2.012
072,car,no_noise,3,0,2.611
072,car,no_noise,2,0,1.909
072,car,no_noise,2,0,1.611
072,car,no_noise,1,0,1.489
072,car,no_noise,1,1,1.505
072,car,no_noise,3,0,1.707
072,car,no_noise,3,0,2.16
072,car,no_noise,1,0,1.863
072,car,no_noise,1,0,1.666
072,car,no_noise,2,1,1.378
072,car,no_noise,2,0,1.743
072,car,no_noise,1,0,1.992
072,car,no_noise,1,0,1.778
072,car,no_noise,3,0,1.742
072,car,no_noise,1,1,1.643
072,car,noise,2,1,1.832
072,car,noise,1,0,1.073
072,car,noise,3,1,1.068
072,car,noise,1,1,1.586
072,car,noise,2,1,1.159
072,car,noise,2,1,1.094
072,car,noise,1,1,1.252
072,car,noise,1,1,1.389
072,car,noise,2,1,1.225
072,car,noise,2,0,1.141
072,car,noise,2,0,1.279
072,car,noise,1,0,1.377
072,car,noise,1,0,1.535
072,car,noise,3,1,1.372
072,car,noise,3,1,1.125
072,car,noise,1,0,1.346
072,car,noise,2,1,1.678
072,car,noise,2,1,1.022
072,car,noise,2,1,1.569
072,car,noise,3,0,1.221
072,car,noise,1,0,1.249
072,car,noise,3,1,1.069
072,car,noise,3,0,1.156
072,car,noise,2,0,1.138
073,face,no_noise,1,1,2.6747
073,face,no_noise,2,1,1.8235
073,face,no_noise,1,1,1.9474
073,face,no_noise,3,1,2.5678
073,face,no_noise,3,1,1.7344
073,face,no_noise,2,1,1.6417
073,face,no_noise,1,1,2.329
073,face,no_noise,3,1,2.0386
073,face,no_noise,2,1,1.9997
073,face,no_noise,3,1,1.556
073,face,no_noise,2,1,1.9154
073,face,no_noise,3,1,1.718
073,face,no_noise,2,1,1.7039
073,face,no_noise,1,1,1.971
073,face,no_noise,2,1,1.489
073,face,no_noise,2,1,1.5749
073,face,no_noise,2,1,1.6927
073,face,no_noise,2,1,1.7845
073,face,no_noise,1,1,2.0971
073,face,no_noise,3,1,1.881
073,face,no_noise,1,1,2.0134
073,face,no_noise,2,1,1.3972
073,face,no_noise,2,1,1.6517
073,face,no_noise,1,1,3.5044
073,face,no_noise,3,1,2.0532
073,face,no_noise,1,1,1.5618
073,face,no_noise,2,1,2.1235
073,face,no_noise,1,1,2.0516
073,face,no_noise,1,1,1.6437
073,face,no_noise,3,1,1.6824
073,face,noise,2,1,2.0155
073,face,noise,3,1,1.9375
073,face,noise,1,1,1.9363
073,face,noise,1,1,1.2997
073,face,noise,3,1,2.2819
073,face,noise,1,1,2.1576
073,face,noise,2,1,1.6688
073,face,noise,1,1,1.7171
073,face,noise,2,1,1.5754
073,face,noise,2,1,1.1238
073,face,noise,3,0,2.4866
073,face,noise,2,1,2.6319
073,face,noise,1,1,2.3822
073,face,noise,2,1,1.3945
073,face,noise,1,1,1.8663
073,face,noise,2,1,1.5476
073,face,noise,3,1,1.5657
073,face,noise,2,0,2.0887
073,face,noise,3,1,1.7918
073,face,noise,1,1,1.8064
073,face,noise,1,1,2.8258
073,face,noise,1,1,1.6714
073,face,noise,1,1,2.2702
073,face,noise,3,1,1.9204
073,car,no_noise,2,1,5.2824
073,car,no_noise,1,1,4.161
073,car,no_noise,3,0,4.9046
073,car,no_noise,3,1,6.0302
073,car,no_noise,1,0,3.9885
073,car,no_noise,1,1,3.9859
073,car,no_noise,3,1,2.8541
073,car,no_noise,1,1,2.6588
073,car,no_noise,1,1,2.6818
073,car,no_noise,1,0,4.1263
073,car,no_noise,3,1,5.8252
073,car,no_noise,3,1,2.7401
073,car,no_noise,2,1,5.3791
073,car,no_noise,2,1,4.1404
073,car,no_noise,3,1,5.1443
073,car,no_noise,3,0,2.2743
073,car,no_noise,1,1,5.6045
073,car,no_noise,1,1,2.7657
073,car,no_noise,1,0,2.2955
073,car,no_noise,3,0,2.5519
073,car,no_noise,3,0,2.1351
073,car,no_noise,1,1,3.0266
073,car,no_noise,3,1,3.2347
073,car,no_noise,2,1,2.8055
073,car,no_noise,2,1,2.4669
073,car,no_noise,3,1,2.308
073,car,no_noise,2,1,2.4085
073,car,no_noise,2,1,2.1765
073,car,no_noise,3,0,2.6598
073,car,no_noise,1,1,3.069
073,car,noise,2,1,3.2614
073,car,noise,3,1,2.0002
073,car,noise,2,0,3.5536
073,car,noise,2,0,3.4574
073,car,noise,2,1,2.3715
073,car,noise,2,1,2.1989
073,car,noise,1,1,2.0925
073,car,noise,1,1,3.2678
073,car,noise,2,1,2.6536
073,car,noise,1,1,2.0003
073,car,noise,1,1,2.0072
073,car,noise,3,1,2.292
073,car,noise,2,1,1.971
073,car,noise,3,1,2.5381
073,car,noise,3,1,2.413
073,car,noise,2,1,1.7968
073,car,noise,1,0,5.2916
073,car,noise,2,1,1.9049
073,car,noise,3,0,3.0429
073,car,noise,3,0,2.9399
073,car,noise,3,1,2.7059
073,car,noise,3,1,3.2044
073,car,noise,3,0,2.3893
073,car,noise,3,1,2.3211
074,face,no_noise,1,1,4.8161
074,face,no_noise,2,1,5.2785
074,face,no_noise,1,1,3.2587
074,face,no_noise,1,0,5.0438
074,face,no_noise,3,1,5.9382
074,face,no_noise,2,1,5.7401
074,face,no_noise,3,0,2.6454
074,face,no_noise,3,1,5.2001
074,face,no_noise,2,1,3.4704
074,face,no_noise,3,1,6.8652
074,face,no_noise,2,1,3.6894
074,face,no_noise,3,1,2.7214
074,face,no_noise,2,1,4.3439
074,face,no_noise,1,1,2.9715
074,face,no_noise,2,1,3.2232
074,face,no_noise,2,1,3.8825
074,face,no_noise,2,1,5.0444
074,face,no_noise,3,0,7.7437
074,face,no_noise,3,0,6.2069
074,face,no_noise,3,1,3.3759
074,face,no_noise,3,0,3.4352
074,face,no_noise,2,1,8.5767
074,face,no_noise,2,1,2.04
074,face,no_noise,3,0,4.4419
074,face,no_noise,2,0,3.4396
074,face,no_noise,1,1,2.0204
074,face,no_noise,2,1,2.8745
074,face,no_noise,2,0,2.5236
074,face,no_noise,1,1,4.4648
074,face,no_noise,2,0,5.8578
074,face,noise,3,0,5.0898
074,face,noise,3,1,4.9084
074,face,noise,2,0,4.2107
074,face,noise,1,1,2.5622
074,face,noise,3,1,2.9541
074,face,noise,1,1,3.6111
074,face,noise,3,0,6.5556
074,face,noise,3,0,4.0188
074,face,noise,1,0,4.3964
074,face,noise,2,1,4.0971
074,face,noise,2,1,3.4178
074,face,noise,3,0,4.2316
074,face,noise,3,0,3.1658
074,face,noise,2,1,1.7861
074,face,noise,1,1,1.8655
074,face,noise,3,0,3.0919
074,face,noise,3,1,3.6699
074,face,noise,3,0,6.3435
074,face,noise,3,1,1.9269
074,face,noise,2,0,4.6596
074,face,noise,3,0,5.6261
074,face,noise,1,1,5.102
074,face,noise,3,0,4.6954
074,face,noise,1,0,4.3853
074,car,no_noise,2,1,7.977
074,car,no_noise,1,1,3.9532
074,car,no_noise,1,1,3.7398
074,car,no_noise,3,1,5.627
074,car,no_noise,1,0,1.8959
074,car,no_noise,3,0,8.9251
074,car,no_noise,3,1,4.6484
074,car,no_noise,3,0,4.3625
074,car,no_noise,1,1,5.7739
074,car,no_noise,3,1,9.2099
074,car,no_noise,3,1,4.2407
074,car,no_noise,2,0,4.5564
074,car,no_noise,1,0,2.8874
074,car,no_noise,2,1,2.5237
074,car,no_noise,2,0,6.185
074,car,no_noise,1,0,1.8238
074,car,no_noise,2,0,4.3452
074,car,no_noise,2,0,5.2756
074,car,no_noise,2,1,3.3931
074,car,no_noise,1,1,4.1695
074,car,no_noise,2,0,6.9809
074,car,no_noise,1,1,7.0154
074,car,no_noise,1,0,5.8542
074,car,no_noise,1,0,3.1058
074,car,no_noise,3,0,2.948
074,car,no_noise,1,0,3.9154
074,car,no_noise,2,1,3.3583
074,car,no_noise,1,0,4.9435
074,car,no_noise,2,0,4.4049
074,car,no_noise,1,1,3.6221
074,car,noise,1,0,4.5789
074,car,noise,3,1,2.8529
074,car,noise,3,1,3.5238
074,car,noise,2,0,3.2567
074,car,noise,2,1,4.6681
074,car,noise,2,1,2.5192
074,car,noise,1,1,4.0084
074,car,noise,3,0,4.557
074,car,noise,2,1,2.4592
074,car,noise,2,0,3.6267
074,car,noise,1,1,2.9217
074,car,noise,1,0,2.9429
074,car,noise,2,1,3.0211
074,car,noise,3,1,3.5269
074,car,noise,1,0,4.2192
074,car,noise,2,1,3.842
074,car,noise,3,0,2.559
074,car,noise,2,1,2.9097
074,car,noise,3,0,2.9851
074,car,noise,2,1,3.99
074,car,noise,1,0,2.7511
074,car,noise,3,1,2.6012
074,car,noise,3,0,3.5899
074,car,noise,3,1,2.5924
075,face,no_noise,1,1,3.5391
075,face,no_noise,2,1,2.7893
075,face,no_noise,3,0,4.2562
075,face,no_noise,2,0,3.284
075,face,no_noise,2,0,3.5158
075,face,no_noise,3,0,3.6004
075,face,no_noise,2,0,2.2485
075,face,no_noise,2,0,4.1042
075,face,no_noise,2,1,2.3978
075,face,no_noise,2,0,3.446
075,face,no_noise,1,0,4.5499
075,face,no_noise,3,1,3.5011
075,face,no_noise,3,0,4.5674
075,face,no_noise,1,1,3.0253
075,face,no_noise,2,1,3.1466
075,face,no_noise,3,0,2.8845
075,face,no_noise,2,1,3.4097
075,face,no_noise,2,1,3.2948
075,face,no_noise,3,0,4.0984
075,face,no_noise,3,1,2.6018
075,face,no_noise,2,0,2.8851
075,face,no_noise,2,1,2.8925
075,face,no_noise,2,1,2.6372
075,face,no_noise,3,0,4.0933
075,face,no_noise,3,1,1.7518
075,face,no_noise,2,0,2.3324
075,face,no_noise,2,1,2.4265
075,face,no_noise,2,0,2.7429
075,face,no_noise,1,1,2.4446
075,face,no_noise,2,0,3.676
075,face,noise,2,1,3.7443
075,face,noise,3,1,1.8932
075,face,noise,3,0,3.1775
075,face,noise,2,0,2.6212
075,face,noise,2,0,2.3897
075,face,noise,2,0,3.5907
075,face,noise,3,0,3.3337
075,face,noise,2,0,1.826
075,face,noise,2,1,2.3053
075,face,noise,1,0,3.1356
075,face,noise,3,0,3.8216
075,face,noise,2,1,2.9863
075,face,noise,2,0,3.2639
075,face,noise,2,1,2.8818
075,face,noise,1,1,3.1352
075,face,noise,2,1,2.8372
075,face,noise,3,1,3.4817
075,face,noise,2,0,4.6404
075,face,noise,2,0,3.5183
075,face,noise,2,0,2.182
075,face,noise,2,0,3.4802
075,face,noise,3,0,4.4672
075,face,noise,3,0,3.8587
075,face,noise,2,0,4.6836
075,car,no_noise,1,0,4.3513
075,car,no_noise,3,0,3.3042
075,car,no_noise,3,0,4.1283
075,car,no_noise,2,0,4.9844
075,car,no_noise,2,1,5.4548
075,car,no_noise,3,0,4.4452
075,car,no_noise,3,1,4.9637
075,car,no_noise,2,0,3.995
075,car,no_noise,1,1,2.8237
075,car,no_noise,3,1,5.6333
075,car,no_noise,3,1,4.6296
075,car,no_noise,3,1,3.7952
075,car,no_noise,2,1,4.5388
075,car,no_noise,3,0,2.0978
075,car,no_noise,2,0,4.095
075,car,no_noise,2,1,4.7945
075,car,no_noise,2,0,4.0135
075,car,no_noise,1,1,3.87
075,car,no_noise,1,0,2.3302
075,car,no_noise,3,0,4.4174
075,car,no_noise,3,0,3.2956
075,car,no_noise,1,1,3.8851
075,car,no_noise,3,1,4.0853
075,car,no_noise,2,1,3.9603
075,car,no_noise,2,1,2.6813
075,car,no_noise,2,0,4.3624
075,car,no_noise,2,1,5.22
075,car,no_noise,1,0,2.1981
075,car,no_noise,1,1,1.5931
075,car,no_noise,2,0,2.3874
075,car,noise,2,1,3.6488
075,car,noise,3,1,2.6726
075,car,noise,3,1,2.9414
075,car,noise,1,1,2.5443
075,car,noise,2,1,1.3395
075,car,noise,2,1,1.6986
075,car,noise,3,0,3.1577
075,car,noise,2,0,2.1586
075,car,noise,2,1,2.0887
075,car,noise,2,0,2.3596
075,car,noise,1,1,2.8899
075,car,noise,1,0,2.7419
075,car,noise,2,1,1.2424
075,car,noise,2,0,1.7665
075,car,noise,1,0,4.2279
075,car,noise,1,0,2.139
075,car,noise,2,1,1.9607
075,car,noise,2,1,2.5289
075,car,noise,2,1,3.3959
075,car,noise,3,0,3.7074
075,car,noise,2,0,2.3935
075,car,noise,1,0,2.3104
075,car,noise,2,0,1.984
075,car,noise,2,0,1.996
076,face,no_noise,1,1,2.6237
076,face,no_noise,3,0,1.9873
076,face,no_noise,1,1,1.645
076,face,no_noise,2,0,4.3504
076,face,no_noise,3,1,7.5539
076,face,no_noise,2,1,1.7142
076,face,no_noise,2,0,5.0085
076,face,no_noise,3,1,5.5147
076,face,no_noise,1,0,1.6961
076,face,no_noise,3,1,2.1056
076,face,no_noise,2,1,5.0236
076,face,no_noise,3,1,1.5654
076,face,no_noise,2,1,1.7035
076,face,no_noise,1,1,2
076,face,no_noise,1,0,4.941
076,face,no_noise,3,0,4.1746
076,face,no_noise,3,0,6.4088
076,face,no_noise,2,1,6.7492
076,face,no_noise,3,0,3.7433
076,face,no_noise,3,1,2.13
076,face,no_noise,2,0,5.4307
076,face,no_noise,3,0,3.9704
076,face,no_noise,2,1,2.6798
076,face,no_noise,3,0,1.6928
076,face,no_noise,3,1,2.3225
076,face,no_noise,1,1,2.15
076,face,no_noise,2,1,3.4491
076,face,no_noise,3,0,5.3325
076,face,no_noise,1,1,4.2954
076,face,no_noise,3,1,3.8358
076,face,noise,3,0,6.1628
076,face,noise,3,1,4.4737
076,face,noise,2,0,5.2398
076,face,noise,1,1,1.2433
076,face,noise,3,1,1.9366
076,face,noise,1,1,2.13
076,face,noise,2,1,3.8936
076,face,noise,2,0,2.3823
076,face,noise,1,0,2.6367
076,face,noise,3,0,3.879
076,face,noise,2,1,4.549
076,face,noise,3,0,3.6778
076,face,noise,2,0,2.8439
076,face,noise,2,1,1.811
076,face,noise,1,1,1.7008
076,face,noise,2,1,2.979
076,face,noise,3,1,2.0168
076,face,noise,1,1,1.7656
076,face,noise,3,1,3.3525
076,face,noise,2,0,2.4085
076,face,noise,1,1,2.3162
076,face,noise,1,1,2.8095
076,face,noise,1,1,2.6514
076,face,noise,2,0,4.833
076,car,no_noise,2,1,2.124
076,car,no_noise,2,0,2.9521
076,car,no_noise,1,1,2.8484
076,car,no_noise,3,1,2.5413
076,car,no_noise,2,1,3.697
076,car,no_noise,3,0,2.2837
076,car,no_noise,3,1,3.595
076,car,no_noise,1,1,5.8849
076,car,no_noise,1,1,2.8105
076,car,no_noise,3,1,1.9216
076,car,no_noise,1,0,3.5934
076,car,no_noise,3,1,3.1618
076,car,no_noise,2,1,2.3516
076,car,no_noise,1,0,2.1131
076,car,no_noise,3,1,3.5341
076,car,no_noise,3,0,3.5938
076,car,no_noise,2,0,3.0019
076,car,no_noise,3,0,2.1287
076,car,no_noise,3,0,2.9236
076,car,no_noise,3,0,2.679
076,car,no_noise,1,1,5.0465
076,car,no_noise,3,0,4.6539
076,car,no_noise,3,1,4.0652
076,car,no_noise,2,1,6.6155
076,car,no_noise,2,1,2.7899
076,car,no_noise,2,0,4.3586
076,car,no_noise,1,0,3.1692
076,car,no_noise,1,0,5.4189
076,car,no_noise,3,0,2.008
076,car,no_noise,1,1,2.7548
076,car,noise,3,0,4.0701
076,car,noise,3,1,1.6855
076,car,noise,2,0,2.9903
076,car,noise,2,0,2.8435
076,car,noise,3,0,3.0416
076,car,noise,2,1,3.156
076,car,noise,3,0,3.0587
076,car,noise,3,0,2.4617
076,car,noise,2,1,5.9323
076,car,noise,1,1,3.0715
076,car,noise,1,1,1.8184
076,car,noise,3,1,2.2763
076,car,noise,2,1,3.102
076,car,noise,2,0,3.5889
076,car,noise,3,1,2.2448
076,car,noise,3,0,4.5135
076,car,noise,1,0,7.0466
076,car,noise,2,1,3.5803
076,car,noise,1,0,3.7673
076,car,noise,2,1,4.5876
076,car,noise,3,1,2.4916
076,car,noise,3,1,2.6886
076,car,noise,3,0,4.944
076,car,noise,2,0,4.7382
077,car,no_noise,2,1,2.663799999
077,car,no_noise,2,0,15.0931
077,car,no_noise,1,1,4.742200001
077,car,no_noise,3,1,9.530699999
077,car,no_noise,2,1,7.0926
077,car,no_noise,1,1,2.374300001
077,car,no_noise,3,1,9.225200001
077,car,no_noise,1,1,2.5501
077,car,no_noise,1,1,5.1275
077,car,no_noise,3,1,5.6144
077,car,no_noise,3,1,9.2759
077,car,no_noise,3,1,7.0854
077,car,no_noise,2,1,6.0061
077,car,no_noise,2,1,9.437099998
077,car,no_noise,3,1,10.166
077,car,no_noise,2,1,7.9424
077,car,no_noise,1,1,4.9671
077,car,no_noise,2,0,9.7564
077,car,no_noise,2,1,3.792200001
077,car,no_noise,1,1,9.5571
077,car,no_noise,1,1,3.1574
077,car,no_noise,1,1,3.967699999
077,car,no_noise,3,1,6.8965
077,car,no_noise,1,0,10.246
077,car,no_noise,2,1,4.174699999
077,car,no_noise,3,1,6.835700001
077,car,no_noise,2,1,2.315799999
077,car,no_noise,2,1,3.9805
077,car,no_noise,3,0,14.721
077,car,no_noise,1,1,4.502099998
077,car,noise,2,1,2.6706
077,car,noise,3,1,4.3306
077,car,noise,3,1,2.714799999
077,car,noise,1,1,3.774199999
077,car,noise,3,0,9.5099
077,car,noise,2,1,5.747199999
077,car,noise,1,1,3.524200001
077,car,noise,1,1,13.4889
077,car,noise,2,1,3.7459
077,car,noise,1,1,4.097
077,car,noise,1,1,3.0274
077,car,noise,3,1,5.982799999
077,car,noise,2,1,4.1235
077,car,noise,3,1,7.6895
077,car,noise,3,1,5.399199999
077,car,noise,2,1,4.0686
077,car,noise,2,1,2.712800001
077,car,noise,2,1,6.8086
077,car,noise,2,1,4.298699999
077,car,noise,2,1,2.607800001
077,car,noise,3,1,4.345099998
077,car,noise,2,0,7.658799999
077,car,noise,1,1,4.3161
077,car,noise,3,1,4.718799999
077,face,no_noise,1,1,4.480300001
077,face,no_noise,2,1,6.769700001
077,face,no_noise,1,1,1.7686
077,face,no_noise,2,0,4.3335
077,face,no_noise,2,0,3.272
077,face,no_noise,2,1,3.209799999
077,face,no_noise,1,1,4.9169
077,face,no_noise,3,1,2.737
077,face,no_noise,1,0,4.723299999
077,face,no_noise,3,1,3.503300001
077,face,no_noise,2,1,2.966
077,face,no_noise,2,0,2.032
077,face,no_noise,2,1,5.134900002
077,face,no_noise,1,1,1.613699999
077,face,no_noise,2,1,1.240699999
077,face,no_noise,2,1,1.670700001
077,face,no_noise,3,0,2.4384
077,face,no_noise,1,0,2.0389
077,face,no_noise,2,0,4.1694
077,face,no_noise,1,0,1.061299999
077,face,no_noise,1,1,1.6975
077,face,no_noise,2,1,1.6195
077,face,no_noise,1,0,4.2345
077,face,no_noise,3,0,3.803
077,face,no_noise,2,0,2.8636
077,face,no_noise,1,1,7.2079
077,face,no_noise,2,1,1.8915
077,face,no_noise,1,1,1.700199999
077,face,no_noise,2,0,2.550799999
077,face,no_noise,2,0,1.654
077,face,noise,2,1,3.393
077,face,noise,2,0,3.880199999
077,face,noise,1,1,1.484800001
077,face,noise,2,0,3.139299999
077,face,noise,2,0,2.5345
077,face,noise,1,1,1.253799999
077,face,noise,2,1,1.4476
077,face,noise,2,0,3.5414
077,face,noise,2,1,2.5066
077,face,noise,1,0,1.874
077,face,noise,2,1,1.917
077,face,noise,2,1,1.545099998
077,face,noise,2,0,3.100799999
077,face,noise,1,0,2.2279
077,face,noise,1,1,1.754799999
077,face,noise,1,0,1.8695
077,face,noise,3,1,3.797099998
077,face,noise,3,0,2.967799999
077,face,noise,3,1,2.9111
077,face,noise,2,0,3.6256
077,face,noise,2,0,1.503200001
077,face,noise,1,1,1.164799999
077,face,noise,1,1,1.252199999
077,face,noise,2,0,4.7004
078,car,no_noise,2,1,10.2421
078,car,no_noise,1,1,4.9617000000000004
078,car,no_noise,3,0,4.7414
078,car,no_noise,1,0,8.2804
078,car,no_noise,2,1,4.7735
078,car,no_noise,3,0,4.3433
078,car,no_noise,1,0,3.0615
078,car,no_noise,1,1,2.3619
078,car,no_noise,1,1,5.3343
078,car,no_noise,3,1,8.3065
078,car,no_noise,3,1,5.8522
078,car,no_noise,3,1,4.4005
078,car,no_noise,2,1,5.6995
078,car,no_noise,1,0,4.2099
078,car,no_noise,3,1,8.4133
078,car,no_noise,2,1,10.7634
078,car,no_noise,1,1,2.8107
078,car,no_noise,2,0,6.4946
078,car,no_noise,2,1,10.099
078,car,no_noise,2,0,10.0982
078,car,no_noise,3,0,14.311
078,car,no_noise,1,1,4.8768
078,car,no_noise,3,1,8.0014
078,car,no_noise,1,0,18.7618
078,car,no_noise,2,1,8.1757
078,car,no_noise,2,0,9.9661
078,car,no_noise,2,1,16.9436
078,car,no_noise,2,1,13.892
078,car,no_noise,2,0,17.1157
078,car,no_noise,1,1,11.5654
078,car,noise,2,1,5.6949
078,car,noise,2,0,6.9649
078,car,noise,3,1,13.1227
078,car,noise,1,1,9.8266
078,car,noise,3,0,8.1538
078,car,noise,2,1,13.1705
078,car,noise,1,1,4.0277
078,car,noise,1,1,4.4412
078,car,noise,1,0,6.6051
078,car,noise,1,1,5.1004
078,car,noise,2,0,3.455
078,car,noise,3,1,3.7495
078,car,noise,2,1,3.4564
078,car,noise,2,0,3.1583
078,car,noise,3,1,2.3613
078,car,noise,3,0,2.1199
078,car,noise,2,1,2.9914
078,car,noise,1,0,2.208
078,car,noise,2,1,2.2683
078,car,noise,2,1,1.8444
078,car,noise,3,1,4.7747
078,car,noise,2,0,2.3714
078,car,noise,2,0,1.0746
078,car,noise,2,0,1.922
078,face,no_noise,1,1,3.1755
078,face,no_noise,2,1,2.5513
078,face,no_noise,1,1,1.4999
078,face,no_noise,1,0,3.0849
078,face,no_noise,3,1,2.1344
078,face,no_noise,2,1,2.9791
078,face,no_noise,2,0,2.6339
078,face,no_noise,3,1,1.9755
078,face,no_noise,2,1,2.1012
078,face,no_noise,2,0,2.7067
078,face,no_noise,2,1,2.2674
078,face,no_noise,3,1,1.6411
078,face,no_noise,2,1,1.9733
078,face,no_noise,1,1,3.0035
078,face,no_noise,2,1,1.9838
078,face,no_noise,2,1,4.2575
078,face,no_noise,3,0,3.0589
078,face,no_noise,2,1,2.2197
078,face,no_noise,3,0,2.4295
078,face,no_noise,3,1,1.8844
078,face,no_noise,1,1,2.0508
078,face,no_noise,2,1,1.6207
078,face,no_noise,2,1,3.3744
078,face,no_noise,1,1,3.4999
078,face,no_noise,1,0,1.6159
078,face,no_noise,1,1,2.2344
078,face,no_noise,2,1,2.269
078,face,no_noise,1,1,2.7153
078,face,no_noise,1,1,1.2764
078,face,no_noise,3,1,2.2494
078,face,noise,2,1,2.8972
078,face,noise,2,0,2.5156
078,face,noise,2,0,2.3514
078,face,noise,3,0,1.3349
078,face,noise,3,1,2.3343
078,face,noise,1,1,2.4336
078,face,noise,2,1,1.5676
078,face,noise,1,1,2.4048
078,face,noise,1,0,2.2173
078,face,noise,2,1,1.2839
078,face,noise,3,0,2.1071
078,face,noise,2,1,0.9019
078,face,noise,1,1,1.8186
078,face,noise,1,0,2.2153
078,face,noise,1,1,1.3845
078,face,noise,2,1,1.2325
078,face,noise,3,1,1.9858
078,face,noise,2,0,1.8187
078,face,noise,3,1,1.4739
078,face,noise,2,0,1.9063
078,face,noise,2,0,2.1172
078,face,noise,1,1,1.4514
078,face,noise,1,1,1.2514
078,face,noise,2,0,3.0016
079,face,no_noise,1,1,3.0473
079,face,no_noise,2,1,3.9086
079,face,no_noise,1,1,2.2705
079,face,no_noise,3,1,2.634
079,face,no_noise,3,1,2.7053
079,face,no_noise,2,1,2.1052
079,face,no_noise,1,1,2.8206
079,face,no_noise,3,1,2.218
079,face,no_noise,2,1,3.4679
079,face,no_noise,3,1,3.0223
079,face,no_noise,2,1,3.0564
079,face,no_noise,3,1,2.2851
079,face,no_noise,2,1,1.6338
079,face,no_noise,1,1,2.1252
079,face,no_noise,2,1,2.484
079,face,no_noise,2,1,2.8521
079,face,no_noise,2,1,1.3005
079,face,no_noise,2,1,2.735
079,face,no_noise,1,1,1.4682
079,face,no_noise,3,1,1.725
079,face,no_noise,2,0,3.5418
079,face,no_noise,2,1,1.1331
079,face,no_noise,2,1,1.717
079,face,no_noise,1,1,1.7178
079,face,no_noise,3,1,1.9159
079,face,no_noise,1,1,1.6042
079,face,no_noise,2,1,1.3719
079,face,no_noise,1,1,1.6883
079,face,no_noise,1,1,1.7552
079,face,no_noise,3,1,1.701
079,face,noise,2,1,2.9206
079,face,noise,3,1,1.798
079,face,noise,1,1,1.9821
079,face,noise,1,1,1.4011
079,face,noise,3,1,2.6706
079,face,noise,1,1,2.1682
079,face,noise,2,1,1.6368
079,face,noise,2,0,0.9507
079,face,noise,2,1,2.1552
079,face,noise,2,1,1.8918
079,face,noise,1,0,2.7258
079,face,noise,2,1,1.6672
079,face,noise,1,1,1.201
079,face,noise,2,1,0.8089
079,face,noise,1,1,1.2031
079,face,noise,2,1,2.1915
079,face,noise,3,1,1.4257
079,face,noise,1,1,1.205
079,face,noise,3,1,1.5432
079,face,noise,1,1,1.9213
079,face,noise,1,1,3.1011
079,face,noise,1,1,2.2311
079,face,noise,1,1,2.534
079,face,noise,3,1,4.1166
079,car,no_noise,3,0,2.7867
079,car,no_noise,1,1,2.3356
079,car,no_noise,3,0,2.8491
079,car,no_noise,1,0,1.8281
079,car,no_noise,1,0,3.3079
079,car,no_noise,3,0,2.0396
079,car,no_noise,1,0,2.518
079,car,no_noise,1,1,2.0793
079,car,no_noise,1,1,2.1103
079,car,no_noise,3,1,2.4667
079,car,no_noise,1,0,1.1136
079,car,no_noise,3,1,2.6891
079,car,no_noise,2,1,1.8471
079,car,no_noise,1,0,0.9643
079,car,no_noise,3,1,1.4173
079,car,no_noise,2,1,1.082
079,car,no_noise,2,0,3.1055
079,car,no_noise,1,1,2.3989
079,car,no_noise,2,1,2.1663
079,car,no_noise,1,1,0.7741
079,car,no_noise,2,0,1.5407
079,car,no_noise,1,1,1.2654
079,car,no_noise,3,1,1.2813
079,car,no_noise,1,0,1.2389
079,car,no_noise,2,1,0.8722
079,car,no_noise,3,1,2.3044
079,car,no_noise,3,0,2.466
079,car,no_noise,1,0,1.0707
079,car,no_noise,2,0,0.6014
079,car,no_noise,1,1,1.89
079,car,noise,3,0,3.486
079,car,noise,1,0,1.3374
079,car,noise,2,0,1.5304
079,car,noise,1,1,1.9669
079,car,noise,2,1,2.6396
079,car,noise,2,1,1.8331
079,car,noise,3,0,3.0281
079,car,noise,1,1,1.6442
079,car,noise,2,1,2.2756
079,car,noise,1,1,1.3093
079,car,noise,1,1,1.9671
079,car,noise,1,0,1.5298
079,car,noise,2,1,1.7315
079,car,noise,3,1,2.0705
079,car,noise,3,1,2.2754
079,car,noise,1,0,1.7625
079,car,noise,3,0,1.6269
079,car,noise,2,1,2.5755
079,car,noise,1,0,2.2618
079,car,noise,2,1,1.7915
079,car,noise,2,0,2.221
079,car,noise,3,1,2.2424
079,car,noise,1,1,2.6095
079,car,noise,3,1,1.897
080,face,no_noise,1,1,9.5503
080,face,no_noise,2,1,12.9961
080,face,no_noise,1,1,6.3099
080,face,no_noise,2,0,8.5369
080,face,no_noise,3,1,10.4303
080,face,no_noise,2,1,4.4706
080,face,no_noise,1,1,16.1729
080,face,no_noise,3,1,2.7306
080,face,no_noise,2,1,2.0781
080,face,no_noise,3,1,9.784
080,face,no_noise,2,1,1.9637
080,face,no_noise,3,1,3.383
080,face,no_noise,2,1,3.1317
080,face,no_noise,1,1,7.3186
080,face,no_noise,2,1,2.4698
080,face,no_noise,3,0,30.2709
080,face,no_noise,2,1,2.1142
080,face,no_noise,1,0,2.8071
080,face,no_noise,3,0,3.8772
080,face,no_noise,1,0,2.1561
080,face,no_noise,2,0,2.4192
080,face,no_noise,2,1,2.0361
080,face,no_noise,2,1,1.7421
080,face,no_noise,1,1,4.4406
080,face,no_noise,3,1,3.0221
080,face,no_noise,1,1,1.7434
080,face,no_noise,2,1,3.7581
080,face,no_noise,1,1,18.1553
080,face,no_noise,1,1,2.1165
080,face,no_noise,2,0,5.8453
080,face,noise,2,1,3.4499
080,face,noise,3,1,2.4466
080,face,noise,2,0,3.3503
080,face,noise,1,1,2.0723
080,face,noise,3,1,2.1052
080,face,noise,1,1,2.4178
080,face,noise,2,1,2.7439
080,face,noise,2,0,4.7344
080,face,noise,2,1,4.4731
080,face,noise,2,1,2.0746000000000002
080,face,noise,2,1,2.1119
080,face,noise,2,1,3.0151
080,face,noise,2,0,2.426
080,face,noise,2,1,1.9855
080,face,noise,2,0,1.7088
080,face,noise,1,0,4.4366
080,face,noise,3,1,2.378
080,face,noise,1,1,5.3627
080,face,noise,3,1,2.4668
080,face,noise,2,0,2.3636
080,face,noise,1,1,1.7204
080,face,noise,1,1,3.4464
080,face,noise,3,0,3.2002
080,face,noise,1,0,1.7184
080,car,no_noise,3,0,5.1302
080,car,no_noise,2,0,3.3769
080,car,no_noise,3,0,10.6199
080,car,no_noise,1,0,3.4853
080,car,no_noise,1,0,3.0386
080,car,no_noise,3,0,2.4269
080,car,no_noise,2,0,2.0988
080,car,no_noise,3,0,2.4546
080,car,no_noise,1,1,3.8045
080,car,no_noise,2,0,1.7388
080,car,no_noise,3,1,1.7102
080,car,no_noise,3,1,6.4975
080,car,no_noise,2,1,3.8076
080,car,no_noise,1,0,1.3724
080,car,no_noise,2,0,14.1656
080,car,no_noise,2,1,3.7812
080,car,no_noise,1,1,3.0254
080,car,no_noise,3,0,2.1765
080,car,no_noise,2,1,2.7497
080,car,no_noise,3,0,3.1415
080,car,no_noise,2,0,3.0596
080,car,no_noise,2,0,2.7001
080,car,no_noise,1,0,2.1214
080,car,no_noise,3,0,1.369
080,car,no_noise,2,1,1.4204
080,car,no_noise,1,0,1.0478
080,car,no_noise,2,1,1.3915
080,car,no_noise,2,1,1.6926
080,car,no_noise,3,0,2.4038
080,car,no_noise,1,1,2.071
080,car,noise,2,1,2.7736
080,car,noise,3,1,2.802
080,car,noise,2,0,1.7805
080,car,noise,1,1,1.7506
080,car,noise,3,0,1.3954
080,car,noise,2,1,2.4115
080,car,noise,3,0,3.0625
080,car,noise,2,0,1.4116
080,car,noise,3,0,1.7194
080,car,noise,3,0,0.7096
080,car,noise,2,0,2.3782
080,car,noise,3,1,1.7175
080,car,noise,1,0,1.7273
080,car,noise,2,0,1.0473
080,car,noise,3,1,1.0173
080,car,noise,3,0,1.015
080,car,noise,2,1,1.4237
080,car,noise,2,1,1.8159
080,car,noise,1,0,1.409
080,car,noise,2,1,1.4047
080,car,noise,2,0,1.0461
080,car,noise,3,1,1.3321
080,car,noise,1,1,1.3165
080,car,noise,1,0,1.3657
081,face,no_noise,1,1,3.3367
081,face,no_noise,2,1,3.222
081,face,no_noise,2,0,3.594
081,face,no_noise,3,1,2.9085
081,face,no_noise,3,1,1.6619
081,face,no_noise,2,1,1.5015
081,face,no_noise,1,1,1.3588
081,face,no_noise,3,1,2.8152
081,face,no_noise,2,1,2.0812
081,face,no_noise,2,0,2.1182
081,face,no_noise,2,1,2.2375
081,face,no_noise,2,0,2.7623
081,face,no_noise,2,1,3.4745
081,face,no_noise,1,1,2.1688
081,face,no_noise,1,0,2.8429
081,face,no_noise,2,1,1.6612
081,face,no_noise,2,1,4.1745
081,face,no_noise,1,0,2.4642
081,face,no_noise,1,1,2.5196
081,face,no_noise,3,1,2.8088
081,face,no_noise,1,1,2.1567
081,face,no_noise,2,1,2.4001
081,face,no_noise,2,1,2.8718
081,face,no_noise,1,1,2.4579
081,face,no_noise,3,1,2.3573
081,face,no_noise,1,1,1.1303
081,face,no_noise,2,1,4.2408
081,face,no_noise,1,1,1.9195
081,face,no_noise,1,1,2.3333
081,face,no_noise,3,1,3.9027
081,face,noise,2,1,3.6632
081,face,noise,2,0,1.8659
081,face,noise,1,1,1.225
081,face,noise,2,0,3.1796
081,face,noise,3,1,2.2429
081,face,noise,3,0,2.4247
081,face,noise,3,0,2.5097
081,face,noise,2,0,2.3139
081,face,noise,2,1,1.9908
081,face,noise,2,1,1.9371
081,face,noise,3,0,2.1751
081,face,noise,1,0,2.2264
081,face,noise,1,1,0.5959
081,face,noise,2,1,1.8673
081,face,noise,2,0,0.7372
081,face,noise,3,0,2.912
081,face,noise,3,1,1.6795
081,face,noise,1,1,2.2739
081,face,noise,3,1,2.1167
081,face,noise,2,0,1.5063
081,face,noise,3,0,2.5453
081,face,noise,1,1,1.7169
081,face,noise,3,0,2.9936
081,face,noise,3,1,2.6764
081,car,no_noise,3,0,3.7196
081,car,no_noise,1,1,1.904
081,car,no_noise,3,0,3.7916
081,car,no_noise,2,0,2.7637
081,car,no_noise,2,1,3.2226
081,car,no_noise,3,0,2.3695
081,car,no_noise,3,1,2.7525
081,car,no_noise,1,1,2.8363
081,car,no_noise,1,1,2.5149
081,car,no_noise,3,1,3.1122
081,car,no_noise,1,0,2.5875
081,car,no_noise,2,0,2.4492
081,car,no_noise,2,1,2.5791
081,car,no_noise,2,1,2.6648
081,car,no_noise,3,1,2.2636
081,car,no_noise,2,1,2.0203
081,car,no_noise,2,0,2.1959
081,car,no_noise,1,1,1.5629
081,car,no_noise,2,1,2.658
081,car,no_noise,2,0,0.2353
081,car,no_noise,3,0,1.8631
081,car,no_noise,1,1,1.7372
081,car,no_noise,3,1,2.4596
081,car,no_noise,3,0,1.8181
081,car,no_noise,2,1,2.0139
081,car,no_noise,3,1,2.1545
081,car,no_noise,2,1,2.4112
081,car,no_noise,2,1,2.0306
081,car,no_noise,3,0,2.3392
081,car,no_noise,2,0,2.2864
081,car,noise,2,1,2.2896
081,car,noise,3,1,1.7881
081,car,noise,3,1,3.1201
081,car,noise,1,1,2.3983
081,car,noise,2,1,2.5813
081,car,noise,2,1,2.4194
081,car,noise,1,1,2.0982
081,car,noise,1,1,1.4607
081,car,noise,1,0,1.4802
081,car,noise,1,1,2.682
081,car,noise,3,0,1.7386
081,car,noise,3,1,1.835
081,car,noise,2,1,2.315
081,car,noise,3,1,1.9036
081,car,noise,3,1,1.7132
081,car,noise,1,0,1.2814
081,car,noise,1,0,1.8263
081,car,noise,3,0,2.0166
081,car,noise,2,1,1.3141
081,car,noise,2,1,2.0167
081,car,noise,3,1,1.6355
081,car,noise,1,0,2.1359
081,car,noise,1,1,1.8453
081,car,noise,3,1,2.3423
082,car,no_noise,2,1,3.2011
082,car,no_noise,2,0,4.2105
082,car,no_noise,1,1,3.6238
082,car,no_noise,3,1,3.3208
082,car,no_noise,2,1,3.4605
082,car,no_noise,3,0,4.2786
082,car,no_noise,3,1,4.8543
082,car,no_noise,1,1,3.2783
082,car,no_noise,2,0,3.4593
082,car,no_noise,3,1,3.3295
082,car,no_noise,1,0,6.6972
082,car,no_noise,3,1,5.2737
082,car,no_noise,2,1,6.6335
082,car,no_noise,2,1,6.1051
082,car,no_noise,3,1,8.3355
082,car,no_noise,2,1,6.5737
082,car,no_noise,1,1,5.5979
082,car,no_noise,2,0,6.3239
082,car,no_noise,2,1,12.6745
082,car,no_noise,3,0,5.4907
082,car,no_noise,3,0,10.3087
082,car,no_noise,1,1,4.7794
082,car,no_noise,3,1,7.6077
082,car,no_noise,1,0,12.5444
082,car,no_noise,2,1,7.209
082,car,no_noise,3,1,13.1532
082,car,no_noise,2,1,5.831
082,car,no_noise,2,1,18.8307
082,car,no_noise,3,0,14.8924
082,car,no_noise,1,1,4.0704
082,car,noise,2,1,6.9489
082,car,noise,3,1,11.1089
082,car,noise,3,1,7.7704
082,car,noise,1,1,11.2198
082,car,noise,2,1,11.6449
082,car,noise,3,0,11.9822
082,car,noise,1,1,13.8376
082,car,noise,1,1,7.1726
082,car,noise,2,1,14.5247
082,car,noise,1,1,12.4323
082,car,noise,1,1,10.9546
082,car,noise,3,1,6.1676
082,car,noise,2,1,9.6176
082,car,noise,1,0,18.6392
082,car,noise,3,1,14.2022
082,car,noise,2,1,6.3691
082,car,noise,2,1,10.2493
082,car,noise,1,0,9.4619
082,car,noise,2,1,10.4194
082,car,noise,2,1,9.5115
082,car,noise,1,0,13.3395
082,car,noise,3,1,13.5616
082,car,noise,1,1,9.6167
082,car,noise,3,1,6.5349
082,face,no_noise,1,1,4.6321
082,face,no_noise,2,1,3.9027
082,face,no_noise,1,1,4.0679
082,face,no_noise,3,1,3.464
082,face,no_noise,3,1,3.1779
082,face,no_noise,2,1,2.9661
082,face,no_noise,1,1,3.8121
082,face,no_noise,3,1,2.452
082,face,no_noise,2,1,3.1451
082,face,no_noise,3,1,3.0183
082,face,no_noise,1,0,7.2652
082,face,no_noise,3,1,2.6889
082,face,no_noise,2,1,5.7317
082,face,no_noise,1,1,7.3456
082,face,no_noise,2,1,2.6344
082,face,no_noise,2,1,4.7526
082,face,no_noise,2,1,5.2464
082,face,no_noise,2,1,5.624
082,face,no_noise,1,1,6.0045
082,face,no_noise,3,1,2.3677
082,face,no_noise,1,1,2.6348
082,face,no_noise,2,1,2.4633
082,face,no_noise,2,1,2.5281
082,face,no_noise,1,1,6.0638
082,face,no_noise,3,1,2.8498
082,face,no_noise,1,1,3.9248
082,face,no_noise,2,1,11.0142
082,face,no_noise,1,1,9.3622
082,face,no_noise,1,1,4.4179
082,face,no_noise,3,1,6.4755
082,face,noise,2,1,5.6414
082,face,noise,3,1,3.9524
082,face,noise,1,1,11.2374
082,face,noise,3,0,7.2136
082,face,noise,3,1,7.3589
082,face,noise,1,1,11.7951
082,face,noise,2,1,10.962
082,face,noise,1,1,9.5644
082,face,noise,2,1,18.0941
082,face,noise,2,1,5.6351
082,face,noise,2,1,12.3841
082,face,noise,2,1,6.9577
082,face,noise,3,0,25.4669
082,face,noise,2,1,16.2939
082,face,noise,1,1,4.602
082,face,noise,2,1,11.8374
082,face,noise,3,1,3.5696
082,face,noise,1,1,4.2422
082,face,noise,2,0,10.5792
082,face,noise,1,1,9.9486
082,face,noise,3,0,9.2395
082,face,noise,1,1,11.8172
082,face,noise,1,1,3.4618
082,face,noise,1,0,18.4345
083,face,no_noise,1,1,4.0619
083,face,no_noise,2,1,3.1168
083,face,no_noise,1,1,2.5586
083,face,no_noise,3,1,3.3891
083,face,no_noise,1,0,3.8853
083,face,no_noise,3,0,2.4378
083,face,no_noise,1,1,3.0485
083,face,no_noise,3,1,1.7739
083,face,no_noise,2,1,2.4541
083,face,no_noise,3,1,3.177
083,face,no_noise,1,0,2.7944
083,face,no_noise,3,1,2.832
083,face,no_noise,2,1,2.4257
083,face,no_noise,2,0,2.787
083,face,no_noise,2,1,3.0555
083,face,no_noise,3,0,2.8184
083,face,no_noise,2,1,3.074
083,face,no_noise,2,1,4.6523
083,face,no_noise,1,1,3.0213
083,face,no_noise,3,1,3.4568
083,face,no_noise,3,0,3.4984
083,face,no_noise,2,1,2.6733
083,face,no_noise,2,1,3.9268
083,face,no_noise,1,1,3.4903
083,face,no_noise,3,1,2.8813
083,face,no_noise,1,1,3.8889
083,face,no_noise,2,1,3.6108
083,face,no_noise,1,1,2.5577
083,face,no_noise,1,1,3.7348
083,face,no_noise,3,1,4.5727
083,face,noise,2,1,3.449
083,face,noise,3,1,2.7138
083,face,noise,3,0,2.4502
083,face,noise,1,1,2.8308
083,face,noise,1,0,3.8875
083,face,noise,2,0,2.5968
083,face,noise,3,0,4.731
083,face,noise,2,0,3.0917
083,face,noise,3,0,2.1092
083,face,noise,2,1,1.9256
083,face,noise,3,0,2.6153
083,face,noise,2,1,3.1977
083,face,noise,2,0,3.8422
083,face,noise,1,0,2.7549
083,face,noise,1,1,4.2493
083,face,noise,2,1,3.5813
083,face,noise,3,1,2.7641
083,face,noise,1,1,4.5061
083,face,noise,3,1,2.0356
083,face,noise,1,1,2.4626
083,face,noise,2,0,3.6653
083,face,noise,1,1,3.8748
083,face,noise,2,0,4.0618
083,face,noise,3,1,3.2405
083,car,no_noise,3,0,4.5909
083,car,no_noise,1,1,2.8631
083,car,no_noise,3,0,3.5246
083,car,no_noise,3,1,2.6571
083,car,no_noise,2,1,3.9294
083,car,no_noise,3,0,2.5834
083,car,no_noise,3,1,3.148
083,car,no_noise,1,1,3.2549
083,car,no_noise,1,1,1.664
083,car,no_noise,2,0,4.2283
083,car,no_noise,3,1,2.437
083,car,no_noise,1,0,2.5877
083,car,no_noise,3,0,3.1085
083,car,no_noise,2,1,2.4176
083,car,no_noise,3,1,3.1788
083,car,no_noise,2,1,4.4457
083,car,no_noise,3,0,3.9008
083,car,no_noise,1,1,2.4578
083,car,no_noise,3,0,4.103
083,car,no_noise,1,1,1.975
083,car,no_noise,1,1,2.4579
083,car,no_noise,3,0,2.5115
083,car,no_noise,2,0,2.182
083,car,no_noise,2,1,1.7915
083,car,no_noise,1,0,3.3678
083,car,no_noise,3,1,3.3776
083,car,no_noise,2,1,2.548
083,car,no_noise,2,1,2.6803
083,car,no_noise,1,1,2.6516
083,car,no_noise,1,1,1.9911
083,car,noise,2,1,4.9431
083,car,noise,3,1,2.3306
083,car,noise,3,1,2.4708
083,car,noise,1,1,1.8058
083,car,noise,2,1,3.183
083,car,noise,1,0,3.1755
083,car,noise,1,1,1.5935
083,car,noise,1,1,2.4385
083,car,noise,2,1,1.3898
083,car,noise,1,1,1.9053
083,car,noise,2,0,3.7679
083,car,noise,2,0,4.337
083,car,noise,2,1,1.7776
083,car,noise,3,1,2.9243
083,car,noise,2,0,2.6976
083,car,noise,2,1,3.5717
083,car,noise,2,1,2.4532
083,car,noise,2,1,3.4238
083,car,noise,2,1,1.4167
083,car,noise,2,1,3.6061
083,car,noise,3,1,2.5237
083,car,noise,3,1,2.2467
083,car,noise,1,1,3.5956
083,car,noise,1,0,3.0378
084,face,no_noise,1,1,7.2481
084,face,no_noise,2,1,2.0889
084,face,no_noise,1,1,3.4252
084,face,no_noise,3,1,3.5806
084,face,no_noise,3,1,4.1143
084,face,no_noise,2,1,3.7274
084,face,no_noise,1,1,3.5819
084,face,no_noise,3,1,3.4983
084,face,no_noise,2,1,3.1307
084,face,no_noise,3,1,3.1031
084,face,no_noise,1,0,4.0544
084,face,no_noise,1,0,5.5996
084,face,no_noise,3,0,4.3069
084,face,no_noise,1,1,5.6578
084,face,no_noise,2,1,1.6742
084,face,no_noise,2,1,4.8688
084,face,no_noise,2,1,2.9891
084,face,no_noise,2,1,6.6095
084,face,no_noise,3,0,7.0684
084,face,no_noise,3,1,2.6782
084,face,no_noise,1,1,4.2311
084,face,no_noise,2,1,3.5834
084,face,no_noise,2,1,3.3397
084,face,no_noise,1,1,2.3056
084,face,no_noise,1,0,2.7856
084,face,no_noise,1,1,3.4451
084,face,no_noise,2,1,3.2868
084,face,no_noise,3,0,2.8547
084,face,no_noise,1,1,3.1044
084,face,no_noise,3,1,3.7594
084,face,noise,3,0,7.3243
084,face,noise,1,0,1.7981
084,face,noise,2,0,3.8022
084,face,noise,1,1,2.3898
084,face,noise,3,1,7.5706
084,face,noise,1,1,2.4935
084,face,noise,2,1,2.8048
084,face,noise,2,0,3.3308
084,face,noise,1,0,3.8067
084,face,noise,2,1,3.3068
084,face,noise,2,1,2.7862
084,face,noise,2,1,4.3419
084,face,noise,3,0,3.931
084,face,noise,3,0,5.058
084,face,noise,1,1,2.2514
084,face,noise,2,1,2.6433
084,face,noise,3,1,5.5571
084,face,noise,2,0,2.9869
084,face,noise,3,1,3.2322
084,face,noise,2,0,2.7537
084,face,noise,3,0,6.2312
084,face,noise,2,0,5.3854
084,face,noise,1,1,2.6837
084,face,noise,3,1,6.1888
084,car,no_noise,3,0,8.9186
084,car,no_noise,1,1,6.6104
084,car,no_noise,3,0,5.1805
084,car,no_noise,2,0,3.1607
084,car,no_noise,1,0,5.7018
084,car,no_noise,1,1,13.8525
084,car,no_noise,3,1,9.6072
084,car,no_noise,1,1,8.7287
084,car,no_noise,1,1,4.2145
084,car,no_noise,3,1,5.874
084,car,no_noise,3,1,4.2412
084,car,no_noise,3,1,5.4914
084,car,no_noise,2,1,9.3378
084,car,no_noise,1,0,6.1512
084,car,no_noise,3,1,4.109
084,car,no_noise,2,1,3.4837
084,car,no_noise,2,0,10.6604
084,car,no_noise,3,0,3.6921
084,car,no_noise,3,0,9.1717
084,car,no_noise,2,0,10.2242
084,car,no_noise,1,1,5.8341
084,car,no_noise,1,1,5.8919
084,car,no_noise,3,1,9.8027
084,car,no_noise,2,1,9.7668
084,car,no_noise,2,1,6.541
084,car,no_noise,2,0,5.0083
084,car,no_noise,2,1,6.8435
084,car,no_noise,3,0,3.8366
084,car,no_noise,3,0,6.495
084,car,no_noise,1,1,6.8291
084,car,noise,2,1,7.6302
084,car,noise,3,1,6.0739
084,car,noise,3,1,5.3942
084,car,noise,1,1,6.8618
084,car,noise,2,1,2.1817
084,car,noise,2,1,7.6339
084,car,noise,1,1,8.268
084,car,noise,3,0,7.677
084,car,noise,1,0,5.2837
084,car,noise,2,0,3.6056
084,car,noise,1,1,4.1382
084,car,noise,3,1,5.7662
084,car,noise,2,1,2.971
084,car,noise,3,1,4.2551
084,car,noise,3,1,8.5188
084,car,noise,2,1,3.6201
084,car,noise,2,1,5.9035
084,car,noise,2,1,3.8212
084,car,noise,2,1,7.0154
084,car,noise,2,1,3.3541
084,car,noise,3,1,5.5215
084,car,noise,3,1,8.7497
084,car,noise,3,0,8.2741
084,car,noise,3,1,4.4975
085,face,no_noise,1,1,6.4357
085,face,no_noise,2,1,2.1963
085,face,no_noise,1,1,1.4162
085,face,no_noise,3,1,2.7801
085,face,no_noise,3,1,5.3333
085,face,no_noise,2,1,2.8505
085,face,no_noise,1,1,3.1726
085,face,no_noise,3,1,1.6565
085,face,no_noise,2,1,2.4929
085,face,no_noise,3,1,1.7463
085,face,no_noise,2,1,4.4529
085,face,no_noise,2,0,3.9394
085,face,no_noise,2,1,1.3589
085,face,no_noise,2,0,3.7442
085,face,no_noise,2,1,1.4248
085,face,no_noise,3,0,2.433
085,face,no_noise,3,0,2.6439
085,face,no_noise,1,0,4.2159
085,face,no_noise,3,0,2.2627
085,face,no_noise,3,1,2.6816
085,face,no_noise,2,0,4.4652
085,face,no_noise,2,1,2.0493
085,face,no_noise,2,1,2.1869
085,face,no_noise,3,0,4.5586
085,face,no_noise,1,0,2.6007
085,face,no_noise,1,1,1.415
085,face,no_noise,2,1,2.4631
085,face,no_noise,2,0,2.3823
085,face,no_noise,1,1,3.2035
085,face,no_noise,2,0,3.7565
085,face,noise,2,1,3.6566
085,face,noise,3,1,2.4093
085,face,noise,3,0,3.5962
085,face,noise,1,1,1.5625
085,face,noise,3,1,1.8069
085,face,noise,2,0,2.6895
085,face,noise,1,0,2.5222
085,face,noise,2,0,2.6388
085,face,noise,2,1,2.21
085,face,noise,2,1,1.6362
085,face,noise,2,1,2.663
085,face,noise,2,1,2.3649
085,face,noise,3,0,3.8136
085,face,noise,2,1,1.3366
085,face,noise,1,1,1.9479
085,face,noise,2,1,2.6849
085,face,noise,3,1,1.9437
085,face,noise,1,1,1.2746
085,face,noise,3,1,1.93
085,face,noise,2,0,2.2518
085,face,noise,1,1,3.2136
085,face,noise,1,1,1.4456
085,face,noise,1,1,1.8809
085,face,noise,3,1,2.8962
085,car,no_noise,2,1,6.2804
085,car,no_noise,2,0,3.5973
085,car,no_noise,1,1,3.3959
085,car,no_noise,2,0,3.3329
085,car,no_noise,1,0,2.912
085,car,no_noise,1,1,2.9922
085,car,no_noise,1,0,1.6729
085,car,no_noise,3,0,2.0299
085,car,no_noise,1,1,2.1986
085,car,no_noise,2,0,2.1619
085,car,no_noise,1,0,1.3964
085,car,no_noise,2,0,3.5826
085,car,no_noise,1,0,2.299
085,car,no_noise,1,0,1.8578
085,car,no_noise,1,0,1.9808
085,car,no_noise,1,0,1.8822
085,car,no_noise,2,0,1.3391
085,car,no_noise,2,0,1.7115
085,car,no_noise,2,1,1.6123
085,car,no_noise,3,0,2.5293
085,car,no_noise,1,1,3.3516
085,car,no_noise,1,1,2.5947
085,car,no_noise,1,0,2.5321
085,car,no_noise,3,0,1.5375
085,car,no_noise,1,0,2.3458
085,car,no_noise,3,1,1.405
085,car,no_noise,1,0,1.3453
085,car,no_noise,2,1,1.7606
085,car,no_noise,3,0,2.598
085,car,no_noise,1,1,2.4806
085,car,noise,2,1,1.8315
085,car,noise,2,0,2.0465
085,car,noise,3,1,1.4374
085,car,noise,1,1,1.109
085,car,noise,2,1,1.8744
085,car,noise,2,1,1.8917
085,car,noise,1,1,0.9133
085,car,noise,1,1,1.5194
085,car,noise,1,0,2.1298
085,car,noise,2,0,1.9456
085,car,noise,2,0,1.6217
085,car,noise,1,0,1.9466
085,car,noise,2,1,2.0226
085,car,noise,1,0,1.5024
085,car,noise,3,1,2.8047
085,car,noise,2,1,1.6334
085,car,noise,1,0,1.628
085,car,noise,1,0,1.5599
085,car,noise,2,1,2.8155
085,car,noise,2,1,1.5215
085,car,noise,2,0,2.1499
085,car,noise,1,0,1.0615
085,car,noise,1,1,1.2151
085,car,noise,2,0,2.0023
087,face,no_noise,1,1,3.2165
087,face,no_noise,2,1,1.7631
087,face,no_noise,1,1,1.839
087,face,no_noise,3,1,1.4645
087,face,no_noise,3,1,4.1664
087,face,no_noise,2,1,1.7969
087,face,no_noise,1,1,1.5545
087,face,no_noise,3,1,1.3715
087,face,no_noise,2,1,1.9886
087,face,no_noise,3,1,1.537
087,face,no_noise,2,1,1.2557
087,face,no_noise,3,1,2.023
087,face,no_noise,2,1,1.7667
087,face,no_noise,1,1,1.7879
087,face,no_noise,2,1,1.0689
087,face,no_noise,2,1,1.6123
087,face,no_noise,2,1,2.9603
087,face,no_noise,2,1,3.6669
087,face,no_noise,1,1,3.4569
087,face,no_noise,3,1,2.5707
087,face,no_noise,1,1,2.5826
087,face,no_noise,2,1,2.1137
087,face,no_noise,2,1,2.3454
087,face,no_noise,1,1,3.0104
087,face,no_noise,3,1,2.1422
087,face,no_noise,1,1,2.3175
087,face,no_noise,2,1,2.8293
087,face,no_noise,1,1,2.9565
087,face,no_noise,1,1,1.4973
087,face,no_noise,3,1,1.891
087,face,noise,2,1,2.3691
087,face,noise,3,1,2.709
087,face,noise,3,0,5.6104
087,face,noise,1,1,1.2207
087,face,noise,3,1,3.1023
087,face,noise,1,1,1.7212
087,face,noise,2,1,2.3572
087,face,noise,1,1,1.5877
087,face,noise,1,0,3.3898
087,face,noise,2,1,1.4597
087,face,noise,3,0,2.5382
087,face,noise,2,1,1.7734
087,face,noise,1,1,3.0391
087,face,noise,2,1,1.2835
087,face,noise,1,1,1.3856
087,face,noise,2,1,3.2822
087,face,noise,2,0,5.978
087,face,noise,1,1,3.9182
087,face,noise,3,1,2.4626
087,face,noise,1,1,4.0311
087,face,noise,1,1,3.3178
087,face,noise,1,1,2.3355
087,face,noise,1,1,2.9294
087,face,noise,1,0,7.0846
087,car,no_noise,3,0,2.7643
087,car,no_noise,1,1,4.5018
087,car,no_noise,3,0,6.336
087,car,no_noise,2,0,4.3016
087,car,no_noise,2,1,3.8707
087,car,no_noise,3,0,3.2807
087,car,no_noise,1,0,4.6222
087,car,no_noise,1,1,7.7725
087,car,no_noise,1,1,2.5466
087,car,no_noise,3,1,2.95
087,car,no_noise,3,1,4.1015
087,car,no_noise,3,1,3.2371
087,car,no_noise,2,1,6.7374
087,car,no_noise,2,1,7.389
087,car,no_noise,3,1,5.2606
087,car,no_noise,2,1,2.8295
087,car,no_noise,1,1,4.654
087,car,no_noise,2,0,2.9965
087,car,no_noise,2,1,2.363
087,car,no_noise,1,1,4.3182
087,car,no_noise,2,0,5.2694
087,car,no_noise,1,1,4.4052
087,car,no_noise,3,1,8.0889
087,car,no_noise,3,0,4.8323
087,car,no_noise,2,1,2.9805
087,car,no_noise,3,1,3.6753
087,car,no_noise,2,1,4.8548
087,car,no_noise,2,1,2.427
087,car,no_noise,3,0,1.8104
087,car,no_noise,1,1,4.6832
087,car,noise,2,1,5.0346
087,car,noise,3,1,2.4144
087,car,noise,3,1,2.9174
087,car,noise,1,1,1.3314
087,car,noise,2,1,2.8036
087,car,noise,2,1,1.7214
087,car,noise,1,1,2.02
087,car,noise,1,1,1.6143
087,car,noise,2,1,4.9293
087,car,noise,1,1,6.1202
087,car,noise,1,1,2.8117
087,car,noise,3,1,6.5335
087,car,noise,2,1,3.4038
087,car,noise,3,1,3.2965
087,car,noise,3,1,2.5909
087,car,noise,2,1,3.6793
087,car,noise,2,1,2.3196
087,car,noise,2,1,1.9943
087,car,noise,2,1,4.1691
087,car,noise,2,1,3.4026
087,car,noise,1,0,7.5328
087,car,noise,1,0,3.3593
087,car,noise,1,1,4.786
087,car,noise,3,1,4.3864
089,car,no_noise,1,0,8.7482
089,car,no_noise,1,1,6.5649
089,car,no_noise,3,0,4.165
089,car,no_noise,3,1,6.3649
089,car,no_noise,2,1,8.0985
089,car,no_noise,3,0,4.2982
089,car,no_noise,2,0,7.4816
089,car,no_noise,1,1,6.4983
089,car,no_noise,1,1,4.8005
089,car,no_noise,3,1,10.0483
089,car,no_noise,3,1,6.0204
089,car,no_noise,3,1,6.0149
089,car,no_noise,3,0,8.2486
089,car,no_noise,1,0,6.9146
089,car,no_noise,2,0,6.6461
089,car,no_noise,2,1,6.5201
089,car,no_noise,1,1,7.1316
089,car,no_noise,2,0,9.5647
089,car,no_noise,2,1,10.3048
089,car,no_noise,3,0,12.8714
089,car,no_noise,3,0,9.752
089,car,no_noise,1,1,9.8365
089,car,no_noise,2,0,10.8382
089,car,no_noise,1,0,10.0645
089,car,no_noise,2,1,8.5315
089,car,no_noise,3,1,12.8537
089,car,no_noise,2,1,8.7824
089,car,no_noise,2,1,6.1628
089,car,no_noise,3,0,3.1983
089,car,no_noise,1,1,9.6496
089,car,noise,2,1,6.3825
089,car,noise,3,1,6.1379
089,car,noise,3,1,4.8298
089,car,noise,2,0,7.1524
089,car,noise,2,1,4.2307
089,car,noise,2,1,5.4644
089,car,noise,3,0,4.5195
089,car,noise,1,1,3.4146
089,car,noise,2,1,8.3832
089,car,noise,2,0,7.7486
089,car,noise,1,1,6.8148
089,car,noise,3,1,9.3312
089,car,noise,2,1,4.5501
089,car,noise,3,1,13.4302
089,car,noise,3,1,4.0974
089,car,noise,2,1,6.9981
089,car,noise,2,1,4.0862
089,car,noise,2,1,4.8146
089,car,noise,3,0,7.2638
089,car,noise,3,0,4.6123
089,car,noise,2,0,2.8987
089,car,noise,3,1,6.3476
089,car,noise,1,1,6.1141
089,car,noise,3,1,3.7471
089,face,no_noise,1,1,3.8168
089,face,no_noise,2,1,4.534
089,face,no_noise,1,1,2.8667
089,face,no_noise,3,1,2.6999
089,face,no_noise,3,1,4.2001
089,face,no_noise,2,1,5.0353
089,face,no_noise,1,1,3.9331
089,face,no_noise,3,1,4.4334
089,face,no_noise,2,1,3.55
089,face,no_noise,3,1,4.3165
089,face,no_noise,2,1,5.3999
089,face,no_noise,3,1,2.6176
089,face,no_noise,2,1,5.3399
089,face,no_noise,1,1,4.1337
089,face,no_noise,2,1,2.5003
089,face,no_noise,2,1,4.2977
089,face,no_noise,2,1,3.8664
089,face,no_noise,2,1,6.8168
089,face,no_noise,1,1,3.8865
089,face,no_noise,3,1,3.2854
089,face,no_noise,3,0,4.0833
089,face,no_noise,2,1,2.0545
089,face,no_noise,2,1,3.6833
089,face,no_noise,3,0,5.9667
089,face,no_noise,3,1,4.1007
089,face,no_noise,3,0,4.3167
089,face,no_noise,2,1,4.0858
089,face,no_noise,2,0,5.1667
089,face,no_noise,1,1,4.2335
089,face,no_noise,3,1,4.0352
089,face,noise,2,1,2.8164
089,face,noise,3,1,5.0495
089,face,noise,1,1,6.7496
089,face,noise,1,1,7.0663
089,face,noise,3,1,3.3829
089,face,noise,1,1,7.9337
089,face,noise,2,1,3.2177
089,face,noise,2,0,4.4655
089,face,noise,2,1,7.1013
089,face,noise,2,1,3.1398
089,face,noise,1,0,3.7496
089,face,noise,2,1,3.3164
089,face,noise,1,1,2.9889
089,face,noise,3,0,4.1525
089,face,noise,1,1,4.8175
089,face,noise,3,0,3.3662
089,face,noise,3,1,3.5994
089,face,noise,1,1,4.1827
089,face,noise,3,1,2.7687
089,face,noise,1,1,3.7161
089,face,noise,3,0,6.9872
089,face,noise,1,1,4.1191
089,face,noise,2,0,4.3662
089,face,noise,1,0,5.133
090,car,no_noise,2,1,10.7056
090,car,no_noise,2,0,8.1274
090,car,no_noise,2,0,7.2199
090,car,no_noise,2,0,4.6656
090,car,no_noise,2,1,9.2236
090,car,no_noise,1,1,5.6099
090,car,no_noise,3,1,7.5798
090,car,no_noise,1,1,11.1904
090,car,no_noise,1,1,9.183
090,car,no_noise,1,0,10.1689
090,car,no_noise,1,0,7.382
090,car,no_noise,3,1,12.2639
090,car,no_noise,2,1,4.7793
090,car,no_noise,1,0,8.184
090,car,no_noise,3,1,8.9959
090,car,no_noise,2,1,17.8013
090,car,no_noise,1,1,21.16
090,car,no_noise,1,1,10.8445
090,car,no_noise,2,1,6.045
090,car,no_noise,3,0,4.7804
090,car,no_noise,3,0,7.6133
090,car,no_noise,2,0,11.8675
090,car,no_noise,2,0,7.1222
090,car,no_noise,3,0,12.7928
090,car,no_noise,2,1,4.6463
090,car,no_noise,1,0,10.5832
090,car,no_noise,1,0,6.2568
090,car,no_noise,2,1,7.4144
090,car,no_noise,3,0,5.727
090,car,no_noise,2,0,7.7974
090,car,noise,2,1,8.916
090,car,noise,3,1,10.9672
090,car,noise,3,1,11.281
090,car,noise,1,1,10.866
090,car,noise,2,1,7.1246
090,car,noise,2,1,5.5934
090,car,noise,1,1,8.7661
090,car,noise,1,1,5.2259
090,car,noise,1,0,4.0365
090,car,noise,1,1,3.8626
090,car,noise,1,1,7.5791
090,car,noise,3,1,3.6143
090,car,noise,2,1,7.3437
090,car,noise,2,0,8.4204
090,car,noise,3,1,5.0719
090,car,noise,2,1,7.4515
090,car,noise,1,0,8.5696
090,car,noise,2,1,3.9101
090,car,noise,2,1,6.1739
090,car,noise,2,1,4.2574
090,car,noise,3,1,9.5055
090,car,noise,2,0,14.0131
090,car,noise,1,1,6.9849
090,car,noise,3,1,7.8683
090,face,no_noise,1,1,4.1217
090,face,no_noise,2,1,5.111
090,face,no_noise,1,1,3.8717
090,face,no_noise,3,1,5.2826
090,face,no_noise,3,1,3.1692
090,face,no_noise,2,1,2.8879
090,face,no_noise,1,1,6.6966
090,face,no_noise,3,1,3.0064
090,face,no_noise,2,1,3.0026
090,face,no_noise,3,1,2.7391
090,face,no_noise,2,1,2.9865
090,face,no_noise,3,1,3.0992
090,face,no_noise,2,1,3.1229
090,face,no_noise,1,1,1.9826
090,face,no_noise,2,1,3.6296
090,face,no_noise,3,0,3.0679
090,face,no_noise,2,1,2.4678
090,face,no_noise,2,1,2.5076
090,face,no_noise,1,1,3.9877
090,face,no_noise,3,1,2.8646
090,face,no_noise,1,1,2.3694
090,face,no_noise,2,1,2.7548
090,face,no_noise,2,1,4.3321
090,face,no_noise,1,1,2.4025
090,face,no_noise,3,1,6.6072
090,face,no_noise,1,1,2.2379
090,face,no_noise,2,1,2.7039
090,face,no_noise,1,1,6.7198
090,face,no_noise,1,1,4.344
090,face,no_noise,3,1,2.5419
090,face,noise,2,1,3.7363
090,face,noise,3,1,2.937
090,face,noise,1,1,3.7616
090,face,noise,1,1,2.6003
090,face,noise,3,1,3.0195
090,face,noise,1,1,4.8383
090,face,noise,2,1,3.5017
090,face,noise,1,1,3.8793
090,face,noise,2,1,5.0621
090,face,noise,2,1,3.0394
090,face,noise,2,1,3.7484
090,face,noise,2,1,4.2139
090,face,noise,1,1,5.6684
090,face,noise,2,1,3.8913
090,face,noise,1,1,2.252
090,face,noise,2,1,2.1869
090,face,noise,3,1,3.2174
090,face,noise,2,0,7.2705
090,face,noise,3,1,3.1242
090,face,noise,1,1,5.0886
090,face,noise,1,1,3.4624
090,face,noise,1,1,7.9732
090,face,noise,1,1,2.7472
090,face,noise,1,0,5.6478
091,face,no_noise,1,1,2.5205
091,face,no_noise,2,1,4.9263
091,face,no_noise,3,0,2.2601
091,face,no_noise,2,0,3.246
091,face,no_noise,3,1,1.7121
091,face,no_noise,2,1,4.3444
091,face,no_noise,2,0,3.2617
091,face,no_noise,3,1,1.8623
091,face,no_noise,2,1,1.5523
091,face,no_noise,2,0,3.5536
091,face,no_noise,2,1,1.8443
091,face,no_noise,3,1,1.7656
091,face,no_noise,2,1,1.7804
091,face,no_noise,1,1,1.9606
091,face,no_noise,2,1,1.9136
091,face,no_noise,3,0,4.2763
091,face,no_noise,2,1,1.4138
091,face,no_noise,2,1,1.0438
091,face,no_noise,3,0,2.7113
091,face,no_noise,3,1,2.5031
091,face,no_noise,1,1,1.9957
091,face,no_noise,2,1,2.8476
091,face,no_noise,2,1,2.4301
091,face,no_noise,1,1,2.1284
091,face,no_noise,3,1,3.4618
091,face,no_noise,3,0,3.8193
091,face,no_noise,2,1,1.928
091,face,no_noise,2,0,2.8457
091,face,no_noise,1,1,1.3619
091,face,no_noise,3,1,2.1108
091,face,noise,2,1,2.8927
091,face,noise,3,1,2.4092
091,face,noise,1,1,2.7767
091,face,noise,1,1,1.695
091,face,noise,3,1,7.2679
091,face,noise,3,0,1.991
091,face,noise,3,0,2.4258
091,face,noise,2,0,1.6945
091,face,noise,2,1,4.9147
091,face,noise,2,1,3.2932
091,face,noise,2,1,2.7768
091,face,noise,1,0,2.201
091,face,noise,2,0,1.2128
091,face,noise,2,1,1.4086
091,face,noise,1,1,3.3773
091,face,noise,3,0,2.5601
091,face,noise,3,1,1.6625
091,face,noise,3,0,2.0998
091,face,noise,3,1,1.6595
091,face,noise,2,0,1.7603
091,face,noise,1,1,2.9293
091,face,noise,1,1,1.3769
091,face,noise,1,1,2.0962
091,face,noise,3,1,1.7089
091,car,no_noise,2,1,2.2243
091,car,no_noise,2,0,2.3406
091,car,no_noise,3,0,2.0874
091,car,no_noise,1,0,1.0514
091,car,no_noise,1,0,0.9519
091,car,no_noise,3,0,7.7331
091,car,no_noise,3,1,2.4671
091,car,no_noise,1,1,2.0373
091,car,no_noise,1,1,1.7903
091,car,no_noise,1,0,4.184
091,car,no_noise,1,0,2.6174
091,car,no_noise,3,1,2.7846
091,car,no_noise,2,1,1.8679
091,car,no_noise,1,0,2.2339
091,car,no_noise,1,0,1.9018
091,car,no_noise,2,1,4.4229
091,car,no_noise,2,0,4.0714
091,car,no_noise,1,1,1.2897
091,car,no_noise,1,0,1.3373
091,car,no_noise,2,0,3.4849
091,car,no_noise,2,0,1.8721
091,car,no_noise,1,1,1.2178
091,car,no_noise,2,0,3.7172
091,car,no_noise,1,0,1.2348
091,car,no_noise,1,0,1.3849
091,car,no_noise,2,0,1.3084
091,car,no_noise,1,0,0.6873
091,car,no_noise,1,0,0.702
091,car,no_noise,3,0,1.5483
091,car,no_noise,1,1,0.9368
091,car,noise,2,1,2.3921
091,car,noise,1,0,1.9282
091,car,noise,3,1,1.4853
091,car,noise,1,1,0.7523
091,car,noise,1,0,0.9687
091,car,noise,2,1,1.0271
091,car,noise,3,0,4.0466
091,car,noise,1,1,0.9964
091,car,noise,1,0,1.1968
091,car,noise,1,1,2.6826
091,car,noise,1,1,2.2652
091,car,noise,1,0,0.9495
091,car,noise,2,1,1.4658
091,car,noise,3,1,2.2642
091,car,noise,1,0,1.8528
091,car,noise,1,0,1.5325
091,car,noise,3,0,1.3636
091,car,noise,2,1,1.1833
091,car,noise,3,0,1.4146
091,car,noise,2,1,1.1497
091,car,noise,2,0,1.7091
091,car,noise,1,0,2.0971
091,car,noise,1,1,1.1452
091,car,noise,1,0,2.3609
093,car,no_noise,2,1,15.1227
093,car,no_noise,1,1,10.1294
093,car,no_noise,3,0,8.0814
093,car,no_noise,3,1,10.991
093,car,no_noise,1,0,11.8906
093,car,no_noise,3,0,4.1158
093,car,no_noise,1,0,4.6759
093,car,no_noise,1,1,11.2572
093,car,no_noise,1,1,12.5896
093,car,no_noise,1,0,22.7304
093,car,no_noise,3,1,9.7584
093,car,no_noise,3,1,5.179
093,car,no_noise,2,1,12.7558
093,car,no_noise,1,0,17.4186
093,car,no_noise,3,1,32.6389
093,car,no_noise,2,1,19.9163
093,car,no_noise,1,1,10.7745
093,car,no_noise,2,0,13.805
093,car,no_noise,2,1,33.105
093,car,no_noise,3,0,5.1123
093,car,no_noise,2,0,15.5866
093,car,no_noise,3,0,16.3026
093,car,no_noise,3,1,27.493
093,car,no_noise,2,1,10.3912
093,car,no_noise,2,1,14.271
093,car,no_noise,3,1,54.1201
093,car,no_noise,2,1,7.7265
093,car,no_noise,2,1,6.7275
093,car,no_noise,3,0,11.5735
093,car,no_noise,1,1,7.1936
093,car,noise,2,1,14.2877
093,car,noise,3,1,6.6278
093,car,noise,3,1,12.7725
093,car,noise,2,0,13.5884
093,car,noise,2,1,5.6953
093,car,noise,2,1,4.6294
093,car,noise,1,1,9.1756
093,car,noise,1,1,6.7615
093,car,noise,2,1,14.3047
093,car,noise,1,1,16.0525
093,car,noise,1,1,20.4824
093,car,noise,3,1,14.5376
093,car,noise,2,1,4.8624
093,car,noise,3,1,10.9573
093,car,noise,3,1,5.5287
093,car,noise,2,1,9.8417
093,car,noise,2,1,12.306
093,car,noise,2,1,4.3297
093,car,noise,2,1,24.1788
093,car,noise,2,1,5.0126
093,car,noise,3,1,12.1907
093,car,noise,3,1,32.083
093,car,noise,1,1,7.9316
093,car,noise,3,1,19.0781
093,face,no_noise,1,1,7.4236
093,face,no_noise,2,1,5.0682
093,face,no_noise,1,1,4.0976
093,face,no_noise,3,1,4.9462
093,face,no_noise,3,1,4.2474
093,face,no_noise,2,1,4.8962
093,face,no_noise,1,1,8.6597
093,face,no_noise,3,1,2.707
093,face,no_noise,2,1,4.5316
093,face,no_noise,2,0,13.7117
093,face,no_noise,2,1,4.3635
093,face,no_noise,3,1,3.7407
093,face,no_noise,2,1,4.2302
093,face,no_noise,1,1,7.8172
093,face,no_noise,2,1,4.0636
093,face,no_noise,3,0,3.4512
093,face,no_noise,2,1,7.171
093,face,no_noise,2,1,4.0699
093,face,no_noise,1,1,4.439
093,face,no_noise,3,1,2.6547
093,face,no_noise,1,1,4.5134
093,face,no_noise,2,1,5.3656
093,face,no_noise,2,1,9.8192
093,face,no_noise,1,1,10.5645
093,face,no_noise,1,0,2.2487
093,face,no_noise,1,1,7.8347
093,face,no_noise,2,1,2.5177
093,face,no_noise,3,0,29.5017
093,face,no_noise,1,1,2.6374
093,face,no_noise,3,1,3.0052
093,face,noise,2,1,5.8078
093,face,noise,3,1,7.0612
093,face,noise,1,1,5.8787
093,face,noise,1,1,3.4474
093,face,noise,3,1,8.7893
093,face,noise,1,1,4.6848
093,face,noise,2,1,7.2194
093,face,noise,3,0,6.4531
093,face,noise,2,1,5.4676
093,face,noise,2,1,4.5087
093,face,noise,2,1,9.588
093,face,noise,2,1,4.5653
093,face,noise,3,0,8.7876
093,face,noise,2,1,8.553
093,face,noise,1,1,3.4834
093,face,noise,2,1,5.5624
093,face,noise,3,1,2.0404
093,face,noise,1,1,4.8676
093,face,noise,3,1,3.1976
093,face,noise,3,0,6.9
093,face,noise,3,0,2.3417
093,face,noise,1,1,9.6521
093,face,noise,1,1,7.0669
093,face,noise,3,1,6.2456
094,face,no_noise,2,0,6.3269
094,face,no_noise,2,1,4.4588
094,face,no_noise,1,1,4.8393
094,face,no_noise,1,0,5.392
094,face,no_noise,3,1,4.2432
094,face,no_noise,1,0,3.073
094,face,no_noise,1,1,2.8173
094,face,no_noise,2,0,5.1419
094,face,no_noise,3,0,3.563
094,face,no_noise,2,0,3.5272
094,face,no_noise,3,0,3.8093
094,face,no_noise,3,1,3.2717
094,face,no_noise,2,1,3.8963
094,face,no_noise,1,1,3.831
094,face,no_noise,1,0,4.4646
094,face,no_noise,2,1,3.7324
094,face,no_noise,2,1,3.4553
094,face,no_noise,3,0,4.5188
094,face,no_noise,1,1,5.1053
094,face,no_noise,3,1,4.9749
094,face,no_noise,3,0,2.8503
094,face,no_noise,2,1,4.0255
094,face,no_noise,2,1,2.1591
094,face,no_noise,1,1,2.9936
094,face,no_noise,3,1,2.6177
094,face,no_noise,3,0,2.9825
094,face,no_noise,2,1,4.1189
094,face,no_noise,3,0,3.233
094,face,no_noise,2,0,3.9836
094,face,no_noise,1,0,3.3372
094,face,noise,2,1,3.9658
094,face,noise,3,1,2.1207
094,face,noise,3,0,3.5196
094,face,noise,1,1,2.3591
094,face,noise,3,1,3.4229
094,face,noise,3,0,2.3612
094,face,noise,2,1,3.671
094,face,noise,3,0,4.0383
094,face,noise,3,0,2.0947
094,face,noise,2,1,1.4566
094,face,noise,2,1,1.5925
094,face,noise,3,0,1.9426
094,face,noise,2,0,3.6047
094,face,noise,2,1,3.4705
094,face,noise,1,1,1.3159
094,face,noise,2,1,2.4854
094,face,noise,3,1,2.7904
094,face,noise,3,0,2.2151
094,face,noise,2,0,3.3842
094,face,noise,3,0,2.1325
094,face,noise,1,1,1.6439
094,face,noise,1,1,3.1514
094,face,noise,2,0,2.7004
094,face,noise,3,1,1.6033
094,car,no_noise,3,0,4.8409
094,car,no_noise,1,1,4.1018
094,car,no_noise,3,0,3.6506
094,car,no_noise,2,0,2.1579
094,car,no_noise,1,0,1.7531
094,car,no_noise,1,1,1.5828
094,car,no_noise,3,1,2.5881
094,car,no_noise,2,0,1.34
094,car,no_noise,1,1,3.2138
094,car,no_noise,2,0,3.7597
094,car,no_noise,1,0,1.6478
094,car,no_noise,1,0,1.3506
094,car,no_noise,2,1,2.2205
094,car,no_noise,1,0,3.1779
094,car,no_noise,3,1,3.0715
094,car,no_noise,2,1,5.3001
094,car,no_noise,1,1,3.1522
094,car,no_noise,1,1,1.2049
094,car,no_noise,2,1,3.0383
094,car,no_noise,1,1,1.416
094,car,no_noise,2,0,2.2954
094,car,no_noise,2,0,2.2373
094,car,no_noise,3,1,2.7389
094,car,no_noise,1,0,1.5731
094,car,no_noise,2,1,2.2848
094,car,no_noise,2,0,4.4428
094,car,no_noise,1,0,4.0006
094,car,no_noise,2,1,1.5615
094,car,no_noise,3,0,1.5149
094,car,no_noise,3,0,4.0878
094,car,noise,2,1,2.9229
094,car,noise,3,1,2.5923
094,car,noise,2,0,2.2331
094,car,noise,1,1,2.5351
094,car,noise,2,1,1.9749
094,car,noise,2,1,1.4157
094,car,noise,3,0,2.6177
094,car,noise,1,1,1.3483
094,car,noise,1,0,0.8884
094,car,noise,1,1,0.7788
094,car,noise,2,0,1.9834
094,car,noise,1,0,1.8666
094,car,noise,2,1,2.555
094,car,noise,3,1,1.3734
094,car,noise,3,1,3.5022
094,car,noise,1,0,3.5491
094,car,noise,2,1,1.4154
094,car,noise,2,1,2.105
094,car,noise,1,0,1.2822
094,car,noise,3,0,2.6874
094,car,noise,2,0,1.8852
094,car,noise,1,0,2.4823
094,car,noise,2,0,1.1819
094,car,noise,2,0,2.3233
096,car,no_noise,2,1,2.5232
096,car,no_noise,2,0,2.6821
096,car,no_noise,1,1,1.4994
096,car,no_noise,2,0,2.4836
096,car,no_noise,2,1,2.1991
096,car,no_noise,1,1,2.0555
096,car,no_noise,3,1,2.0843
096,car,no_noise,1,1,1.8992
096,car,no_noise,1,1,2.1709
096,car,no_noise,3,1,2.8346
096,car,no_noise,3,1,2.4987
096,car,no_noise,3,1,2.3524
096,car,no_noise,2,1,2.0728
096,car,no_noise,2,1,2.916
096,car,no_noise,1,0,3.0792
096,car,no_noise,2,1,2.3112
096,car,no_noise,1,1,1.7386
096,car,no_noise,2,0,2.1678
096,car,no_noise,2,1,1.8128
096,car,no_noise,3,0,2.3613
096,car,no_noise,1,1,1.8511
096,car,no_noise,1,1,2.1688
096,car,no_noise,3,1,1.9299
096,car,no_noise,1,0,3.1885
096,car,no_noise,2,1,1.7009
096,car,no_noise,3,1,3.4258
096,car,no_noise,2,1,1.6512
096,car,no_noise,2,1,1.8966
096,car,no_noise,1,1,2.0492
096,car,no_noise,1,1,2.4791
096,car,noise,2,1,2.2753
096,car,noise,3,1,1.8721
096,car,noise,3,1,1.9582
096,car,noise,1,1,1.6991
096,car,noise,2,1,1.7041
096,car,noise,2,1,1.6978
096,car,noise,1,1,2.0316
096,car,noise,1,1,1.6195
096,car,noise,2,1,2.3312
096,car,noise,2,0,2.6284
096,car,noise,1,1,1.662
096,car,noise,3,1,2.1633
096,car,noise,2,1,2.0529
096,car,noise,3,1,1.6638
096,car,noise,2,0,1.5288
096,car,noise,2,1,1.7046
096,car,noise,2,1,1.8611
096,car,noise,2,1,1.7862
096,car,noise,2,1,1.9267
096,car,noise,2,1,2.0729
096,car,noise,3,1,2.5643
096,car,noise,2,0,2.1456
096,car,noise,1,1,2.1503
096,car,noise,3,1,1.9054
096,face,no_noise,1,1,1.6467
096,face,no_noise,2,1,1.3729
096,face,no_noise,3,0,1.9546
096,face,no_noise,3,1,2.2414
096,face,no_noise,2,0,1.2104
096,face,no_noise,2,1,1.0743
096,face,no_noise,2,0,1.8109
096,face,no_noise,3,1,1.7326
096,face,no_noise,2,1,1.7268
096,face,no_noise,3,1,1.7873000000000001
096,face,no_noise,2,1,1.3263
096,face,no_noise,3,1,1.4867
096,face,no_noise,2,1,2.0513
096,face,no_noise,1,1,1.547
096,face,no_noise,2,1,1.4681
096,face,no_noise,3,0,2.9416
096,face,no_noise,2,1,2.1103
096,face,no_noise,1,0,2.2661
096,face,no_noise,1,1,2.9256
096,face,no_noise,3,1,2.0093
096,face,no_noise,2,0,1.7396
096,face,no_noise,2,1,0.8805
096,face,no_noise,2,1,0.8727
096,face,no_noise,3,0,2.415
096,face,no_noise,3,1,2.0178
096,face,no_noise,1,1,1.5901
096,face,no_noise,2,1,1.5235
096,face,no_noise,2,0,2.3831
096,face,no_noise,2,0,1.9553
096,face,no_noise,2,0,1.5903
096,face,noise,1,0,2.9239
096,face,noise,2,0,1.1272
096,face,noise,3,0,1.2259
096,face,noise,3,0,1.6171
096,face,noise,3,1,1.1762
096,face,noise,3,0,1.4422
096,face,noise,3,0,2.1532
096,face,noise,2,0,0.9111
096,face,noise,1,0,1.7588
096,face,noise,2,1,1.1273
096,face,noise,2,1,1.0725
096,face,noise,3,0,2.4258
096,face,noise,2,0,1.5931
096,face,noise,2,1,0.9965
096,face,noise,2,0,2.092
096,face,noise,1,0,1.8498000000000001
096,face,noise,3,1,1.1663
096,face,noise,1,1,1.3829
096,face,noise,3,1,1.583
096,face,noise,3,0,1.8664
096,face,noise,3,0,1.5831
096,face,noise,1,1,1.6
096,face,noise,3,0,1.4163
096,face,noise,2,0,1.8137
097,face,no_noise,1,1,4.0501
097,face,no_noise,2,1,1.397
097,face,no_noise,1,1,2.6466
097,face,no_noise,3,1,2.5966
097,face,no_noise,3,1,3.4806
097,face,no_noise,2,1,1.3506
097,face,no_noise,2,0,2.3972
097,face,no_noise,3,1,1.7965
097,face,no_noise,2,1,3.4973
097,face,no_noise,3,1,1.9248
097,face,no_noise,2,1,1.5528
097,face,no_noise,3,1,2.2465
097,face,no_noise,2,1,1.0479
097,face,no_noise,1,1,1.5961
097,face,no_noise,2,1,1.3837
097,face,no_noise,3,0,2.5159
097,face,no_noise,2,1,1.3311
097,face,no_noise,2,1,1.5324
097,face,no_noise,3,0,2.6683
097,face,no_noise,3,1,1.4143
097,face,no_noise,2,0,1.9015
097,face,no_noise,1,0,1.7798
097,face,no_noise,2,1,0.8961
097,face,no_noise,3,0,1.7632
097,face,no_noise,3,1,1.676
097,face,no_noise,1,1,1.4636
097,face,no_noise,2,1,1.3658
097,face,no_noise,1,1,2.3306
097,face,no_noise,1,1,0.9839
097,face,no_noise,3,1,2.7634
097,face,noise,3,0,2.6763
097,face,noise,3,1,2.046
097,face,noise,1,1,2.813
097,face,noise,1,1,1.329
097,face,noise,3,1,1.4223
097,face,noise,1,1,1.8628
097,face,noise,2,1,2.1117
097,face,noise,2,0,1.897
097,face,noise,1,0,2.9128
097,face,noise,2,1,1.8662
097,face,noise,3,0,1.1292
097,face,noise,3,0,1.3459
097,face,noise,1,1,1.328
097,face,noise,2,1,1.2132
097,face,noise,1,1,1.0294
097,face,noise,2,1,1.4958
097,face,noise,3,1,1.3312
097,face,noise,1,1,1.0618
097,face,noise,1,0,1.3949
097,face,noise,2,0,1.0083
097,face,noise,3,0,1.7284
097,face,noise,3,0,2.9432
097,face,noise,3,0,0.945
097,face,noise,2,0,1.014
097,car,no_noise,1,0,1.6615
097,car,no_noise,1,1,2.038
097,car,no_noise,3,0,0.9882
097,car,no_noise,2,0,0.792
097,car,no_noise,1,0,0.8723
097,car,no_noise,3,0,1.1224
097,car,no_noise,1,0,1.0062
097,car,no_noise,1,1,1.4551
097,car,no_noise,1,1,1.1057
097,car,no_noise,1,0,1.0212
097,car,no_noise,1,0,0.8584
097,car,no_noise,1,0,0.9214
097,car,no_noise,1,0,1.0215
097,car,no_noise,2,1,1.1385
097,car,no_noise,2,0,1.3221
097,car,no_noise,1,0,1.0886
097,car,no_noise,3,0,1.793
097,car,no_noise,1,1,2.003
097,car,no_noise,1,0,0.6404
097,car,no_noise,2,0,0.538
097,car,no_noise,3,0,0.888
097,car,no_noise,1,1,0.6547
097,car,no_noise,1,0,0.7178
097,car,no_noise,2,1,0.5716
097,car,no_noise,1,0,0.6685
097,car,no_noise,3,1,0.5686
097,car,no_noise,3,0,0.7212
097,car,no_noise,3,0,0.7213
097,car,no_noise,1,1,1.1212
097,car,no_noise,1,1,1.426
097,car,noise,2,1,1.3387
097,car,noise,3,1,0.7174
097,car,noise,2,0,1.0643
097,car,noise,3,0,0.8134
097,car,noise,1,0,0.6668
097,car,noise,1,0,0.8466
097,car,noise,2,0,0.9307
097,car,noise,1,1,0.787
097,car,noise,1,0,0.6783
097,car,noise,3,0,0.6996
097,car,noise,1,1,0.5949
097,car,noise,1,0,0.7664
097,car,noise,3,0,1.0647
097,car,noise,1,0,0.8652
097,car,noise,2,0,0.4481
097,car,noise,2,1,0.6794
097,car,noise,2,1,0.9182
097,car,noise,1,0,0.3475
097,car,noise,3,0,0.7366
097,car,noise,2,1,0.8054
097,car,noise,1,0,0.8459
097,car,noise,3,1,0.8992
097,car,noise,2,0,0.9993
097,car,noise,1,0,1.1302
098,car,no_noise,2,1,3.7106
098,car,no_noise,1,1,3.6061
098,car,no_noise,1,1,3.909
098,car,no_noise,2,0,3.7779
098,car,no_noise,2,1,3.9998
098,car,no_noise,3,0,3.498
098,car,no_noise,1,0,3.795
098,car,no_noise,1,1,3.2253
098,car,no_noise,2,0,3.3805
098,car,no_noise,2,0,3.3894
098,car,no_noise,2,0,3.5648
098,car,no_noise,3,1,3.5086
098,car,no_noise,2,1,2.2987
098,car,no_noise,2,1,2.8203
098,car,no_noise,2,0,2.6536
098,car,no_noise,2,1,3.5975
098,car,no_noise,1,1,2.3711
098,car,no_noise,3,0,3.7012
098,car,no_noise,2,1,2.8795
098,car,no_noise,1,1,2.9003
098,car,no_noise,1,1,2.4928
098,car,no_noise,1,1,2.5148
098,car,no_noise,2,0,1.8637
098,car,no_noise,1,0,2.2263
098,car,no_noise,3,0,1.6258
098,car,no_noise,2,0,2.1466
098,car,no_noise,1,0,2.7295
098,car,no_noise,1,0,2.613
098,car,no_noise,3,0,1.7761
098,car,no_noise,3,0,2.2541
098,car,noise,1,0,3.2787
098,car,noise,1,0,2.4288
098,car,noise,3,1,2.2039
098,car,noise,1,1,2.6496
098,car,noise,2,1,1.568
098,car,noise,1,0,3.2572
098,car,noise,1,1,2.7179
098,car,noise,1,1,1.4317
098,car,noise,1,0,2.1737
098,car,noise,3,0,2.9028
098,car,noise,1,1,1.6806
098,car,noise,1,0,1.0799
098,car,noise,2,1,2.5048
098,car,noise,1,0,1.6049
098,car,noise,1,0,2.8244
098,car,noise,3,0,2.672
098,car,noise,2,1,3.693
098,car,noise,1,0,1.99
098,car,noise,1,0,2.0391
098,car,noise,1,0,2.1358
098,car,noise,2,0,1.4019
098,car,noise,1,0,2.2452
098,car,noise,1,1,1.5956
098,car,noise,1,0,1.3889
098,face,no_noise,1,1,2.0313
098,face,no_noise,2,1,2.2466
098,face,no_noise,1,1,1.9467
098,face,no_noise,2,0,2.9792
098,face,no_noise,3,1,2.7641
098,face,no_noise,2,1,1.829
098,face,no_noise,1,1,1.5504
098,face,no_noise,3,1,1.4445
098,face,no_noise,1,0,1.5452
098,face,no_noise,3,1,1.429
098,face,no_noise,2,1,2.4817
098,face,no_noise,2,0,1.4443
098,face,no_noise,2,1,1.4785
098,face,no_noise,1,1,1.0845
098,face,no_noise,2,1,2.761
098,face,no_noise,2,1,1.9933
098,face,no_noise,1,0,1.8325
098,face,no_noise,1,0,1.7083
098,face,no_noise,3,0,1.3925
098,face,no_noise,3,1,1.492
098,face,no_noise,2,0,2.4014
098,face,no_noise,2,1,1.1626
098,face,no_noise,2,1,1.5774
098,face,no_noise,2,0,1.6941
098,face,no_noise,1,0,1.413
098,face,no_noise,1,1,2.3935
098,face,no_noise,2,1,1.8118
098,face,no_noise,2,0,1.332
098,face,no_noise,1,1,1.7928
098,face,no_noise,3,1,1.965
098,face,noise,3,0,1.8313
098,face,noise,3,1,2.0238
098,face,noise,1,1,2.5422
098,face,noise,1,1,1.0053
098,face,noise,3,1,1.2616
098,face,noise,1,1,1.0918
098,face,noise,1,0,2.4124
098,face,noise,2,0,1.6073
098,face,noise,2,1,1.8925
098,face,noise,2,1,2.0761
098,face,noise,1,0,2.0366
098,face,noise,1,0,1.9946
098,face,noise,2,0,1.1925
098,face,noise,2,1,1.626
098,face,noise,1,1,1.0119
098,face,noise,1,0,1.8111
098,face,noise,3,1,1.3833
098,face,noise,1,1,1.8602
098,face,noise,3,1,1.11
098,face,noise,2,0,1.1117
098,face,noise,2,0,1.9227
098,face,noise,1,1,1.6223
098,face,noise,3,0,1.3896
098,face,noise,3,1,2.5447
099,face,no_noise,1,1,2.9833
099,face,no_noise,2,1,1.5212
099,face,no_noise,1,1,3.1727
099,face,no_noise,1,0,3.153
099,face,no_noise,3,1,2.4871
099,face,no_noise,2,1,1.6179
099,face,no_noise,1,1,4.1039
099,face,no_noise,3,1,2.0847
099,face,no_noise,2,1,3.2128
099,face,no_noise,3,1,2.4851
099,face,no_noise,2,1,2.333
099,face,no_noise,3,1,2.3848
099,face,no_noise,2,1,2.2251
099,face,no_noise,1,1,1.6313
099,face,no_noise,2,1,1.7012
099,face,no_noise,2,1,3.0111
099,face,no_noise,2,1,3.2559
099,face,no_noise,2,1,2.0606
099,face,no_noise,1,1,3.2764
099,face,no_noise,3,1,2.8534
099,face,no_noise,1,1,1.2676
099,face,no_noise,2,1,1.9601
099,face,no_noise,2,1,2.32
099,face,no_noise,1,1,0.9508
099,face,no_noise,3,1,2.0785
099,face,no_noise,1,1,1.9197
099,face,no_noise,2,1,1.9102
099,face,no_noise,2,0,3.002
099,face,no_noise,1,1,3.5596
099,face,no_noise,3,1,1.5633
099,face,noise,2,1,2.8561
099,face,noise,3,1,4.6025
099,face,noise,3,0,5.4029
099,face,noise,1,1,1.2223
099,face,noise,3,1,2.7198
099,face,noise,1,1,2.8567
099,face,noise,2,1,1.4043
099,face,noise,1,1,5.0286
099,face,noise,1,0,4.29
099,face,noise,2,1,2.4014
099,face,noise,2,1,3.2302
099,face,noise,2,1,2.4849
099,face,noise,1,1,4.5085
099,face,noise,2,1,2.9703
099,face,noise,1,1,3.7209
099,face,noise,2,1,2.0342
099,face,noise,3,1,3.2921
099,face,noise,1,1,1.5029
099,face,noise,3,1,1.5032
099,face,noise,1,1,6.5199
099,face,noise,1,1,3.0365
099,face,noise,1,1,4.0393
099,face,noise,1,1,0.9951
099,face,noise,3,1,4.1119
099,car,no_noise,3,0,4.8447
099,car,no_noise,2,0,3.8965
099,car,no_noise,3,0,3.0124
099,car,no_noise,1,0,3.6551
099,car,no_noise,2,1,3.495
099,car,no_noise,3,0,2.779
099,car,no_noise,2,0,3.5285
099,car,no_noise,1,1,4.4912
099,car,no_noise,3,0,2.3569
099,car,no_noise,2,0,3.4036
099,car,no_noise,2,0,2.4026
099,car,no_noise,3,1,1.9122
099,car,no_noise,3,0,3.3373
099,car,no_noise,2,1,1.8565
099,car,no_noise,3,1,3.5413
099,car,no_noise,2,1,3.571
099,car,no_noise,1,1,1.4446
099,car,no_noise,2,0,3.9787
099,car,no_noise,1,0,4.3237
099,car,no_noise,1,1,4.1542
099,car,no_noise,3,0,3.5533
099,car,no_noise,1,1,3.5264
099,car,no_noise,3,1,2.253
099,car,no_noise,3,0,4.0238
099,car,no_noise,2,1,3.6875
099,car,no_noise,2,0,4.6943
099,car,no_noise,3,0,4.6067
099,car,no_noise,1,0,2.2583
099,car,no_noise,3,0,1.5974
099,car,no_noise,1,1,4.2205
099,car,noise,2,1,4.9101
099,car,noise,2,0,3.0655
099,car,noise,2,0,5.2698
099,car,noise,1,1,4.7295
099,car,noise,3,0,2.4958
099,car,noise,1,0,4.032
099,car,noise,3,0,3.3028
099,car,noise,1,1,2.1469
099,car,noise,2,1,2.5196
099,car,noise,2,0,4.5666
099,car,noise,1,1,4.8365
099,car,noise,3,1,2.7896
099,car,noise,2,1,3.0756
099,car,noise,3,1,3.7318
099,car,noise,3,1,2.3129
099,car,noise,3,0,3.8833
099,car,noise,1,0,2.3317
099,car,noise,2,1,4.7021
099,car,noise,3,0,4.4025
099,car,noise,1,0,3.812
099,car,noise,2,0,4.2541
099,car,noise,1,0,1.2378
099,car,noise,1,1,5.1042
099,car,noise,3,1,4.3416
100,face,no_noise,1,1,1.663
100,face,no_noise,2,1,1.733
100,face,no_noise,1,1,1.3823
100,face,no_noise,3,1,1.9495
100,face,no_noise,1,0,2.9061
100,face,no_noise,2,1,1.2059
100,face,no_noise,1,1,1.2902
100,face,no_noise,3,1,2.033
100,face,no_noise,2,1,1.4852
100,face,no_noise,3,1,1.983
100,face,no_noise,2,1,1.9056
100,face,no_noise,3,1,2.316
100,face,no_noise,2,1,1.4371
100,face,no_noise,1,1,1.3553
100,face,no_noise,2,1,1.0912
100,face,no_noise,2,1,1.9579
100,face,no_noise,2,1,2.0545
100,face,no_noise,3,0,2.2348
100,face,no_noise,1,1,2.2822
100,face,no_noise,3,1,2.6651
100,face,no_noise,1,1,1.5398
100,face,no_noise,2,1,1.3834
100,face,no_noise,2,1,1.4172
100,face,no_noise,2,0,3.0327
100,face,no_noise,3,1,2.3154
100,face,no_noise,1,1,1.5411
100,face,no_noise,2,1,1.2671
100,face,no_noise,1,1,1.4585
100,face,no_noise,1,1,2.2214
100,face,no_noise,3,1,1.9594
100,face,noise,2,1,3.7354
100,face,noise,3,1,2.5253
100,face,noise,3,0,2.6746
100,face,noise,1,1,1.1854
100,face,noise,3,1,1.6346
100,face,noise,1,1,1.4689
100,face,noise,2,1,1.4085
100,face,noise,2,0,1.1326
100,face,noise,1,0,2.4552
100,face,noise,2,1,1.0341
100,face,noise,3,0,1.9326
100,face,noise,2,1,1.6752
100,face,noise,2,0,0.9656
100,face,noise,2,1,1.217
100,face,noise,1,1,2.0222
100,face,noise,2,1,1.4838
100,face,noise,2,0,2.4557
100,face,noise,2,0,1.1334
100,face,noise,3,1,1.9327
100,face,noise,1,1,1.3169
100,face,noise,3,0,2.4996
100,face,noise,2,0,1.7542
100,face,noise,2,0,2.6479
100,face,noise,3,1,2.6536
100,car,no_noise,3,0,2.1846
100,car,no_noise,1,1,2.3305
100,car,no_noise,1,1,1.1145
100,car,no_noise,2,0,4.0833
100,car,no_noise,2,1,2.2568
100,car,no_noise,3,0,2.6962
100,car,no_noise,2,0,3.8991
100,car,no_noise,1,1,1.9982
100,car,no_noise,2,0,2.4494
100,car,no_noise,2,0,2.0147
100,car,no_noise,3,1,2.3806
100,car,no_noise,3,1,2.164
100,car,no_noise,2,1,4.2192
100,car,no_noise,1,0,1.2291
100,car,no_noise,2,0,4.0154
100,car,no_noise,1,0,1.5311
100,car,no_noise,1,1,2.481
100,car,no_noise,2,0,1.8793
100,car,no_noise,2,1,1.3316
100,car,no_noise,3,0,3.0548
100,car,no_noise,1,1,2.0551
100,car,no_noise,1,1,3.7677
100,car,no_noise,2,0,3.1843
100,car,no_noise,3,0,2.1666
100,car,no_noise,2,1,4.4037
100,car,no_noise,3,1,3.08
100,car,no_noise,1,0,3.2457
100,car,no_noise,2,1,2.1638
100,car,no_noise,3,0,2.033
100,car,no_noise,1,1,3.3158
100,car,noise,3,0,2.8044
100,car,noise,3,1,4.5314
100,car,noise,3,1,2.6671
100,car,noise,1,1,3.2488
100,car,noise,2,1,3.4059
100,car,noise,2,1,1.9121
100,car,noise,1,1,2.4392
100,car,noise,1,1,1.5239
100,car,noise,2,1,2.6915
100,car,noise,2,0,4.0264
100,car,noise,1,1,1.943
100,car,noise,2,0,3.2757
100,car,noise,2,1,3.6926
100,car,noise,1,0,2.7338
100,car,noise,3,1,1.7471
100,car,noise,2,1,4.3035
100,car,noise,2,1,2.6448
100,car,noise,2,1,2.3904
100,car,noise,3,0,1.9845
100,car,noise,2,1,3.0012
100,car,noise,2,0,2.6076
100,car,noise,1,0,1.0834
100,car,noise,3,0,3.5902
100,car,noise,3,1,1.8985
101,car,no_noise,1,0,2.7083
101,car,no_noise,1,1,2.7196
101,car,no_noise,1,1,2.0394
101,car,no_noise,3,1,2.8936
101,car,no_noise,1,0,2.4002
101,car,no_noise,3,0,2.4702
101,car,no_noise,2,0,3.1412
101,car,no_noise,1,1,2.2679
101,car,no_noise,1,1,1.607
101,car,no_noise,3,1,1.1494
101,car,no_noise,1,0,2.5837
101,car,no_noise,1,0,2.5697
101,car,no_noise,2,1,1.6594
101,car,no_noise,1,0,2.034
101,car,no_noise,1,0,2.656
101,car,no_noise,2,1,2.7026
101,car,no_noise,2,0,3.0539
101,car,no_noise,3,0,2.5003
101,car,no_noise,3,0,2.0838
101,car,no_noise,1,1,2.9348
101,car,no_noise,2,0,3.2195
101,car,no_noise,1,1,1.8497
101,car,no_noise,1,0,2.3351
101,car,no_noise,2,1,2.3174
101,car,no_noise,2,1,1.5669
101,car,no_noise,3,1,3.0417
101,car,no_noise,2,1,2.2255
101,car,no_noise,2,1,2.1168
101,car,no_noise,3,0,4.1173
101,car,no_noise,1,1,2.1944
101,car,noise,1,0,2.5041
101,car,noise,3,1,1.7853
101,car,noise,1,0,2.5998
101,car,noise,2,0,1.5335
101,car,noise,3,0,1.302
101,car,noise,2,1,1.1834
101,car,noise,3,0,1.9864
101,car,noise,1,1,1.1582
101,car,noise,1,0,1.204
101,car,noise,1,1,1.1178
101,car,noise,1,1,1.0165
101,car,noise,3,1,1.1563
101,car,noise,2,1,0.976
101,car,noise,1,0,2.3292
101,car,noise,3,1,2.1614
101,car,noise,2,1,3.9508
101,car,noise,3,0,3.6549
101,car,noise,2,1,2.4218
101,car,noise,1,0,2.3351
101,car,noise,3,0,2.8019
101,car,noise,3,1,2.8672
101,car,noise,1,0,3.6908
101,car,noise,1,1,2.4834
101,car,noise,3,1,2.2007
101,face,no_noise,1,1,1.3967
101,face,no_noise,2,1,1.3835
101,face,no_noise,1,1,1.8107
101,face,no_noise,3,1,1.4035
101,face,no_noise,3,1,1.7998
101,face,no_noise,2,1,1.255
101,face,no_noise,1,1,1.0194
101,face,no_noise,3,1,1.3325
101,face,no_noise,2,1,1.3167
101,face,no_noise,3,1,1.553
101,face,no_noise,2,1,1.3013
101,face,no_noise,3,1,1.4012
101,face,no_noise,2,1,1.0851
101,face,no_noise,1,1,0.8864
101,face,no_noise,2,1,1.269
101,face,no_noise,2,1,2.2753
101,face,no_noise,2,1,1.0673
101,face,no_noise,2,1,2.3499
101,face,no_noise,1,1,1.9845
101,face,no_noise,3,1,0.9852
101,face,no_noise,1,1,1.4434
101,face,no_noise,2,1,1.8063
101,face,no_noise,2,1,0.86
101,face,no_noise,1,1,1.4232
101,face,no_noise,1,0,1.6493
101,face,no_noise,1,1,1.034
101,face,no_noise,2,1,1.5407
101,face,no_noise,1,1,1.4217
101,face,no_noise,1,1,1.2085
101,face,no_noise,3,1,1.477
101,face,noise,2,1,2.2499
101,face,noise,3,1,1.8412
101,face,noise,1,1,3.0625
101,face,noise,1,1,1.2185
101,face,noise,3,1,1.8559
101,face,noise,1,1,1.6188
101,face,noise,2,1,1.5257
101,face,noise,1,1,3.8674
101,face,noise,2,1,1.2957
101,face,noise,2,1,2.0662
101,face,noise,2,1,2.1581
101,face,noise,2,1,1.4416
101,face,noise,1,1,2.1218
101,face,noise,2,1,1.0774
101,face,noise,1,1,1.0848
101,face,noise,2,1,1.5272
101,face,noise,3,1,1.0769
101,face,noise,1,1,1.9913
101,face,noise,3,1,1.9356
101,face,noise,1,1,1.4085
101,face,noise,3,0,3.5181
101,face,noise,2,0,2.3921
101,face,noise,1,1,1.198
101,face,noise,3,1,1.8232
102,face,no_noise,1,1,11.7455
102,face,no_noise,3,0,2.0297
102,face,no_noise,1,1,2.2312
102,face,no_noise,3,1,1.9482
102,face,no_noise,3,1,2.1829
102,face,no_noise,2,1,1.7079
102,face,no_noise,2,0,1.4467
102,face,no_noise,1,0,1.521
102,face,no_noise,2,1,0.8465
102,face,no_noise,2,0,2.0408
102,face,no_noise,2,1,1.8731
102,face,no_noise,2,0,1.3397
102,face,no_noise,3,0,1.7895
102,face,no_noise,1,1,1.8324
102,face,no_noise,2,1,1.2554
102,face,no_noise,3,0,1.6325
102,face,no_noise,3,0,1.7783
102,face,no_noise,2,1,2.4053
102,face,no_noise,1,1,1.3977
102,face,no_noise,3,1,1.2876
102,face,no_noise,1,1,1.2665
102,face,no_noise,2,1,0.8552
102,face,no_noise,2,1,1.7074
102,face,no_noise,1,1,1.2043
102,face,no_noise,3,1,1.9793
102,face,no_noise,2,0,1.1506
102,face,no_noise,2,1,1.3805
102,face,no_noise,3,0,1.6462
102,face,no_noise,1,1,0.9393
102,face,no_noise,3,1,1.4726
102,face,noise,3,0,1.8673
102,face,noise,1,0,1.0791
102,face,noise,2,0,1.3027
102,face,noise,3,0,0.8881
102,face,noise,2,0,0.9376
102,face,noise,1,1,1.2645
102,face,noise,2,1,1.3787
102,face,noise,3,0,1.1048
102,face,noise,1,0,1.2572
102,face,noise,1,0,1.94
102,face,noise,2,1,0.763
102,face,noise,3,0,0.8819
102,face,noise,3,0,0.9201
102,face,noise,2,1,1.1367
102,face,noise,3,0,0.9459
102,face,noise,2,1,1.3547
102,face,noise,1,0,0.9785
102,face,noise,3,0,0.9121
102,face,noise,1,0,1.0736
102,face,noise,2,0,0.9291
102,face,noise,3,0,1.1878
102,face,noise,1,1,0.784
102,face,noise,3,0,0.7303
102,face,noise,2,0,0.9629
102,car,no_noise,3,0,1.1593
102,car,no_noise,1,1,1.7847
102,car,no_noise,3,0,0.766
102,car,no_noise,1,0,2.0197
102,car,no_noise,2,1,1.8241
102,car,no_noise,2,0,1.7172
102,car,no_noise,1,0,2.4074
102,car,no_noise,1,1,2.9336
102,car,no_noise,1,1,1.3532
102,car,no_noise,3,1,1.846
102,car,no_noise,3,1,1.4136
102,car,no_noise,3,1,1.4989
102,car,no_noise,3,0,1.5927
102,car,no_noise,1,0,1.9016
102,car,no_noise,3,1,1.8242
102,car,no_noise,3,0,1.2469
102,car,no_noise,3,0,1.0168
102,car,no_noise,2,0,1.8266
102,car,no_noise,3,0,1.3764
102,car,no_noise,3,0,2.752
102,car,no_noise,3,0,1.2849
102,car,no_noise,3,0,2.4119
102,car,no_noise,3,1,1.0743
102,car,no_noise,2,1,1.9586
102,car,no_noise,1,0,1.5883
102,car,no_noise,1,0,2.85
102,car,no_noise,2,1,1.4665
102,car,no_noise,2,1,1.0164
102,car,no_noise,3,0,1.3243
102,car,no_noise,2,0,2.3666
102,car,noise,3,0,1.2239
102,car,noise,3,1,1.42
102,car,noise,2,0,1.1363
102,car,noise,2,0,1.1561
102,car,noise,3,0,1.7788
102,car,noise,2,1,1.1729
102,car,noise,3,0,1.0916
102,car,noise,1,1,0.7794
102,car,noise,2,1,1.2992
102,car,noise,3,0,1.0495
102,car,noise,1,1,0.8205
102,car,noise,2,0,1.3656
102,car,noise,2,1,1.2776
102,car,noise,1,0,0.8451
102,car,noise,1,0,0.8791
102,car,noise,1,0,1.51
102,car,noise,3,0,0.9375
102,car,noise,2,1,1.8457
102,car,noise,3,0,1.3688
102,car,noise,3,0,1.7033
102,car,noise,1,0,1.2903
102,car,noise,3,1,0.8035
102,car,noise,3,0,1.3619
102,car,noise,1,0,1.5594
104,car,no_noise,2,1,3.089
104,car,no_noise,2,0,2.8303
104,car,no_noise,1,1,2.6981
104,car,no_noise,3,1,2.4984
104,car,no_noise,1,0,2.8315
104,car,no_noise,3,0,2.6648
104,car,no_noise,1,0,1.397
104,car,no_noise,1,1,1.2315
104,car,no_noise,1,1,1.0663
104,car,no_noise,3,1,2.0982
104,car,no_noise,3,1,1.6325
104,car,no_noise,3,1,1.2984
104,car,no_noise,3,0,1.3316
104,car,no_noise,1,0,1.299
104,car,no_noise,2,0,1.4646
104,car,no_noise,1,0,1.9315
104,car,no_noise,1,1,1.3981
104,car,no_noise,2,0,1.493
104,car,no_noise,2,1,1.2651
104,car,no_noise,3,0,2.531
104,car,no_noise,1,1,3.4982
104,car,no_noise,1,1,2.1971
104,car,no_noise,1,0,3.4657
104,car,no_noise,1,0,1.7631
104,car,no_noise,1,0,1.2985
104,car,no_noise,1,0,1.5659
104,car,no_noise,3,0,1.2315
104,car,no_noise,2,1,2.0639
104,car,no_noise,3,0,1.8842
104,car,no_noise,2,0,2.0969
104,car,noise,2,1,2.6914
104,car,noise,3,1,1.5303
104,car,noise,2,0,1.5638
104,car,noise,2,0,1.8315
104,car,noise,2,1,1.4658
104,car,noise,2,1,1.2648
104,car,noise,3,0,1.2663
104,car,noise,1,1,1.6304
104,car,noise,1,0,1.0969
104,car,noise,1,1,0.899
104,car,noise,1,1,1.8972
104,car,noise,3,1,1.3639
104,car,noise,2,1,1.9646
104,car,noise,1,0,1.4647
104,car,noise,3,1,1.2683
104,car,noise,1,0,1.0313
104,car,noise,2,1,1.4648
104,car,noise,2,1,1.997
104,car,noise,1,0,1.9993
104,car,noise,2,1,0.9323
104,car,noise,2,0,0.8314
104,car,noise,3,1,1.2325
104,car,noise,2,0,1.2313
104,car,noise,1,0,1.7647
104,face,no_noise,1,1,2.8246000000000002
104,face,no_noise,3,0,2.1981
104,face,no_noise,3,0,1.9638
104,face,no_noise,1,0,1.5313
104,face,no_noise,2,0,1.2314
104,face,no_noise,2,1,1.565
104,face,no_noise,1,1,1.6982
104,face,no_noise,3,1,1.6649
104,face,no_noise,1,0,1.9004
104,face,no_noise,2,0,1.7992
104,face,no_noise,3,0,1.4981
104,face,no_noise,3,1,1.2635
104,face,no_noise,3,0,1.5647
104,face,no_noise,1,1,1.4315
104,face,no_noise,2,1,2.0305
104,face,no_noise,3,0,1.398
104,face,no_noise,2,1,1.9981
104,face,no_noise,2,1,1.5637
104,face,no_noise,1,1,2.0648
104,face,no_noise,2,0,1.7647
104,face,no_noise,2,0,1.3639
104,face,no_noise,1,0,1.3304
104,face,no_noise,2,1,1.5971
104,face,no_noise,3,0,1.2637
104,face,no_noise,1,0,1.4323
104,face,no_noise,1,1,0.8971
104,face,no_noise,2,1,1.198
104,face,no_noise,2,0,0.8981
104,face,no_noise,1,1,2.0637
104,face,no_noise,3,1,1.497
104,face,noise,2,1,3.0592
104,face,noise,2,0,2.2647
104,face,noise,3,0,1.6314
104,face,noise,1,1,1.1636
104,face,noise,3,1,1.1315
104,face,noise,3,0,1.6314
104,face,noise,3,0,1.4648
104,face,noise,2,0,1.6993
104,face,noise,3,0,1.4657
104,face,noise,2,1,1.8657
104,face,noise,3,0,3.1971
104,face,noise,1,0,1.7656
104,face,noise,3,0,1.5654
104,face,noise,2,1,0.8979
104,face,noise,1,1,1.7654
104,face,noise,1,0,1.9315
104,face,noise,3,1,1.3982
104,face,noise,1,1,1.3314
104,face,noise,1,0,1.4649
104,face,noise,3,0,2.3676
104,face,noise,3,0,2.399
104,face,noise,1,1,1.8304
104,face,noise,1,1,2.4647
104,face,noise,3,1,3.0315
105,car,no_noise,3,0,4.822
105,car,no_noise,1,1,3.603
105,car,no_noise,1,1,3.904
105,car,no_noise,3,1,5.035
105,car,no_noise,2,1,3.504
105,car,no_noise,3,0,5.07
105,car,no_noise,3,1,3.419
105,car,no_noise,3,0,4.27
105,car,no_noise,1,1,2.685
105,car,no_noise,1,0,4.937
105,car,no_noise,3,1,2.55
105,car,no_noise,2,0,5.854
105,car,no_noise,3,0,2.284
105,car,no_noise,1,0,3.435
105,car,no_noise,3,1,1.851
105,car,no_noise,2,1,4.387
105,car,no_noise,3,0,3.085
105,car,no_noise,1,1,2.602
105,car,no_noise,2,1,4.769
105,car,no_noise,1,1,2.985
105,car,no_noise,1,1,3.784
105,car,no_noise,2,0,4.252
105,car,no_noise,2,0,4.853
105,car,no_noise,1,0,5.22
105,car,no_noise,2,1,3.219
105,car,no_noise,2,0,3.935
105,car,no_noise,3,0,3.503
105,car,no_noise,2,1,3.369
105,car,no_noise,1,1,2.501
105,car,no_noise,2,0,2.485
105,car,noise,1,0,3.772
105,car,noise,2,0,2.81
105,car,noise,2,0,1.974
105,car,noise,1,1,2.829
105,car,noise,3,0,2.426
105,car,noise,1,0,3.378
105,car,noise,1,1,4.18
105,car,noise,1,1,3.93
105,car,noise,2,1,4.345
105,car,noise,1,1,2.012
105,car,noise,2,0,3.535
105,car,noise,1,0,2.966
105,car,noise,2,1,3.114
105,car,noise,2,0,4.278
105,car,noise,1,0,2.716
105,car,noise,2,1,4.161
105,car,noise,2,1,3.393
105,car,noise,2,1,1.677
105,car,noise,3,0,3.911
105,car,noise,2,1,1.826
105,car,noise,1,0,2.607
105,car,noise,3,1,2.984
105,car,noise,1,1,3.576
105,car,noise,2,0,2.693
105,face,no_noise,1,1,1.996
105,face,no_noise,2,1,1.636
105,face,no_noise,1,1,1.783
105,face,no_noise,2,0,2.038
105,face,no_noise,2,0,2.285
105,face,no_noise,2,1,1.501
105,face,no_noise,2,0,2.336
105,face,no_noise,3,1,1.585
105,face,no_noise,2,1,1.701
105,face,no_noise,3,1,1.702
105,face,no_noise,3,0,1.469
105,face,no_noise,3,1,2.72
105,face,no_noise,2,1,1.317
105,face,no_noise,2,0,2.736
105,face,no_noise,2,1,2.805
105,face,no_noise,3,0,2.218
105,face,no_noise,2,1,1.567
105,face,no_noise,2,1,2.753
105,face,no_noise,3,0,1.769
105,face,no_noise,3,1,2.752
105,face,no_noise,2,0,2.77
105,face,no_noise,3,0,1.683
105,face,no_noise,2,1,1.921
105,face,no_noise,1,1,2.636
105,face,no_noise,3,1,2.702
105,face,no_noise,1,1,1.185
105,face,no_noise,2,1,1.735
105,face,no_noise,3,0,1.852
105,face,no_noise,1,1,1.07
105,face,no_noise,3,1,2.936
105,face,noise,3,0,2.175
105,face,noise,2,0,2.137
105,face,noise,1,1,2.603
105,face,noise,2,0,2.118
105,face,noise,3,1,1.869
105,face,noise,3,0,1.901
105,face,noise,3,0,2.772
105,face,noise,2,0,2.32
105,face,noise,3,0,2.57
105,face,noise,1,0,2.37
105,face,noise,1,0,2.719
105,face,noise,2,1,2.303
105,face,noise,1,1,2.268
105,face,noise,2,1,1.918
105,face,noise,3,0,3.005
105,face,noise,3,0,2.286
105,face,noise,3,1,2.919
105,face,noise,1,1,1.47
105,face,noise,1,0,2.603
105,face,noise,1,1,2.286
105,face,noise,2,0,2.103
105,face,noise,3,0,1.969
105,face,noise,2,0,2.021
105,face,noise,1,0,2.585
106,face,no_noise,1,1,2.9488
106,face,no_noise,1,0,4.1973
106,face,no_noise,3,0,2.5344
106,face,no_noise,2,0,4.9506
106,face,no_noise,3,1,4.1802
106,face,no_noise,3,0,5.8226
106,face,no_noise,2,0,4.9187
106,face,no_noise,3,1,3.0151
106,face,no_noise,2,1,2.4373
106,face,no_noise,1,0,2.3688
106,face,no_noise,2,1,2.9854
106,face,no_noise,3,1,3.0171
106,face,no_noise,3,0,1.7216
106,face,no_noise,1,1,2.8664
106,face,no_noise,3,0,2.6057
106,face,no_noise,2,1,2.149
106,face,no_noise,3,0,2.3818
106,face,no_noise,1,0,3.1905
106,face,no_noise,3,0,2.9823
106,face,no_noise,3,1,3.5876
106,face,no_noise,2,0,2.2671
106,face,no_noise,3,0,2.2991
106,face,no_noise,1,0,1.5179
106,face,no_noise,3,0,4.1641
106,face,no_noise,2,0,3.0826
106,face,no_noise,3,0,1.8248
106,face,no_noise,2,1,2.4493
106,face,no_noise,2,0,1.5672
106,face,no_noise,1,1,1.6926
106,face,no_noise,3,1,2.1823
106,face,noise,2,1,3.0495
106,face,noise,3,1,2.0184
106,face,noise,3,0,1.4393
106,face,noise,3,0,1.4826
106,face,noise,2,0,1.2997
106,face,noise,2,0,1.9239
106,face,noise,3,0,1.2191
106,face,noise,2,0,1.071
106,face,noise,2,1,1.8243
106,face,noise,2,1,1.0042
106,face,noise,3,0,1.1708
106,face,noise,1,0,2.5414
106,face,noise,2,0,1.2001
106,face,noise,3,0,2.0493
106,face,noise,2,0,0.9849
106,face,noise,3,0,1.3846
106,face,noise,2,0,1.2517
106,face,noise,2,0,1.6399
106,face,noise,3,1,1.9077
106,face,noise,2,0,0.9346
106,face,noise,2,0,0.9218
106,face,noise,1,1,1.3376
106,face,noise,3,0,1.5354
106,face,noise,1,0,1.7673
106,car,no_noise,3,0,2.3577
106,car,no_noise,1,1,3.5404
106,car,no_noise,3,0,2.4636
106,car,no_noise,1,0,4.0457
106,car,no_noise,1,0,2.7379
106,car,no_noise,1,1,3.5981
106,car,no_noise,3,1,2.7562
106,car,no_noise,1,1,2.4212
106,car,no_noise,1,1,2.7051
106,car,no_noise,1,0,3.3375
106,car,no_noise,3,1,2.7527
106,car,no_noise,3,1,2.9064
106,car,no_noise,2,1,4.3001
106,car,no_noise,2,1,5.0584
106,car,no_noise,3,1,4.2744
106,car,no_noise,3,0,3.2083
106,car,no_noise,1,1,3.8025
106,car,no_noise,1,1,2.5121000000000002
106,car,no_noise,3,0,2.996
106,car,no_noise,1,1,3.5032
106,car,no_noise,3,0,2.2833
106,car,no_noise,1,1,4.0284
106,car,no_noise,1,0,1.8564
106,car,no_noise,2,1,1.6908
106,car,no_noise,2,1,2.5266
106,car,no_noise,1,0,2.8048
106,car,no_noise,3,0,2.2717
106,car,no_noise,2,1,2.2383
106,car,no_noise,1,1,2.405
106,car,no_noise,1,1,4.1523
106,car,noise,3,0,1.9023
106,car,noise,3,1,1.8647
106,car,noise,3,1,1.8185
106,car,noise,2,0,2.5556
106,car,noise,3,0,2.5573
106,car,noise,2,1,1.8076
106,car,noise,3,0,2.6408
106,car,noise,2,0,2.6114
106,car,noise,2,1,1.3075
106,car,noise,1,1,2.7044
106,car,noise,1,1,3.7477
106,car,noise,3,1,2.8667
106,car,noise,2,1,2.1992
106,car,noise,3,1,3.762
106,car,noise,1,0,3.2597
106,car,noise,1,0,3.1984
106,car,noise,3,0,2.1691
106,car,noise,2,1,2.0741
106,car,noise,2,1,1.8519
106,car,noise,3,0,3.2145
106,car,noise,3,1,2.3582
106,car,noise,3,1,2.8305
106,car,noise,1,1,1.9635
106,car,noise,1,0,2.6504
107,car,no_noise,3,0,7.2215
107,car,no_noise,1,1,2.7235
107,car,no_noise,3,0,2.6125
107,car,no_noise,3,1,2.6549
107,car,no_noise,1,0,5.5948
107,car,no_noise,3,0,6.4974
107,car,no_noise,3,1,2.6426
107,car,no_noise,1,1,5.911
107,car,no_noise,2,0,7.988
107,car,no_noise,1,0,2.6284
107,car,no_noise,1,0,4.7423
107,car,no_noise,3,1,4.5063
107,car,no_noise,2,1,7.9883
107,car,no_noise,2,1,2.3377
107,car,no_noise,3,1,2.1056
107,car,no_noise,2,1,3.6463
107,car,no_noise,3,0,8.9564
107,car,no_noise,1,1,7.6881
107,car,no_noise,3,0,2.7886
107,car,no_noise,1,1,2.8725
107,car,no_noise,2,0,5.9216
107,car,no_noise,2,0,2.0021
107,car,no_noise,2,0,2.9874
107,car,no_noise,2,1,1.3413
107,car,no_noise,1,0,2.1103
107,car,no_noise,2,0,4.2716
107,car,no_noise,1,0,6.976
107,car,no_noise,2,1,1.8287
107,car,no_noise,1,1,1.3291
107,car,no_noise,1,1,1.6716
107,car,noise,2,1,3.7814
107,car,noise,3,1,2.6625
107,car,noise,3,1,1.98
107,car,noise,2,0,1.8406
107,car,noise,3,0,2.6262
107,car,noise,2,1,2.8185
107,car,noise,1,1,2.6135
107,car,noise,2,0,1.0133
107,car,noise,2,1,1.0357
107,car,noise,1,1,2.2275
107,car,noise,2,0,1.6478
107,car,noise,2,0,0.9681
107,car,noise,2,1,2.645
107,car,noise,3,1,3.4497
107,car,noise,2,0,2.0988
107,car,noise,2,1,0.742
107,car,noise,2,1,3.1331
107,car,noise,2,1,0.7649
107,car,noise,2,1,0.6628
107,car,noise,2,1,0.6473
107,car,noise,3,1,1.2212
107,car,noise,3,1,1.294
107,car,noise,1,1,3.1804
107,car,noise,1,0,2.0305
107,face,no_noise,1,1,5.2972
107,face,no_noise,2,1,2.9531
107,face,no_noise,1,1,1.6161
107,face,no_noise,2,0,4.4153
107,face,no_noise,2,0,3.8435
107,face,no_noise,2,1,2.5879
107,face,no_noise,1,1,3.6532
107,face,no_noise,3,1,3.069
107,face,no_noise,2,1,2.1753
107,face,no_noise,3,1,3.2832
107,face,no_noise,2,1,1.5838
107,face,no_noise,3,1,2.1665
107,face,no_noise,2,1,4.5836
107,face,no_noise,1,1,3.2168
107,face,no_noise,2,1,1.2838
107,face,no_noise,2,1,1.0051
107,face,no_noise,2,1,1.1001
107,face,no_noise,2,1,2.4005
107,face,no_noise,3,0,2.0377
107,face,no_noise,3,1,1.3667
107,face,no_noise,2,0,2.3412
107,face,no_noise,2,1,2.3004
107,face,no_noise,2,1,4.497
107,face,no_noise,1,1,2.0338
107,face,no_noise,3,1,2.6646
107,face,no_noise,3,0,5.7556
107,face,no_noise,2,1,2.816
107,face,no_noise,3,0,7.5319
107,face,no_noise,1,1,2.2733
107,face,no_noise,3,1,4.3319
107,face,noise,2,1,2.1481
107,face,noise,3,1,1.9507
107,face,noise,3,0,4.4051
107,face,noise,1,1,2.6493
107,face,noise,2,0,1.9551
107,face,noise,1,1,1.884
107,face,noise,2,1,1.551
107,face,noise,2,0,2.2552
107,face,noise,1,0,2.0735
107,face,noise,2,1,1.9167
107,face,noise,2,1,1.8169
107,face,noise,2,1,1.3013
107,face,noise,1,1,1.7836
107,face,noise,2,1,1.3342
107,face,noise,1,1,2.1172
107,face,noise,2,1,2.1839
107,face,noise,3,1,1.9501
107,face,noise,2,0,2.1827
107,face,noise,3,1,3.2084
107,face,noise,3,0,3.5937
107,face,noise,3,0,4.4989
107,face,noise,3,0,1.9715
107,face,noise,1,1,4.1667
107,face,noise,2,0,4.6523
108,face,no_noise,1,1,1.1777
108,face,no_noise,2,1,1.3367
108,face,no_noise,1,1,1.5769
108,face,no_noise,2,0,1.6278
108,face,no_noise,3,1,1.2944
108,face,no_noise,2,1,1.4606
108,face,no_noise,1,1,1.8281
108,face,no_noise,3,1,1.214
108,face,no_noise,2,1,1.4821
108,face,no_noise,3,1,1.4571
108,face,no_noise,2,1,1.0608
108,face,no_noise,3,1,1.7492
108,face,no_noise,2,1,2.1157
108,face,no_noise,1,1,1.5787
108,face,no_noise,2,1,2.0091
108,face,no_noise,3,0,1.6068
108,face,no_noise,2,1,1.4669
108,face,no_noise,3,0,1.9701
108,face,no_noise,3,0,1.6085
108,face,no_noise,3,1,1.6773
108,face,no_noise,1,1,2.3926
108,face,no_noise,2,1,1.9776
108,face,no_noise,2,1,1.828
108,face,no_noise,2,0,1.842
108,face,no_noise,3,1,2.176
108,face,no_noise,1,1,2.2422
108,face,no_noise,2,1,1.6933
108,face,no_noise,1,1,2.41
108,face,no_noise,1,1,1.7826
108,face,no_noise,3,1,1.297
108,face,noise,3,0,2.1019
108,face,noise,3,1,2.0726
108,face,noise,3,0,2.4749
108,face,noise,1,1,2.4063
108,face,noise,3,1,1.8297
108,face,noise,1,1,1.8123
108,face,noise,2,1,2.3618
108,face,noise,2,0,2.0153
108,face,noise,3,0,1.9234
108,face,noise,2,1,1.5151
108,face,noise,2,1,2.3447
108,face,noise,3,0,2.5746000000000002
108,face,noise,1,1,2.0716
108,face,noise,2,1,2.6253
108,face,noise,1,1,1.4686
108,face,noise,3,0,2.002
108,face,noise,3,1,1.4026
108,face,noise,1,1,2.2584
108,face,noise,3,1,1.5892
108,face,noise,3,0,1.9887
108,face,noise,3,0,2.857
108,face,noise,1,1,3.1405
108,face,noise,3,0,2.6285
108,face,noise,1,0,2.425
108,car,no_noise,3,0,2.7262
108,car,no_noise,1,1,2.5611
108,car,no_noise,3,0,1.7488
108,car,no_noise,2,0,2.6458
108,car,no_noise,2,1,2.393
108,car,no_noise,1,1,3.6703
108,car,no_noise,3,1,4.6759
108,car,no_noise,3,0,3.3085
108,car,no_noise,1,1,2.9105
108,car,no_noise,1,0,3.2246
108,car,no_noise,1,0,2.6441
108,car,no_noise,3,1,2.245
108,car,no_noise,2,1,4.2968
108,car,no_noise,2,1,4.0382
108,car,no_noise,3,1,3.8479
108,car,no_noise,1,0,3.3082
108,car,no_noise,3,0,2.2303
108,car,no_noise,1,1,5.225
108,car,no_noise,3,0,4.5838
108,car,no_noise,3,0,4.8581
108,car,no_noise,3,0,3.5871
108,car,no_noise,1,1,3.7447
108,car,no_noise,1,0,4.125
108,car,no_noise,1,0,4.9892
108,car,no_noise,2,1,3.5285
108,car,no_noise,1,0,2.8592
108,car,no_noise,3,0,2.1761
108,car,no_noise,2,1,3.9443
108,car,no_noise,3,0,5.9798
108,car,no_noise,1,1,1.9876
108,car,noise,1,0,3.0829
108,car,noise,3,1,2.4858
108,car,noise,3,1,4.1704
108,car,noise,2,0,3.3666
108,car,noise,2,1,5.6865
108,car,noise,2,1,3.0054
108,car,noise,3,0,2.3594
108,car,noise,3,0,4.7838
108,car,noise,2,1,2.0019
108,car,noise,1,1,6.2171
108,car,noise,1,1,4.6696
108,car,noise,3,1,1.8017
108,car,noise,2,1,4.6398
108,car,noise,3,1,3.8699
108,car,noise,3,1,6.3044
108,car,noise,2,1,2.1852
108,car,noise,1,0,3.9636
108,car,noise,2,1,6.8577
108,car,noise,3,0,5.2047
108,car,noise,2,1,3.7116
108,car,noise,3,1,2.8194
108,car,noise,1,0,2.3542
108,car,noise,1,1,3.407
108,car,noise,2,0,5.8816
109,car,no_noise,3,0,2.8352
109,car,no_noise,2,0,1.957
109,car,no_noise,1,1,2.7711
109,car,no_noise,3,1,1.6091
109,car,no_noise,2,1,2.2237
109,car,no_noise,2,0,2.5127
109,car,no_noise,3,1,1.8892
109,car,no_noise,2,0,1.9799
109,car,no_noise,3,0,1.8241
109,car,no_noise,3,1,2.0136
109,car,no_noise,3,1,1.7088
109,car,no_noise,1,0,2.1771
109,car,no_noise,2,1,1.5933
109,car,no_noise,1,0,1.7752
109,car,no_noise,1,0,2.4064
109,car,no_noise,3,0,1.1909
109,car,no_noise,1,1,1.6577
109,car,no_noise,3,0,1.5797
109,car,no_noise,3,0,1.3965
109,car,no_noise,2,0,1.729
109,car,no_noise,1,1,2.7145
109,car,no_noise,1,1,1.0211
109,car,no_noise,1,0,1.5789
109,car,no_noise,1,0,1.5889
109,car,no_noise,3,0,2.0409
109,car,no_noise,2,0,1.5515
109,car,no_noise,1,0,1.775
109,car,no_noise,3,0,2.5583
109,car,no_noise,3,0,1.7882
109,car,no_noise,3,0,3.1059
109,car,noise,3,0,2.5739
109,car,noise,3,1,2.6224
109,car,noise,2,0,1.7422
109,car,noise,2,0,1.6583
109,car,noise,2,1,3.5387
109,car,noise,2,1,2.0434
109,car,noise,1,1,1.776
109,car,noise,1,1,1.4183
109,car,noise,1,0,1.79
109,car,noise,1,1,1.7056
109,car,noise,1,1,1.7662
109,car,noise,3,1,1.7258
109,car,noise,2,1,1.5783
109,car,noise,1,0,1.2421
109,car,noise,3,1,1.4042
109,car,noise,2,1,2.2752
109,car,noise,3,0,2.4917
109,car,noise,2,1,1.9454
109,car,noise,1,0,1.9604
109,car,noise,2,1,1.4955
109,car,noise,3,1,2.35
109,car,noise,1,0,1.1348
109,car,noise,1,1,2.3666
109,car,noise,2,0,1.4628
109,face,no_noise,1,1,1.9138
109,face,no_noise,2,1,1.7504
109,face,no_noise,1,1,1.5341
109,face,no_noise,3,1,1.1346
109,face,no_noise,2,0,2.8177
109,face,no_noise,2,1,1.6443
109,face,no_noise,1,1,1.0342
109,face,no_noise,3,1,1.6343
109,face,no_noise,1,0,1.6673
109,face,no_noise,3,1,1.7831
109,face,no_noise,2,1,1.8166
109,face,no_noise,2,0,1.6126
109,face,no_noise,3,0,2.0156
109,face,no_noise,1,1,1.7511
109,face,no_noise,2,1,1.6175
109,face,no_noise,3,0,1.6669
109,face,no_noise,2,1,0.951
109,face,no_noise,1,0,2.3675
109,face,no_noise,3,0,1.634
109,face,no_noise,1,0,1.6174
109,face,no_noise,2,0,2.3165
109,face,no_noise,2,1,1.5633
109,face,no_noise,3,0,1.3811
109,face,no_noise,1,1,1.8959
109,face,no_noise,1,0,1.3519
109,face,no_noise,3,0,1.494
109,face,no_noise,2,1,1.2995
109,face,no_noise,2,0,1.3625
109,face,no_noise,1,1,1.2676
109,face,no_noise,3,1,1.4114
109,face,noise,2,1,2.6223
109,face,noise,1,0,2.2672
109,face,noise,3,0,1.0844
109,face,noise,3,0,1.2507
109,face,noise,1,0,2.4563
109,face,noise,1,1,1.5842
109,face,noise,3,0,1.0618
109,face,noise,2,0,1.2177
109,face,noise,3,0,1.1619
109,face,noise,2,1,1.0009
109,face,noise,3,0,0.8676
109,face,noise,1,0,1.1664
109,face,noise,2,0,1.0453
109,face,noise,2,1,1.4613
109,face,noise,1,1,0.9629
109,face,noise,3,0,1.2101
109,face,noise,1,0,1.4292
109,face,noise,2,0,1.5581
109,face,noise,3,1,1.079
109,face,noise,2,0,1.3437
109,face,noise,2,0,0.6782
109,face,noise,1,1,1.4791
109,face,noise,1,1,1.7119
109,face,noise,3,1,1.2965
110,car,no_noise,2,1,30.6826
110,car,no_noise,1,1,21.1905
110,car,no_noise,3,0,14.4543
110,car,no_noise,2,0,14.7085
110,car,no_noise,1,0,21.1592
110,car,no_noise,3,0,21.7195
110,car,no_noise,3,1,8.7036
110,car,no_noise,1,1,7.8023
110,car,no_noise,1,1,7.7289
110,car,no_noise,3,1,20.3472
110,car,no_noise,3,1,9.0158
110,car,no_noise,3,1,9.4625
110,car,no_noise,3,0,8.228
110,car,no_noise,2,1,7.0885
110,car,no_noise,3,1,15.5542
110,car,no_noise,2,1,8.4372
110,car,no_noise,1,1,23.3718
110,car,no_noise,2,0,9.6573
110,car,no_noise,2,1,9.3905
110,car,no_noise,2,0,21.1658
110,car,no_noise,3,0,14.4381
110,car,no_noise,2,0,21.7608
110,car,no_noise,1,0,14.7343
110,car,no_noise,2,1,15.09
110,car,no_noise,2,1,9.024
110,car,no_noise,2,0,10.5082
110,car,no_noise,2,1,10.8067
110,car,no_noise,2,1,29.3983
110,car,no_noise,1,1,7.9371
110,car,no_noise,1,1,20.8073
110,car,noise,2,1,8.9983
110,car,noise,3,1,3.9219
110,car,noise,3,1,4.3988
110,car,noise,2,0,4.1912
110,car,noise,2,1,4.9472
110,car,noise,2,1,6.4596
110,car,noise,3,0,7.9233
110,car,noise,1,1,4.945
110,car,noise,2,1,5.7266
110,car,noise,1,1,5.9087
110,car,noise,2,0,6.419
110,car,noise,1,0,14.3998
110,car,noise,2,1,13.3382
110,car,noise,3,1,7.3442
110,car,noise,2,0,13.1732
110,car,noise,2,1,5.8321
110,car,noise,2,1,5.9691
110,car,noise,2,1,4.7393
110,car,noise,2,1,7.9914
110,car,noise,2,1,16.0106
110,car,noise,3,1,4.5755
110,car,noise,3,1,9.8959
110,car,noise,1,1,4.1955
110,car,noise,3,1,5.001
110,face,no_noise,1,1,11.283
110,face,no_noise,2,1,10.8722
110,face,no_noise,1,1,8.5554
110,face,no_noise,2,0,17.8866
110,face,no_noise,3,1,22.411
110,face,no_noise,3,0,12.4335
110,face,no_noise,2,0,10.0469
110,face,no_noise,3,1,17.5127
110,face,no_noise,2,1,4.3356
110,face,no_noise,2,0,27.7295
110,face,no_noise,2,1,3.4025
110,face,no_noise,3,1,6.7846
110,face,no_noise,3,0,11.779
110,face,no_noise,1,1,7.769
110,face,no_noise,2,1,2.8236
110,face,no_noise,3,0,9.1986
110,face,no_noise,2,1,5.405
110,face,no_noise,2,1,12.7169
110,face,no_noise,3,0,3.6847
110,face,no_noise,1,0,7.9387
110,face,no_noise,2,0,4.0509
110,face,no_noise,2,1,5.867
110,face,no_noise,2,1,14.8468
110,face,no_noise,2,0,11.2162
110,face,no_noise,3,1,10.2026
110,face,no_noise,1,1,15.2325
110,face,no_noise,2,1,4.1017
110,face,no_noise,2,0,4.6047
110,face,no_noise,1,1,7.1843
110,face,no_noise,3,1,7.2834
110,face,noise,3,0,6.8693
110,face,noise,3,1,2.8197
110,face,noise,3,0,3.2535
110,face,noise,3,0,5.658
110,face,noise,2,0,3.2504
110,face,noise,2,0,4.266
110,face,noise,3,0,6.0235
110,face,noise,2,0,7.202
110,face,noise,3,0,9.1501
110,face,noise,2,1,2.5013
110,face,noise,3,0,4.2004
110,face,noise,1,0,4.3506
110,face,noise,2,0,3.7815
110,face,noise,2,1,4.9672
110,face,noise,1,1,2.6043
110,face,noise,2,1,5.2687
110,face,noise,3,1,2.5193
110,face,noise,2,0,4.2998
110,face,noise,3,1,5.8557
110,face,noise,1,1,8.4864
110,face,noise,2,0,2.6415
110,face,noise,1,1,3.0684
110,face,noise,1,1,5.5682
110,face,noise,2,0,3.4683
111,car,no_noise,2,1,3.8781
111,car,no_noise,1,1,3.188
111,car,no_noise,3,0,2.9349
111,car,no_noise,2,0,4.8645
111,car,no_noise,1,0,2.1966
111,car,no_noise,3,0,3.752
111,car,no_noise,3,1,3.2092
111,car,no_noise,1,1,2.3169
111,car,no_noise,2,0,3.1577
111,car,no_noise,3,1,4.2903
111,car,no_noise,1,0,4.9151
111,car,no_noise,3,1,2.4718
111,car,no_noise,1,0,2.8711
111,car,no_noise,1,0,1.9246
111,car,no_noise,2,0,3.6023
111,car,no_noise,2,1,2.6496
111,car,no_noise,1,1,4.6569
111,car,no_noise,1,1,3.0044
111,car,no_noise,3,0,4.8056
111,car,no_noise,1,1,3.2136
111,car,no_noise,3,0,2.8902
111,car,no_noise,1,1,5.5588
111,car,no_noise,3,1,4.5081
111,car,no_noise,1,0,4.1043
111,car,no_noise,3,0,4.9497
111,car,no_noise,2,0,5.0738
111,car,no_noise,2,1,3.8501
111,car,no_noise,3,0,3.5545
111,car,no_noise,3,0,2.03
111,car,no_noise,2,0,4.0514
111,car,noise,3,0,4.2332
111,car,noise,1,0,3.6016
111,car,noise,3,1,5.2636
111,car,noise,2,0,2.5713
111,car,noise,2,1,2.6919
111,car,noise,2,1,2.3771
111,car,noise,3,0,4.5673
111,car,noise,1,1,3.4945
111,car,noise,1,0,2.793
111,car,noise,2,0,3.9952
111,car,noise,1,1,3.9335
111,car,noise,3,1,4.4968
111,car,noise,2,1,3.9779
111,car,noise,2,0,2.6775
111,car,noise,2,0,3.4848
111,car,noise,2,1,3.7269
111,car,noise,3,0,3.5462
111,car,noise,2,1,4.1444
111,car,noise,2,1,3.6552
111,car,noise,2,1,5.6893
111,car,noise,2,0,3.0069
111,car,noise,2,0,3.4825
111,car,noise,3,0,3.0041
111,car,noise,3,1,4.5352
111,face,no_noise,1,1,3.3379
111,face,no_noise,2,1,2.3947
111,face,no_noise,1,1,2.8086
111,face,no_noise,2,0,2.7286
111,face,no_noise,3,1,1.9018
111,face,no_noise,2,1,1.0904
111,face,no_noise,2,0,2.192
111,face,no_noise,3,1,1.5148
111,face,no_noise,1,0,1.9352
111,face,no_noise,3,1,2.7859
111,face,no_noise,2,1,1.0935
111,face,no_noise,2,0,1.9891
111,face,no_noise,3,0,1.2603
111,face,no_noise,1,1,3.2207
111,face,no_noise,1,0,4.9892
111,face,no_noise,2,1,3.8163
111,face,no_noise,2,1,6.0755
111,face,no_noise,2,1,2.198
111,face,no_noise,3,0,1.7369
111,face,no_noise,1,0,1.6084
111,face,no_noise,2,0,1.1301
111,face,no_noise,2,1,1.9513
111,face,no_noise,2,1,1.6685
111,face,no_noise,3,0,1.4169
111,face,no_noise,1,0,1.1564
111,face,no_noise,3,0,1.6672
111,face,no_noise,3,0,1.529
111,face,no_noise,2,0,1.7238
111,face,no_noise,1,1,2.1493
111,face,no_noise,2,0,2.0564
111,face,noise,3,0,3.7215
111,face,noise,1,0,1.5159
111,face,noise,3,0,1.3545
111,face,noise,1,1,1.0173
111,face,noise,3,1,1.5983
111,face,noise,1,1,1.0021
111,face,noise,3,0,1.5433
111,face,noise,1,1,1.1976
111,face,noise,2,1,0.9459
111,face,noise,1,0,0.7667
111,face,noise,1,0,0.9371
111,face,noise,3,0,0.7145
111,face,noise,1,1,0.7231
111,face,noise,2,1,2.5262
111,face,noise,1,1,1.7155
111,face,noise,1,0,1.2482
111,face,noise,3,1,0.6741
111,face,noise,1,1,1.2924
111,face,noise,1,0,1.0415
111,face,noise,1,1,1.9185
111,face,noise,1,1,0.3575
111,face,noise,2,0,0.3507
111,face,noise,1,1,0.3689
111,face,noise,3,1,0.5851
113,face,no_noise,1,1,7.1707
113,face,no_noise,1,0,4.231
113,face,no_noise,1,1,4.4143
113,face,no_noise,3,1,3.6202
113,face,no_noise,3,1,3.3476
113,face,no_noise,2,1,2.5197
113,face,no_noise,1,1,1.8012
113,face,no_noise,3,1,2.3325
113,face,no_noise,2,1,1.9039
113,face,no_noise,3,1,2.2328
113,face,no_noise,2,1,1.6276
113,face,no_noise,3,1,2.9151
113,face,no_noise,3,0,3.6137
113,face,no_noise,1,1,3.5148
113,face,no_noise,1,0,3.2242
113,face,no_noise,2,1,5.0125
113,face,no_noise,2,1,2.6356
113,face,no_noise,1,0,2.116
113,face,no_noise,2,0,3.4486
113,face,no_noise,3,1,2.282
113,face,no_noise,1,1,4.1136
113,face,no_noise,2,1,1.7908
113,face,no_noise,2,1,4.443
113,face,no_noise,1,1,2.4322
113,face,no_noise,3,1,3.5144
113,face,no_noise,1,1,2.4161
113,face,no_noise,2,1,1.9316
113,face,no_noise,1,1,2.4998
113,face,no_noise,1,1,2.1332
113,face,no_noise,2,0,2.2973
113,face,noise,1,0,3.5132
113,face,noise,2,0,3.4129
113,face,noise,1,1,2.0697
113,face,noise,1,1,2.3251
113,face,noise,3,1,2.891
113,face,noise,2,0,1.1373
113,face,noise,2,1,1.4835
113,face,noise,2,0,3.1482
113,face,noise,2,1,2.2993
113,face,noise,1,0,1.7826
113,face,noise,2,1,1.9329
113,face,noise,2,1,1.7518
113,face,noise,2,0,2.2652
113,face,noise,2,1,1.7663
113,face,noise,2,0,1.2577
113,face,noise,1,0,2.1701
113,face,noise,2,0,2.9335
113,face,noise,1,1,1.9379
113,face,noise,2,0,1.2153
113,face,noise,2,0,3.5816
113,face,noise,2,0,2.924
113,face,noise,1,1,1.7984
113,face,noise,1,1,2.5794
113,face,noise,2,0,2.432
113,car,no_noise,3,0,3.48
113,car,no_noise,1,1,2.8528
113,car,no_noise,3,0,3.7135
113,car,no_noise,2,0,3.2634
113,car,no_noise,1,0,2.8697
113,car,no_noise,3,0,2.9394
113,car,no_noise,3,1,2.2335
113,car,no_noise,2,0,5.5712
113,car,no_noise,1,1,2.7562
113,car,no_noise,1,0,5.7748
113,car,no_noise,3,1,5.3217
113,car,no_noise,3,1,4.3707
113,car,no_noise,2,1,3.1968
113,car,no_noise,1,0,2.7044
113,car,no_noise,3,1,3.0147
113,car,no_noise,2,1,5.9445
113,car,no_noise,1,1,5.0483
113,car,no_noise,3,0,2.8818
113,car,no_noise,1,0,4.4271
113,car,no_noise,1,1,2.6137
113,car,no_noise,2,0,2.857
113,car,no_noise,1,1,2.7745
113,car,no_noise,1,0,4.4625
113,car,no_noise,2,1,3.2663
113,car,no_noise,2,1,2.8638
113,car,no_noise,2,0,3.6066
113,car,no_noise,2,1,3.4113
113,car,no_noise,1,0,3.4185
113,car,no_noise,3,0,2.6469
113,car,no_noise,1,1,2.9149
113,car,noise,2,1,4.0324
113,car,noise,1,0,3.2744
113,car,noise,3,1,3.2949
113,car,noise,2,0,4.0263
113,car,noise,2,1,2.9634
113,car,noise,3,0,4.0675
113,car,noise,2,0,2.6267
113,car,noise,1,1,2.8208
113,car,noise,1,0,2.2785
113,car,noise,1,1,2.3496
113,car,noise,1,1,3.3273
113,car,noise,1,0,3.9276
113,car,noise,2,1,2.7803
113,car,noise,2,0,3.632
113,car,noise,1,0,2.8446
113,car,noise,2,1,2.5023
113,car,noise,1,0,3.4939
113,car,noise,2,1,2.7153
113,car,noise,2,1,2.9859
113,car,noise,1,0,2.3469
113,car,noise,3,1,3.5386
113,car,noise,1,0,2.7728
113,car,noise,1,1,2.9555
113,car,noise,1,0,4.2795
114,car,no_noise,2,1,2.6063
114,car,no_noise,3,0,4.2798
114,car,no_noise,1,1,2.0207
114,car,no_noise,2,0,2.9208
114,car,no_noise,2,1,3.4903
114,car,no_noise,1,1,2.5575
114,car,no_noise,3,1,2.2669
114,car,no_noise,1,1,2.3041
114,car,no_noise,1,1,5.688
114,car,no_noise,1,0,4.1984
114,car,no_noise,1,0,3.8172
114,car,no_noise,3,1,2.6924
114,car,no_noise,3,0,2.8189
114,car,no_noise,2,1,2.1381
114,car,no_noise,3,1,2.8384
114,car,no_noise,3,0,4.509
114,car,no_noise,2,0,4.0005
114,car,no_noise,2,0,2.5135
114,car,no_noise,3,0,3.3114
114,car,no_noise,3,0,3.6736
114,car,no_noise,1,1,2.1002
114,car,no_noise,1,1,3.8892
114,car,no_noise,1,0,2.7191
114,car,no_noise,2,1,2.0256
114,car,no_noise,1,0,2.135
114,car,no_noise,2,0,1.9823
114,car,no_noise,2,1,2.8316
114,car,no_noise,2,1,1.1531
114,car,no_noise,2,0,1.9737
114,car,no_noise,1,1,1.8033
114,car,noise,1,0,2.7817
114,car,noise,2,0,1.6576
114,car,noise,3,1,1.5732
114,car,noise,2,0,2.0396
114,car,noise,2,1,1.4758
114,car,noise,2,1,1.1833
114,car,noise,3,0,1.2777
114,car,noise,1,1,1.5298
114,car,noise,2,1,1.8397
114,car,noise,1,1,1.3308
114,car,noise,1,1,0.9565
114,car,noise,3,1,3.0788
114,car,noise,2,1,1.2637
114,car,noise,2,0,2.3924
114,car,noise,3,1,1.4403
114,car,noise,2,1,1.779
114,car,noise,3,0,2.2463
114,car,noise,2,1,3.9636
114,car,noise,3,0,1.8381
114,car,noise,2,1,2.207
114,car,noise,1,0,2.5956
114,car,noise,3,1,1.8313
114,car,noise,3,0,2.1223
114,car,noise,3,1,1.3999
114,face,no_noise,1,1,1.3303
114,face,no_noise,2,1,1.8109
114,face,no_noise,3,0,1.2625
114,face,no_noise,2,0,2.5508
114,face,no_noise,2,0,3.8264
114,face,no_noise,2,1,1.6711
114,face,no_noise,2,0,1.2595
114,face,no_noise,1,0,3.2348
114,face,no_noise,1,0,3.1293
114,face,no_noise,3,1,1.2225
114,face,no_noise,2,1,1.1482
114,face,no_noise,3,1,1.035
114,face,no_noise,2,1,2.4298
114,face,no_noise,2,0,1.3818
114,face,no_noise,2,1,0.7005
114,face,no_noise,3,0,2.313
114,face,no_noise,2,1,1.243
114,face,no_noise,1,0,1.4468
114,face,no_noise,2,0,1.6618
114,face,no_noise,3,1,1.0714
114,face,no_noise,2,0,1.3045
114,face,no_noise,2,1,1.3376
114,face,no_noise,2,1,3.8616
114,face,no_noise,3,0,1.636
114,face,no_noise,3,1,0.6389
114,face,no_noise,3,0,0.9209
114,face,no_noise,2,1,1.8403
114,face,no_noise,1,1,1.3763
114,face,no_noise,1,1,0.7729
114,face,no_noise,2,0,1.2262
114,face,noise,2,1,2.1841
114,face,noise,3,1,1.0643
114,face,noise,3,0,1.1554
114,face,noise,2,0,2.2969
114,face,noise,2,0,0.818
114,face,noise,1,1,0.9427
114,face,noise,3,0,2.6215
114,face,noise,1,1,1.1238
114,face,noise,2,1,1.2866
114,face,noise,2,1,0.7678
114,face,noise,2,1,1.6368
114,face,noise,3,0,1.7322
114,face,noise,1,1,0.8924
114,face,noise,1,0,1.963
114,face,noise,1,1,1.674
114,face,noise,1,0,1.4837
114,face,noise,3,1,1.6033
114,face,noise,3,0,3.1834
114,face,noise,1,0,1.361
114,face,noise,1,1,1.6091
114,face,noise,3,0,1.4595
114,face,noise,1,1,0.9937
114,face,noise,3,0,1.1961
114,face,noise,1,0,0.8354
115,car,no_noise,3,0,12.5935
115,car,no_noise,1,1,10.5292
115,car,no_noise,3,0,10.3052
115,car,no_noise,2,0,8.6905
115,car,no_noise,2,1,11.7766
115,car,no_noise,3,0,12.2734
115,car,no_noise,3,1,8.5538
115,car,no_noise,3,0,12.7297
115,car,no_noise,1,1,7.085
115,car,no_noise,1,0,14.8821
115,car,no_noise,3,1,7.0142
115,car,no_noise,3,1,9.0113
115,car,no_noise,2,1,7.5849
115,car,no_noise,2,1,10.2834
115,car,no_noise,3,1,9.3722
115,car,no_noise,2,1,10.6461
115,car,no_noise,2,0,11.012
115,car,no_noise,2,0,7.5973
115,car,no_noise,3,0,9.1577
115,car,no_noise,1,1,3.773
115,car,no_noise,1,1,8.4226
115,car,no_noise,3,0,9.4331
115,car,no_noise,2,0,7.8351
115,car,no_noise,2,1,5.3518
115,car,no_noise,2,1,8.2062
115,car,no_noise,2,0,11.0187
115,car,no_noise,1,0,7.9309
115,car,no_noise,2,1,9.5128
115,car,no_noise,1,1,5.8316
115,car,no_noise,2,0,11.3631
115,car,noise,2,1,7.6987
115,car,noise,3,1,4.6272
115,car,noise,3,1,7.9828
115,car,noise,2,0,9.6205
115,car,noise,2,1,5.3301
115,car,noise,2,1,11.1595
115,car,noise,2,0,4.9557
115,car,noise,1,1,2.7068
115,car,noise,2,1,3.0901
115,car,noise,1,1,3.061
115,car,noise,1,1,5.0884
115,car,noise,3,1,8.2219
115,car,noise,2,1,5.415
115,car,noise,3,1,7.3048
115,car,noise,2,0,7.3936
115,car,noise,2,1,7.3682
115,car,noise,2,1,4.1065
115,car,noise,2,1,7.1569
115,car,noise,2,1,3.5532
115,car,noise,2,1,7.7783
115,car,noise,3,1,4.3099
115,car,noise,3,1,5.5875
115,car,noise,1,1,3.9876
115,car,noise,1,0,7.0114
115,face,no_noise,1,1,2.6971
115,face,no_noise,2,1,9.7043
115,face,no_noise,1,1,3.3208
115,face,no_noise,3,1,7.5222
115,face,no_noise,2,0,11.064
115,face,no_noise,3,0,3.4905
115,face,no_noise,1,1,4.3844
115,face,no_noise,3,1,2.4964
115,face,no_noise,2,1,2.3449
115,face,no_noise,3,1,8.0605
115,face,no_noise,2,1,10.8715
115,face,no_noise,3,1,7.5679
115,face,no_noise,2,1,3.7465
115,face,no_noise,1,1,3.5111
115,face,no_noise,2,1,1.7097
115,face,no_noise,3,0,2.0947
115,face,no_noise,2,1,2.4711
115,face,no_noise,3,0,13.0802
115,face,no_noise,3,0,4.216
115,face,no_noise,3,1,2.2721
115,face,no_noise,1,1,5.6455
115,face,no_noise,2,1,1.1018
115,face,no_noise,2,1,2.9757
115,face,no_noise,2,0,7.206
115,face,no_noise,3,1,3.2364
115,face,no_noise,1,1,5.5306
115,face,no_noise,2,1,1.4866
115,face,no_noise,2,0,3.3761
115,face,no_noise,1,1,8.0409
115,face,no_noise,2,0,5.479
115,face,noise,2,1,2.2378
115,face,noise,3,1,6.3892
115,face,noise,2,0,7.6654
115,face,noise,3,0,7.8705
115,face,noise,3,1,6.3949
115,face,noise,1,1,3.0905
115,face,noise,2,1,3.3076
115,face,noise,2,0,1.2154
115,face,noise,1,0,3.839
115,face,noise,2,1,1.3818
115,face,noise,1,0,1.8849
115,face,noise,2,1,2.704
115,face,noise,1,1,7.1893
115,face,noise,1,0,8.8425
115,face,noise,1,1,6.3443
115,face,noise,3,0,5.3266
115,face,noise,2,0,2.7845
115,face,noise,3,0,5.2468
115,face,noise,3,1,1.878
115,face,noise,3,0,3.7517
115,face,noise,1,1,4.3182
115,face,noise,1,1,2.027
115,face,noise,3,0,8.115
115,face,noise,1,0,6.7865
116,car,no_noise,3,0,5.6075
116,car,no_noise,3,0,2.7046
116,car,no_noise,1,1,3.9993
116,car,no_noise,1,0,6.6247
116,car,no_noise,2,1,2.8933
116,car,no_noise,1,1,2.6983
116,car,no_noise,2,0,5.1721
116,car,no_noise,1,1,3.1246
116,car,no_noise,1,1,4.6625
116,car,no_noise,3,1,3.1205
116,car,no_noise,1,0,5.9355
116,car,no_noise,3,1,5.3537
116,car,no_noise,2,1,2.8408
116,car,no_noise,1,0,4.0753
116,car,no_noise,2,0,4.6165
116,car,no_noise,2,1,4.6504
116,car,no_noise,2,0,2.509
116,car,no_noise,2,0,3.2889
116,car,no_noise,2,1,5.8668
116,car,no_noise,3,0,3.2407
116,car,no_noise,3,0,3.5671
116,car,no_noise,1,1,2.7533
116,car,no_noise,3,1,4.2902
116,car,no_noise,2,1,4.2749
116,car,no_noise,2,1,2.7556
116,car,no_noise,2,0,6.7698
116,car,no_noise,2,1,4.0915
116,car,no_noise,2,1,4.2709
116,car,no_noise,1,1,4.5199
116,car,no_noise,2,0,6.2317
116,car,noise,2,1,4.7478
116,car,noise,3,1,3.1428
116,car,noise,3,1,3.4948
116,car,noise,2,0,2.3724
116,car,noise,2,1,3.7753
116,car,noise,2,1,2.8627
116,car,noise,1,1,2.8204
116,car,noise,1,1,3.4996
116,car,noise,1,0,3.1322
116,car,noise,2,0,3.3341
116,car,noise,1,1,3.895
116,car,noise,3,1,3.3179
116,car,noise,2,1,4.7408
116,car,noise,1,0,3.0135
116,car,noise,1,0,4.4784
116,car,noise,1,0,1.8837
116,car,noise,2,1,2.7329
116,car,noise,2,1,3.2235
116,car,noise,2,1,4.1322
116,car,noise,2,1,7.2918
116,car,noise,2,0,3.846
116,car,noise,2,0,4.8105
116,car,noise,1,1,2.0748
116,car,noise,3,1,4.7663
116,face,no_noise,1,1,2.6921
116,face,no_noise,2,1,1.9842
116,face,no_noise,1,1,1.8987
116,face,no_noise,3,1,1.9978
116,face,no_noise,2,0,5.6992
116,face,no_noise,2,1,3.1216
116,face,no_noise,1,1,2.5472
116,face,no_noise,3,1,1.4654
116,face,no_noise,2,1,2.0343
116,face,no_noise,3,1,2.8963
116,face,no_noise,1,0,1.6617
116,face,no_noise,2,0,2.6284
116,face,no_noise,2,1,2.5971
116,face,no_noise,1,1,3.1114
116,face,no_noise,2,1,1.5515
116,face,no_noise,2,1,2.479
116,face,no_noise,2,1,4.2289
116,face,no_noise,2,1,3.2104
116,face,no_noise,3,0,2.0125
116,face,no_noise,3,1,2.1109
116,face,no_noise,1,1,2.2105
116,face,no_noise,2,1,2.1971
116,face,no_noise,2,1,2.1472
116,face,no_noise,1,1,3.6646
116,face,no_noise,1,0,2.486
116,face,no_noise,1,1,1.7627
116,face,no_noise,2,1,2.494
116,face,no_noise,2,0,3.6847
116,face,no_noise,1,1,1.7809
116,face,no_noise,3,1,1.8144
116,face,noise,2,1,3.3036
116,face,noise,1,0,1.9932
116,face,noise,3,0,2.2937
116,face,noise,1,1,1.097
116,face,noise,3,1,2.0618
116,face,noise,1,1,2.6107
116,face,noise,3,0,2.3977
116,face,noise,3,0,2.2279
116,face,noise,3,0,1.6692
116,face,noise,2,1,3.2146
116,face,noise,2,1,2.1411
116,face,noise,2,1,2.0549
116,face,noise,3,0,1.9848
116,face,noise,2,1,2.8118
116,face,noise,2,0,2.1276
116,face,noise,2,1,1.8176
116,face,noise,3,1,2.847
116,face,noise,2,0,2.7994
116,face,noise,3,1,1.9309
116,face,noise,2,0,3.1635
116,face,noise,2,0,4.165
116,face,noise,3,0,5.2111
116,face,noise,1,1,2.5785
116,face,noise,2,0,3.1276
117,face,no_noise,1,1,2.8454
117,face,no_noise,2,1,2.6074
117,face,no_noise,1,1,3.8421
117,face,no_noise,2,0,3.0835
117,face,no_noise,3,1,2.8278
117,face,no_noise,2,1,3.3586
117,face,no_noise,1,1,5.0272
117,face,no_noise,3,1,3.077
117,face,no_noise,2,1,2.0436
117,face,no_noise,3,1,4.2936
117,face,no_noise,2,1,2.7948
117,face,no_noise,3,1,2.826
117,face,no_noise,2,1,4.7921
117,face,no_noise,1,1,2.8588
117,face,no_noise,2,1,2.4435
117,face,no_noise,3,0,6.9112
117,face,no_noise,2,1,3.3591
117,face,no_noise,2,1,3.8439
117,face,no_noise,3,0,8.1113
117,face,no_noise,3,1,4.0937
117,face,no_noise,1,1,2.9593
117,face,no_noise,2,1,2.5261
117,face,no_noise,2,1,4.7965
117,face,no_noise,1,1,3.0778
117,face,no_noise,3,1,2.5969
117,face,no_noise,1,1,2.342
117,face,no_noise,2,1,2.6767
117,face,no_noise,2,0,5.7115
117,face,no_noise,1,1,3.5592
117,face,no_noise,3,1,3.3762
117,face,noise,2,1,5.1189
117,face,noise,3,1,2.2037
117,face,noise,1,1,7.5688
117,face,noise,1,1,1.6687
117,face,noise,3,1,6.951
117,face,noise,1,1,2.3552
117,face,noise,2,1,2.0831
117,face,noise,1,1,3.0884
117,face,noise,2,1,6.116
117,face,noise,2,1,2.9683
117,face,noise,3,0,9.7869
117,face,noise,2,1,2.2368
117,face,noise,1,1,2.1353
117,face,noise,2,1,2.1514
117,face,noise,1,1,3.5043
117,face,noise,2,1,1.6515
117,face,noise,3,1,2.605
117,face,noise,1,1,8.3387
117,face,noise,3,1,2.6601
117,face,noise,1,1,9.2226
117,face,noise,1,1,4.4023
117,face,noise,1,1,4.621
117,face,noise,1,1,2.3341
117,face,noise,2,0,6.4532
117,car,no_noise,2,1,3.3508
117,car,no_noise,2,0,2.9008
117,car,no_noise,3,0,2.352
117,car,no_noise,2,0,2.825
117,car,no_noise,1,0,2.7334
117,car,no_noise,1,1,1.3647
117,car,no_noise,2,0,2.0098
117,car,no_noise,1,1,2.0605
117,car,no_noise,3,0,2.7297
117,car,no_noise,3,1,1.843
117,car,no_noise,3,1,4.7835
117,car,no_noise,2,0,3.2865
117,car,no_noise,1,0,4.2648
117,car,no_noise,2,1,2.4665
117,car,no_noise,1,0,4.5337
117,car,no_noise,2,1,2.6501
117,car,no_noise,1,1,2.628
117,car,no_noise,1,1,1.601
117,car,no_noise,2,1,3.1187
117,car,no_noise,1,1,1.985
117,car,no_noise,1,1,2.6836
117,car,no_noise,1,1,3.8323
117,car,no_noise,1,0,1.7992
117,car,no_noise,1,0,1.4968
117,car,no_noise,2,1,3.2959
117,car,no_noise,2,0,1.9608
117,car,no_noise,1,0,3.5772
117,car,no_noise,2,1,2.707
117,car,no_noise,3,0,1.9732
117,car,no_noise,2,0,3.8359
117,car,noise,3,0,4.6541
117,car,noise,2,0,3.1433
117,car,noise,2,0,3.4645
117,car,noise,1,1,2.8648
117,car,noise,2,1,1.3469
117,car,noise,1,0,2.7693
117,car,noise,1,1,2.9824
117,car,noise,1,1,1.6159
117,car,noise,1,0,3.5951
117,car,noise,1,1,2.6873
117,car,noise,2,0,3.5915
117,car,noise,3,1,3.1616
117,car,noise,2,1,2.8372
117,car,noise,3,1,2.1748
117,car,noise,3,1,2.9918
117,car,noise,3,0,2.7639
117,car,noise,2,1,1.8499
117,car,noise,1,0,2.8634
117,car,noise,2,1,3.2015
117,car,noise,2,1,2.4406
117,car,noise,1,0,2.459
117,car,noise,2,0,3.2115
117,car,noise,2,0,2.4269
117,car,noise,1,0,3.8247
118,car,no_noise,3,0,5.8596
118,car,no_noise,3,0,3.1761
118,car,no_noise,3,0,3.622
118,car,no_noise,3,1,2.9453
118,car,no_noise,3,0,3.8924
118,car,no_noise,1,1,4.5205
118,car,no_noise,3,1,4.0275
118,car,no_noise,1,1,5.4787
118,car,no_noise,1,1,4.6464
118,car,no_noise,3,1,4.0068
118,car,no_noise,2,0,4.6569
118,car,no_noise,3,1,5.1555
118,car,no_noise,2,1,3.2937
118,car,no_noise,2,1,3.4318
118,car,no_noise,1,0,3.7072
118,car,no_noise,2,1,2.8142
118,car,no_noise,3,0,3.9148
118,car,no_noise,2,0,4.0855
118,car,no_noise,2,1,3.7727
118,car,no_noise,2,0,3.4924
118,car,no_noise,3,0,4.2163
118,car,no_noise,2,0,4.2298
118,car,no_noise,1,0,3.43
118,car,no_noise,3,0,2.8397
118,car,no_noise,2,1,4.3393
118,car,no_noise,3,1,2.5275
118,car,no_noise,1,0,4.6983
118,car,no_noise,2,1,3.1877
118,car,no_noise,3,0,2.3234
118,car,no_noise,3,0,2.0146
118,car,noise,3,0,4.222
118,car,noise,2,0,1.703
118,car,noise,1,0,1.2741
118,car,noise,1,1,1.5886
118,car,noise,1,0,1.3061
118,car,noise,1,0,3.6039
118,car,noise,3,0,3.2352
118,car,noise,1,1,4.087
118,car,noise,1,0,3.8243
118,car,noise,3,0,1.4106
118,car,noise,1,1,2.1715
118,car,noise,2,0,1.3869
118,car,noise,2,1,2.7992
118,car,noise,3,1,2.3439
118,car,noise,2,0,2.2946
118,car,noise,3,0,1.7029
118,car,noise,2,1,1.2749
118,car,noise,2,1,1.0929
118,car,noise,3,0,1.2876
118,car,noise,1,0,1.6275
118,car,noise,3,1,1.5513
118,car,noise,2,0,1.4406
118,car,noise,2,0,1.3471
118,car,noise,3,1,2.3328
118,face,no_noise,2,0,3.2239
118,face,no_noise,2,1,2.7635
118,face,no_noise,1,1,2.9654
118,face,no_noise,2,0,1.6946
118,face,no_noise,1,0,3.6182
118,face,no_noise,3,0,3.0359
118,face,no_noise,1,1,2.7033
118,face,no_noise,3,1,2.6054
118,face,no_noise,1,0,2.7529
118,face,no_noise,2,0,2.8153
118,face,no_noise,2,1,2.4901
118,face,no_noise,2,0,2.6271
118,face,no_noise,3,0,1.6186
118,face,no_noise,1,1,1.6957
118,face,no_noise,2,1,1.7163
118,face,no_noise,2,1,1.9324
118,face,no_noise,2,1,1.5613
118,face,no_noise,2,1,1.9102
118,face,no_noise,2,0,2.2469
118,face,no_noise,2,0,2.3955
118,face,no_noise,2,0,1.8118
118,face,no_noise,1,0,1.7659
118,face,no_noise,2,1,2.1363
118,face,no_noise,3,0,3.1535
118,face,no_noise,3,1,2.8612
118,face,no_noise,1,1,2.3473
118,face,no_noise,2,1,1.1742
118,face,no_noise,2,0,3.2329
118,face,no_noise,3,0,3.0331
118,face,no_noise,2,0,3.8185
118,face,noise,2,1,1.5561
118,face,noise,3,1,1.4933
118,face,noise,2,0,2.6142
118,face,noise,3,0,2.7127
118,face,noise,2,0,2.1173
118,face,noise,2,0,1.6839
118,face,noise,3,0,1.7334
118,face,noise,3,0,2.0122
118,face,noise,2,1,2.2615
118,face,noise,1,0,1.7823
118,face,noise,2,1,2.0285
118,face,noise,3,0,1.7801
118,face,noise,2,0,1.5442
118,face,noise,3,0,1.7185
118,face,noise,1,1,2.4124
118,face,noise,1,0,2.8116
118,face,noise,3,1,1.2978
118,face,noise,2,0,1.0678
118,face,noise,1,0,1.6111
118,face,noise,2,0,1.0299
118,face,noise,2,0,1.2866
118,face,noise,1,1,1.5977
118,face,noise,2,0,1.994
118,face,noise,2,0,1.9778
119,face,no_noise,1,1,3.1846
119,face,no_noise,2,1,2.0294
119,face,no_noise,1,1,3.8672
119,face,no_noise,3,1,8.9657
119,face,no_noise,3,1,2.7886
119,face,no_noise,2,1,1.9303
119,face,no_noise,1,1,1.6338
119,face,no_noise,3,1,2.5221
119,face,no_noise,2,1,2.3871000000000002
119,face,no_noise,3,1,2.7158
119,face,no_noise,2,1,2.2035
119,face,no_noise,3,1,2.5463
119,face,no_noise,2,1,1.8646
119,face,no_noise,1,1,1.5978
119,face,no_noise,2,1,1.917
119,face,no_noise,2,1,4.235
119,face,no_noise,2,1,1.9295
119,face,no_noise,2,1,2.1333
119,face,no_noise,1,1,2.3343
119,face,no_noise,3,1,2.6147
119,face,no_noise,1,1,1.5351
119,face,no_noise,2,1,1.4995
119,face,no_noise,2,1,1.3579
119,face,no_noise,1,1,2.0346
119,face,no_noise,3,1,2.418
119,face,no_noise,1,1,1.7662
119,face,no_noise,2,1,2.1843
119,face,no_noise,1,1,2.1302
119,face,no_noise,1,1,1.2305
119,face,no_noise,3,1,2.5029
119,face,noise,2,1,4.4662
119,face,noise,3,1,2.48
119,face,noise,1,1,3.1805
119,face,noise,1,1,0.9307
119,face,noise,3,1,2.8457
119,face,noise,1,1,2.6415
119,face,noise,2,1,1.7518
119,face,noise,1,1,1.314
119,face,noise,2,1,2.1993
119,face,noise,2,1,1.8568
119,face,noise,2,1,1.7816
119,face,noise,2,1,1.3635
119,face,noise,1,1,2.0169
119,face,noise,2,1,1.8661
119,face,noise,1,1,1.7151
119,face,noise,2,1,1.6344
119,face,noise,3,1,2.5401
119,face,noise,1,1,1.4733
119,face,noise,3,1,2.4977
119,face,noise,1,1,1.7485
119,face,noise,1,1,1.5665
119,face,noise,1,1,1.9993
119,face,noise,1,1,1.313
119,face,noise,2,0,4.4087
119,car,no_noise,2,1,5.0033
119,car,no_noise,1,1,2.633
119,car,no_noise,1,1,7.6845
119,car,no_noise,3,1,6.2662
119,car,no_noise,2,1,4.983
119,car,no_noise,1,1,6.5832
119,car,no_noise,1,0,5.912
119,car,no_noise,1,1,3.9545
119,car,no_noise,1,1,3.6347
119,car,no_noise,3,1,3.2767
119,car,no_noise,3,1,4.3159
119,car,no_noise,2,0,3.9635
119,car,no_noise,2,1,5.0253
119,car,no_noise,2,1,4.3098
119,car,no_noise,1,0,5.2039
119,car,no_noise,2,1,2.7235
119,car,no_noise,2,0,4.1933
119,car,no_noise,1,1,1.7106
119,car,no_noise,2,1,5.2512
119,car,no_noise,1,1,1.4503
119,car,no_noise,1,1,2.1873
119,car,no_noise,2,0,3.7116
119,car,no_noise,3,1,5.7989
119,car,no_noise,2,1,1.9494
119,car,no_noise,2,1,8.4532
119,car,no_noise,3,1,3.9084
119,car,no_noise,2,1,3.4734
119,car,no_noise,2,1,2.2151
119,car,no_noise,1,1,2.9581
119,car,no_noise,1,1,4.1677
119,car,noise,2,1,4.9231
119,car,noise,2,0,3.4651
119,car,noise,3,1,6.2107
119,car,noise,1,1,2.6301
119,car,noise,3,0,6.0381
119,car,noise,2,1,2.1902
119,car,noise,3,0,4.0835
119,car,noise,1,1,2.2837
119,car,noise,1,0,2.3996
119,car,noise,1,1,1.307
119,car,noise,2,0,4.6402
119,car,noise,3,1,3.6835
119,car,noise,2,1,6.0865
119,car,noise,2,0,2.2321
119,car,noise,3,1,4.3323
119,car,noise,2,1,2.7177
119,car,noise,2,1,3.5012
119,car,noise,1,0,6.0093
119,car,noise,2,1,2.179
119,car,noise,2,1,3.058
119,car,noise,3,1,2.7771
119,car,noise,3,1,6.8354
119,car,noise,2,0,2.4284
119,car,noise,3,1,4.4038
120,car,no_noise,3,0,5.585
120,car,no_noise,3,0,6.4634
120,car,no_noise,1,1,5.6048
120,car,no_noise,2,0,4.7695
120,car,no_noise,2,1,4.9168
120,car,no_noise,1,1,4.7826
120,car,no_noise,2,0,8.1745
120,car,no_noise,3,0,7.2239
120,car,no_noise,1,1,4.7673
120,car,no_noise,3,1,6.4168
120,car,no_noise,1,0,7.7007
120,car,no_noise,3,1,7.2559
120,car,no_noise,3,0,7.7567
120,car,no_noise,2,1,5.8333
120,car,no_noise,3,1,5.4014
120,car,no_noise,3,0,3.3654
120,car,no_noise,2,0,6.6834
120,car,no_noise,1,1,7.3338
120,car,no_noise,3,0,5.0995
120,car,no_noise,3,0,3.9853
120,car,no_noise,3,0,7.2329
120,car,no_noise,1,1,7.4333
120,car,no_noise,3,1,3.7209
120,car,no_noise,3,0,3.4278
120,car,no_noise,2,1,4.9123
120,car,no_noise,2,0,4.462
120,car,no_noise,2,1,4.3156
120,car,no_noise,2,1,6.7682
120,car,no_noise,3,0,3.0147
120,car,no_noise,2,0,4.6193
120,car,noise,3,0,5.0833
120,car,noise,3,1,4.3837
120,car,noise,3,1,5.8835
120,car,noise,1,1,3.2503
120,car,noise,2,1,6.9864
120,car,noise,3,0,4.3985
120,car,noise,1,1,1.9503
120,car,noise,1,1,4.5186
120,car,noise,2,1,3.3982
120,car,noise,1,1,6.2511
120,car,noise,1,1,3.8153
120,car,noise,3,1,6.0177
120,car,noise,2,1,5.2196
120,car,noise,3,1,7.3837
120,car,noise,3,1,6.5173
120,car,noise,1,0,5.0724
120,car,noise,2,1,2.4165
120,car,noise,2,1,4.4062
120,car,noise,2,1,4.5816
120,car,noise,2,1,3.2683
120,car,noise,3,1,2.3987
120,car,noise,3,1,5.2677
120,car,noise,1,1,7.6531
120,car,noise,3,1,7.2293
120,face,no_noise,1,1,1.9831
120,face,no_noise,2,1,7.1001
120,face,no_noise,1,1,3.2992
120,face,no_noise,1,0,5.4591
120,face,no_noise,2,0,7.7993
120,face,no_noise,2,1,2.8998
120,face,no_noise,1,1,4.6834
120,face,no_noise,3,1,1.7666
120,face,no_noise,2,1,2.4825
120,face,no_noise,2,0,6.6995
120,face,no_noise,2,1,1.6826
120,face,no_noise,3,1,1.6324
120,face,no_noise,2,1,3.2009
120,face,no_noise,1,1,1.5529
120,face,no_noise,2,1,3.6775
120,face,no_noise,3,0,4.0732
120,face,no_noise,2,1,0.8991
120,face,no_noise,2,1,3.3156
120,face,no_noise,3,0,4.7827
120,face,no_noise,3,1,1.7328
120,face,no_noise,2,0,5.9991
120,face,no_noise,2,1,1.5975
120,face,no_noise,2,1,2.9313
120,face,no_noise,1,1,2.2135
120,face,no_noise,3,1,1.8312
120,face,no_noise,1,1,1.781
120,face,no_noise,2,1,2.6474
120,face,no_noise,1,1,5.2305
120,face,no_noise,1,1,4.2497
120,face,no_noise,2,0,6.2307
120,face,noise,2,1,3.7836
120,face,noise,3,1,2.4978
120,face,noise,1,1,4.066
120,face,noise,2,0,6.9687
120,face,noise,3,1,2.5953
120,face,noise,1,1,1.8096
120,face,noise,2,1,2.032
120,face,noise,1,1,1.0807
120,face,noise,3,0,2.5479
120,face,noise,2,1,2.2187
120,face,noise,3,0,2.9152
120,face,noise,2,1,1.4836
120,face,noise,1,1,2.6667
120,face,noise,2,1,4.367
120,face,noise,2,0,4.1768
120,face,noise,2,1,4.2189
120,face,noise,3,1,3.2662
120,face,noise,2,0,1.7166
120,face,noise,3,1,4.965
120,face,noise,1,1,6.1333
120,face,noise,3,0,3.1471
120,face,noise,1,1,3.4476
120,face,noise,1,1,5.1566
120,face,noise,1,0,7.7147
121,face,no_noise,1,1,18.0683
121,face,no_noise,2,1,10.0994
121,face,no_noise,1,1,2.4182
121,face,no_noise,3,1,7.0341
121,face,no_noise,2,0,11.3319
121,face,no_noise,2,1,5.3822
121,face,no_noise,1,1,5.1193
121,face,no_noise,3,1,8.9493
121,face,no_noise,2,1,11.3297
121,face,no_noise,2,0,8.5157
121,face,no_noise,2,1,8.3801
121,face,no_noise,2,0,6.562
121,face,no_noise,2,1,8.6995
121,face,no_noise,1,1,4.1219
121,face,no_noise,1,0,2.8733
121,face,no_noise,3,0,5.8833
121,face,no_noise,2,1,4.7846
121,face,no_noise,3,0,14.6581
121,face,no_noise,3,0,8.6312
121,face,no_noise,3,1,12.6882
121,face,no_noise,2,0,13.0156
121,face,no_noise,2,1,2.8422
121,face,no_noise,2,1,3.7503
121,face,no_noise,3,0,7.0325
121,face,no_noise,3,1,3.4516
121,face,no_noise,2,0,6.3169
121,face,no_noise,2,1,5.1708
121,face,no_noise,1,1,8.6222
121,face,no_noise,1,1,7.3511
121,face,no_noise,2,0,5.699
121,face,noise,3,0,5.4834
121,face,noise,1,0,3.068
121,face,noise,2,0,4.4836
121,face,noise,3,0,3.0736
121,face,noise,1,0,4.6338
121,face,noise,1,1,4.7168
121,face,noise,2,1,2.7081
121,face,noise,2,0,6.3521
121,face,noise,2,1,3.7472
121,face,noise,2,1,4.2079
121,face,noise,3,0,5.182
121,face,noise,2,1,3.4729
121,face,noise,3,0,7.1057
121,face,noise,2,1,7.5018
121,face,noise,1,1,3.9925
121,face,noise,1,0,3.8995
121,face,noise,1,0,4.9995
121,face,noise,3,0,6.2725
121,face,noise,3,1,5.9334
121,face,noise,2,0,5.1723
121,face,noise,1,1,3.7243
121,face,noise,3,0,8.4838
121,face,noise,1,1,2.8789
121,face,noise,3,1,6.3748
121,car,no_noise,2,1,9.1428
121,car,no_noise,2,0,4.6499
121,car,no_noise,3,0,8.4665
121,car,no_noise,1,0,6.7135
121,car,no_noise,2,1,6.3174
121,car,no_noise,1,1,4.664
121,car,no_noise,1,0,10.7726
121,car,no_noise,1,1,5.201
121,car,no_noise,2,0,6.721
121,car,no_noise,1,0,11.6315
121,car,no_noise,3,1,4.2404
121,car,no_noise,2,0,8.5644
121,car,no_noise,3,0,12.1646
121,car,no_noise,3,0,10.5968
121,car,no_noise,2,0,12.8987
121,car,no_noise,2,1,6.9662
121,car,no_noise,3,0,11.7757
121,car,no_noise,2,0,9.192
121,car,no_noise,2,1,6.0091
121,car,no_noise,3,0,11.6626
121,car,no_noise,3,0,5.4322
121,car,no_noise,1,1,5.8995
121,car,no_noise,2,0,8.6827
121,car,no_noise,3,0,4.5625
121,car,no_noise,2,1,4.9372
121,car,no_noise,3,1,8.7321
121,car,no_noise,2,1,9.8844
121,car,no_noise,2,1,20.4316
121,car,no_noise,2,0,7.7797
121,car,no_noise,3,0,6.3844
121,car,noise,2,1,4.9655
121,car,noise,2,0,5.5505
121,car,noise,3,1,6.8582
121,car,noise,1,1,4.2323
121,car,noise,2,1,6.5623
121,car,noise,2,1,10.1272
121,car,noise,1,1,5.8339
121,car,noise,1,1,6.5639
121,car,noise,2,1,8.6286
121,car,noise,1,1,7.6302
121,car,noise,1,1,5.699
121,car,noise,3,1,11.8689
121,car,noise,2,1,7.5899
121,car,noise,1,0,7.2168
121,car,noise,2,0,6.0844
121,car,noise,2,1,9.0871
121,car,noise,2,1,8.6002
121,car,noise,2,1,7.4756
121,car,noise,3,0,8.1005
121,car,noise,3,0,5.8997
121,car,noise,1,0,5.835
121,car,noise,2,0,5.2913
121,car,noise,3,0,9.1643
121,car,noise,3,1,6.3664
124,face,no_noise,1,1,16.7978
124,face,no_noise,2,1,5.469
124,face,no_noise,2,0,3.3179
124,face,no_noise,1,0,10.6827
124,face,no_noise,3,1,3.7391
124,face,no_noise,3,0,6.9671
124,face,no_noise,1,1,4.2846
124,face,no_noise,3,1,2.9351
124,face,no_noise,3,0,5.4726
124,face,no_noise,2,0,5.2496
124,face,no_noise,2,1,2.7163
124,face,no_noise,2,0,3.5336
124,face,no_noise,2,1,2.3359
124,face,no_noise,2,0,5.9486
124,face,no_noise,1,0,2.5089
124,face,no_noise,2,1,3.4326
124,face,no_noise,2,1,5.2005
124,face,no_noise,1,0,2.4823
124,face,no_noise,1,1,3.183
124,face,no_noise,3,1,4.9731
124,face,no_noise,1,1,3.951
124,face,no_noise,2,1,5.2979
124,face,no_noise,3,0,1.9543
124,face,no_noise,2,0,2.201
124,face,no_noise,1,0,3.2348
124,face,no_noise,3,0,3.3874
124,face,no_noise,2,1,4.2397
124,face,no_noise,1,1,3.4013
124,face,no_noise,3,0,7.7053
124,face,no_noise,1,0,3.483
124,face,noise,2,1,7.0324
124,face,noise,2,0,7.9238
124,face,noise,3,0,2.9766
124,face,noise,3,0,4.665
124,face,noise,2,0,4.2336
124,face,noise,2,0,4.3678
124,face,noise,1,0,7.2912
124,face,noise,2,0,4.0183
124,face,noise,3,0,5.0844
124,face,noise,2,1,8.2656
124,face,noise,3,0,3.9023
124,face,noise,1,0,3.7252
124,face,noise,2,0,5.9892
124,face,noise,2,1,4.8068
124,face,noise,1,1,1.8843
124,face,noise,2,1,4.6173
124,face,noise,1,0,6.1578
124,face,noise,2,0,2.7841
124,face,noise,3,1,1.6763
124,face,noise,1,1,3.2842
124,face,noise,2,0,4.8014
124,face,noise,1,1,3.143
124,face,noise,1,1,2.9899
124,face,noise,1,0,6.4314
124,car,no_noise,3,0,11.3033
124,car,no_noise,2,0,6.7766
124,car,no_noise,1,1,5.1239
124,car,no_noise,3,1,4.5407
124,car,no_noise,1,0,5.4057
124,car,no_noise,2,0,9.5904
124,car,no_noise,3,1,5.9257
124,car,no_noise,1,1,9.7707
124,car,no_noise,1,1,6.5939
124,car,no_noise,3,1,3.2089
124,car,no_noise,2,0,8.4031
124,car,no_noise,3,1,9.2179
124,car,no_noise,3,0,8.2263
124,car,no_noise,3,0,3.3035
124,car,no_noise,1,0,3.5855
124,car,no_noise,2,1,6.6858
124,car,no_noise,2,0,6.2998
124,car,no_noise,1,1,3.4115
124,car,no_noise,2,1,7.6399
124,car,no_noise,1,1,6.3487
124,car,no_noise,3,0,3.9428
124,car,no_noise,1,1,4.4865
124,car,no_noise,1,0,6.521
124,car,no_noise,2,1,2.6259
124,car,no_noise,2,1,6.0015
124,car,no_noise,3,1,6.4863
124,car,no_noise,1,0,3.8447
124,car,no_noise,2,1,6.2853
124,car,no_noise,3,0,5.365
124,car,no_noise,1,1,4.381
124,car,noise,3,0,5.3026
124,car,noise,3,1,4.9946
124,car,noise,3,1,3.6559
124,car,noise,2,0,3.3627
124,car,noise,2,1,6.4498
124,car,noise,2,1,3.9168
124,car,noise,1,1,4.3753
124,car,noise,1,1,3.7957
124,car,noise,2,1,4.6155
124,car,noise,2,0,6.2841
124,car,noise,2,0,3.5425
124,car,noise,2,0,2.9471
124,car,noise,2,1,4.5013
124,car,noise,1,0,4.4985
124,car,noise,3,1,2.9631
124,car,noise,2,1,4.6998
124,car,noise,3,0,7.4713
124,car,noise,2,1,3.8871000000000002
124,car,noise,3,0,2.1896
124,car,noise,3,0,4.2554
124,car,noise,3,1,5.1334
124,car,noise,3,1,5.095
124,car,noise,3,0,6.2892
124,car,noise,1,0,5.2432
126,face,no_noise,1,1,4.599
126,face,no_noise,2,1,3.5474
126,face,no_noise,1,1,2.4828
126,face,no_noise,3,1,7.3802
126,face,no_noise,2,0,4.7139
126,face,no_noise,3,0,3.8307
126,face,no_noise,2,0,3.563
126,face,no_noise,3,1,3.7183
126,face,no_noise,1,0,5.7301
126,face,no_noise,2,0,2.403
126,face,no_noise,1,0,6.1371
126,face,no_noise,2,0,4.846
126,face,no_noise,3,0,2.7999
126,face,no_noise,1,1,4.601
126,face,no_noise,1,0,4.4501
126,face,no_noise,2,1,4.0134
126,face,no_noise,3,0,5.5137
126,face,no_noise,1,0,3.6681
126,face,no_noise,1,1,5.0636
126,face,no_noise,3,1,3.5178
126,face,no_noise,2,0,7.3822
126,face,no_noise,2,1,8.6973
126,face,no_noise,1,0,3.9303
126,face,no_noise,3,0,7.5805
126,face,no_noise,3,1,3.7847
126,face,no_noise,1,1,3.2133
126,face,no_noise,3,0,6.5672
126,face,no_noise,3,0,2.8301
126,face,no_noise,1,1,3.4515
126,face,no_noise,2,0,2.5953
126,face,noise,2,1,7.2452
126,face,noise,3,1,4.9463
126,face,noise,3,0,3.6496
126,face,noise,2,0,4.9129
126,face,noise,1,0,4.0967
126,face,noise,1,1,2.9812
126,face,noise,2,1,3.6339
126,face,noise,1,1,4.03
126,face,noise,1,0,3.8127
126,face,noise,2,1,9.8006
126,face,noise,3,0,3.5469
126,face,noise,2,1,2.318
126,face,noise,3,0,2.1797
126,face,noise,1,0,3.6457
126,face,noise,3,0,4.6481
126,face,noise,2,1,1.828
126,face,noise,3,1,3.4354
126,face,noise,1,1,5.9131
126,face,noise,1,0,3.0131
126,face,noise,2,0,2.2625
126,face,noise,2,0,1.4021
126,face,noise,1,1,2.7803
126,face,noise,1,1,1.2621
126,face,noise,2,0,6.7008
126,car,no_noise,2,1,5.6247
126,car,no_noise,1,1,4.5212
126,car,no_noise,3,0,5.2666
126,car,no_noise,2,0,9.6912
126,car,no_noise,2,1,6.0202
126,car,no_noise,1,1,8.2673
126,car,no_noise,3,1,3.6842
126,car,no_noise,1,1,2.834
126,car,no_noise,1,1,3.1833
126,car,no_noise,3,1,7.5701
126,car,no_noise,3,1,3.816
126,car,no_noise,3,1,3.183
126,car,no_noise,2,1,2.9505
126,car,no_noise,2,1,7.8692
126,car,no_noise,1,0,6.6214
126,car,no_noise,2,1,6.7817
126,car,no_noise,1,1,4.7858
126,car,no_noise,1,1,3.5991
126,car,no_noise,1,0,9.0686
126,car,no_noise,1,1,5.3668
126,car,no_noise,3,0,3.2865
126,car,no_noise,1,1,5.233
126,car,no_noise,3,1,2.9053
126,car,no_noise,3,0,5.1342
126,car,no_noise,2,1,2.6404
126,car,no_noise,3,1,6.3006
126,car,no_noise,1,0,4.9674
126,car,no_noise,2,1,1.4989
126,car,no_noise,3,0,4.7702
126,car,no_noise,2,0,7.9524
126,car,noise,2,1,2.5944
126,car,noise,3,1,2.9988
126,car,noise,2,0,4.9827
126,car,noise,1,1,2.6469
126,car,noise,2,1,3.0818
126,car,noise,2,1,4.1889
126,car,noise,1,1,3.5742
126,car,noise,1,1,3.8514
126,car,noise,1,0,5.833
126,car,noise,1,1,4.7605
126,car,noise,1,1,4.3431
126,car,noise,3,1,2.6523
126,car,noise,2,1,3.4306
126,car,noise,3,1,5.2306
126,car,noise,3,1,5.6639
126,car,noise,3,0,5.5297
126,car,noise,2,1,2.4479
126,car,noise,2,1,5.0329
126,car,noise,2,1,3.615
126,car,noise,2,1,2.8632
126,car,noise,1,0,2.5256
126,car,noise,3,1,5.5032
126,car,noise,3,0,0.0653
126,car,noise,3,1,4.0302
127,car,no_noise,3,0,15.6983
127,car,no_noise,1,1,4.1097
127,car,no_noise,3,0,4.0803
127,car,no_noise,3,1,6.1173
127,car,no_noise,2,1,5.6113
127,car,no_noise,3,0,5.1769
127,car,no_noise,3,1,8.1646
127,car,no_noise,1,1,6.3262
127,car,no_noise,1,1,7.4621
127,car,no_noise,1,0,4.6657
127,car,no_noise,3,1,6.5978
127,car,no_noise,3,1,5.3335
127,car,no_noise,3,0,8.7948
127,car,no_noise,2,1,3.6921
127,car,no_noise,3,1,9.1246
127,car,no_noise,2,1,13.5335
127,car,no_noise,3,0,19.334
127,car,no_noise,2,0,7.9149
127,car,no_noise,2,1,6.0754
127,car,no_noise,1,1,4.8646
127,car,no_noise,1,1,7.5737
127,car,no_noise,2,0,12.3
127,car,no_noise,2,0,7.2055
127,car,no_noise,2,1,12.0093
127,car,no_noise,2,1,7.3733
127,car,no_noise,3,1,15.8362
127,car,no_noise,2,1,31.3206
127,car,no_noise,2,1,8.8717
127,car,no_noise,3,0,8.8777
127,car,no_noise,1,1,6.7751
127,car,noise,1,0,10.2953
127,car,noise,3,1,4.4987
127,car,noise,3,1,3.7216
127,car,noise,2,0,6.1365
127,car,noise,3,0,10.7055
127,car,noise,2,1,3.9872
127,car,noise,1,1,12.1725
127,car,noise,3,0,12.3118
127,car,noise,2,1,4.575
127,car,noise,2,0,8.8648
127,car,noise,2,0,6.0141
127,car,noise,3,1,5.8314
127,car,noise,2,1,7.8097
127,car,noise,3,1,19.2519
127,car,noise,3,1,13.7624
127,car,noise,2,1,6.2156
127,car,noise,2,1,8.9842
127,car,noise,2,1,3.3773
127,car,noise,2,1,6.3772
127,car,noise,2,1,7.2803
127,car,noise,3,1,7.4261
127,car,noise,3,1,7.504
127,car,noise,1,1,8.1005
127,car,noise,3,1,4.7935
127,face,no_noise,1,1,4.3121
127,face,no_noise,2,1,3.0367
127,face,no_noise,1,1,2.3365
127,face,no_noise,1,0,8.4535
127,face,no_noise,3,1,2.6024
127,face,no_noise,2,1,3.5083
127,face,no_noise,1,1,4.2016
127,face,no_noise,3,1,2.5229
127,face,no_noise,2,1,1.7768
127,face,no_noise,3,1,3.4507
127,face,no_noise,2,1,4.7859
127,face,no_noise,3,1,3.4907
127,face,no_noise,2,1,2.7289
127,face,no_noise,1,1,1.6205
127,face,no_noise,2,1,1.731
127,face,no_noise,2,1,2.7062
127,face,no_noise,2,1,3.1394
127,face,no_noise,2,1,4.3697
127,face,no_noise,1,1,3.3171
127,face,no_noise,3,1,2.734
127,face,no_noise,1,1,2.3399
127,face,no_noise,2,1,2.8673
127,face,no_noise,2,1,2.7103
127,face,no_noise,1,1,4.7188
127,face,no_noise,3,1,2.1928
127,face,no_noise,1,1,1.5569
127,face,no_noise,2,1,3.9355
127,face,no_noise,1,1,3.6848
127,face,no_noise,1,1,2.0874
127,face,no_noise,3,1,2.4918
127,face,noise,3,0,6.2667
127,face,noise,3,1,2.2076
127,face,noise,3,0,3.0861
127,face,noise,1,1,1.0713
127,face,noise,3,1,2.2103
127,face,noise,1,1,2.0397
127,face,noise,2,1,5.4305
127,face,noise,1,1,7.9334
127,face,noise,1,0,3.5183
127,face,noise,2,1,4.3594
127,face,noise,2,1,5.3423
127,face,noise,2,1,4.0506
127,face,noise,1,1,2.3723
127,face,noise,2,1,6.3483
127,face,noise,1,1,3.3446
127,face,noise,2,1,2.1439
127,face,noise,3,1,2.0387
127,face,noise,1,1,3.052
127,face,noise,3,1,2.5179
127,face,noise,1,1,6.6609
127,face,noise,1,1,3.3678
127,face,noise,1,1,5.1481
127,face,noise,1,1,2.5067
127,face,noise,1,0,3.3394
129,car,no_noise,2,1,15.7976
129,car,no_noise,1,1,6.9891
129,car,no_noise,3,0,13.834
129,car,no_noise,3,1,7.57
129,car,no_noise,2,1,5.8586
129,car,no_noise,1,1,14.1483
129,car,no_noise,3,1,5.9654
129,car,no_noise,1,1,5.0924
129,car,no_noise,1,1,17.2779
129,car,no_noise,3,1,5.4558
129,car,no_noise,3,1,5.5326
129,car,no_noise,3,1,8.7264
129,car,no_noise,3,0,9.7361
129,car,no_noise,2,1,6.7387
129,car,no_noise,2,0,17.6334
129,car,no_noise,3,0,16.8643
129,car,no_noise,1,1,5.4172
129,car,no_noise,1,1,2.9149
129,car,no_noise,3,0,2.7057
129,car,no_noise,1,1,4.8004
129,car,no_noise,3,0,9.9846
129,car,no_noise,3,0,5.6575
129,car,no_noise,1,0,9.2676
129,car,no_noise,2,1,5.1767
129,car,no_noise,2,1,5.3954
129,car,no_noise,1,0,6.2218
129,car,no_noise,2,1,5.1124
129,car,no_noise,2,1,4.4163
129,car,no_noise,1,1,2.4293
129,car,no_noise,1,1,5.5546
129,car,noise,2,1,15.2724
129,car,noise,3,1,5.5881
129,car,noise,3,1,9.9714
129,car,noise,2,0,7.401
129,car,noise,2,1,18.9426
129,car,noise,1,0,9.2154
129,car,noise,3,0,8.9603
129,car,noise,3,0,9.3311
129,car,noise,2,1,2.9252
129,car,noise,1,1,3.5571
129,car,noise,1,1,9.0864
129,car,noise,3,1,10.1082
129,car,noise,2,1,7.0674
129,car,noise,3,1,4.1093
129,car,noise,2,0,4.494
129,car,noise,2,1,7.6977
129,car,noise,2,1,5.0613
129,car,noise,2,1,4.1201
129,car,noise,2,1,3.8806
129,car,noise,2,1,4.5438
129,car,noise,3,1,3.7154
129,car,noise,3,1,4.6594
129,car,noise,1,1,5.7904
129,car,noise,3,1,7.5875
129,face,no_noise,1,1,3.2002
129,face,no_noise,2,1,13.3708
129,face,no_noise,1,1,1.7892
129,face,no_noise,3,1,3.1044
129,face,no_noise,2,0,6.208
129,face,no_noise,2,1,1.9623
129,face,no_noise,1,1,5.3344
129,face,no_noise,3,1,3.0442
129,face,no_noise,2,1,2.2759
129,face,no_noise,3,1,10.4546
129,face,no_noise,2,1,6.163
129,face,no_noise,3,1,9.9965
129,face,no_noise,2,1,1.8486
129,face,no_noise,1,1,7.6425
129,face,no_noise,2,1,2.2885
129,face,no_noise,3,0,3.3004
129,face,no_noise,2,1,4.5893
129,face,no_noise,2,1,6.4913
129,face,no_noise,3,0,7.276
129,face,no_noise,1,0,2.1704
129,face,no_noise,1,1,5.0897
129,face,no_noise,2,1,2.6215
129,face,no_noise,2,1,4.4227
129,face,no_noise,3,0,6.6596
129,face,no_noise,3,1,6.2917
129,face,no_noise,1,1,1.7176
129,face,no_noise,2,1,1.941
129,face,no_noise,3,0,6.825
129,face,no_noise,3,0,8.5274
129,face,no_noise,3,1,5.1728
129,face,noise,2,1,5.7858
129,face,noise,2,0,10.198
129,face,noise,1,1,9.2502
129,face,noise,1,1,3.8342
129,face,noise,3,1,3.1187
129,face,noise,1,1,8.8214
129,face,noise,2,1,4.1719
129,face,noise,3,0,7.6459
129,face,noise,2,1,4.9924
129,face,noise,2,1,4.0279
129,face,noise,2,1,7.2034
129,face,noise,2,1,3.4449
129,face,noise,2,0,5.9629
129,face,noise,2,1,1.8877
129,face,noise,2,0,5.0953
129,face,noise,2,1,3.1405
129,face,noise,2,0,4.9611
129,face,noise,2,0,5.8254
129,face,noise,3,1,2.5142
129,face,noise,1,1,13.5483
129,face,noise,1,1,8.0985
129,face,noise,1,1,3.1207
129,face,noise,1,1,4.1563
129,face,noise,3,1,5.8571
130,face,no_noise,1,1,2.7362
130,face,no_noise,2,1,2.2839
130,face,no_noise,1,1,3.214
130,face,no_noise,3,1,2.3086
130,face,no_noise,1,0,5.0948
130,face,no_noise,2,1,2.1434
130,face,no_noise,1,1,2.4581
130,face,no_noise,3,1,2.0563
130,face,no_noise,2,1,1.7601
130,face,no_noise,3,1,2.6773
130,face,no_noise,2,1,2.143
130,face,no_noise,3,1,1.6724
130,face,no_noise,2,1,3.5609
130,face,no_noise,1,1,1.9994
130,face,no_noise,2,1,1.6049
130,face,no_noise,2,1,3.1476
130,face,no_noise,2,1,1.7544
130,face,no_noise,2,1,4.8831
130,face,no_noise,1,1,3.9604
130,face,no_noise,3,1,2.4084
130,face,no_noise,3,0,4.6469
130,face,no_noise,2,1,3.3928
130,face,no_noise,2,1,2.5915
130,face,no_noise,3,0,4.9438
130,face,no_noise,3,1,2.8339
130,face,no_noise,1,1,3.7809
130,face,no_noise,2,1,1.5743
130,face,no_noise,1,1,2.2403
130,face,no_noise,1,1,1.8831
130,face,no_noise,3,1,4.1462
130,face,noise,2,1,3.3722
130,face,noise,3,1,3.9162
130,face,noise,3,0,4.4112
130,face,noise,1,1,4.2946
130,face,noise,3,1,2.7432
130,face,noise,1,1,3.7219
130,face,noise,3,0,2.825
130,face,noise,3,0,2.7242
130,face,noise,2,1,2.5125
130,face,noise,2,1,2.9803
130,face,noise,2,1,3.2756
130,face,noise,2,1,2.739
130,face,noise,1,1,3.5572
130,face,noise,2,1,3.3537
130,face,noise,1,1,3.6286
130,face,noise,2,1,2.6642
130,face,noise,3,1,1.822
130,face,noise,1,1,3.2564
130,face,noise,3,1,2.2919
130,face,noise,1,1,2.5201
130,face,noise,2,0,4.0238
130,face,noise,1,1,4.5246
130,face,noise,1,1,2.3867
130,face,noise,3,1,2.54
130,car,no_noise,2,1,4.9088
130,car,no_noise,1,1,4.4656
130,car,no_noise,1,1,5.1006
130,car,no_noise,3,1,5.5883
130,car,no_noise,2,1,3.846
130,car,no_noise,3,0,4.6808
130,car,no_noise,1,0,4.4517
130,car,no_noise,3,0,3.1104
130,car,no_noise,1,1,3.0951
130,car,no_noise,1,0,2.996
130,car,no_noise,1,0,6.4827
130,car,no_noise,3,1,7.1516
130,car,no_noise,2,1,7.5423
130,car,no_noise,1,0,8.091
130,car,no_noise,3,1,6.8649
130,car,no_noise,2,1,4.9669
130,car,no_noise,1,1,7.6326
130,car,no_noise,1,1,3.2347
130,car,no_noise,1,0,3.466
130,car,no_noise,1,1,6.338
130,car,no_noise,2,0,2.4884
130,car,no_noise,2,0,10.5479
130,car,no_noise,1,0,8.3733
130,car,no_noise,2,1,2.1714
130,car,no_noise,1,0,4.1145
130,car,no_noise,3,1,5.1647
130,car,no_noise,2,1,3.1887
130,car,no_noise,2,1,4.4969
130,car,no_noise,1,1,6.7472
130,car,no_noise,3,0,5.9019
130,car,noise,1,0,6.2139
130,car,noise,2,0,4.145
130,car,noise,2,0,5.2223
130,car,noise,1,1,5.0951
130,car,noise,2,1,4.0872
130,car,noise,1,0,5.4223
130,car,noise,1,1,3.365
130,car,noise,1,1,3.3437
130,car,noise,2,1,3.4164
130,car,noise,1,1,3.7439
130,car,noise,3,0,4.4505
130,car,noise,3,1,4.0678
130,car,noise,2,1,3.0608
130,car,noise,1,0,6.2821
130,car,noise,2,0,3.7601
130,car,noise,2,1,2.4601
130,car,noise,2,1,3.4861
130,car,noise,3,0,2.959
130,car,noise,2,1,3.7404
130,car,noise,2,1,3.982
130,car,noise,2,0,4.3902
130,car,noise,1,0,3.5755
130,car,noise,1,1,4.2296
130,car,noise,1,0,4.7927
132,face,no_noise,1,1,4.421
132,face,no_noise,2,1,4.422
132,face,no_noise,3,0,6.191
132,face,no_noise,3,1,5.041
132,face,no_noise,2,0,4.296
132,face,no_noise,3,0,3.754
132,face,no_noise,2,0,2.903
132,face,no_noise,3,1,4.288
132,face,no_noise,3,0,4.321
132,face,no_noise,2,0,3.609
132,face,no_noise,1,0,6.82
132,face,no_noise,3,1,4.561
132,face,no_noise,2,1,2.129
132,face,no_noise,1,1,5.12
132,face,no_noise,2,1,5.05
132,face,no_noise,2,1,3.176
132,face,no_noise,3,0,3.844
132,face,no_noise,3,0,7.635
132,face,no_noise,1,1,3.764
132,face,no_noise,3,1,2.944
132,face,no_noise,3,0,3.871
132,face,no_noise,2,1,2.906
132,face,no_noise,1,0,4.573
132,face,no_noise,3,0,2.504
132,face,no_noise,3,1,1.643
132,face,no_noise,2,0,2.863
132,face,no_noise,3,0,4.494
132,face,no_noise,2,0,3.385
132,face,no_noise,1,1,5.682
132,face,no_noise,2,0,9.257
132,face,noise,2,1,3.268
132,face,noise,2,0,2.023
132,face,noise,3,0,3.422
132,face,noise,3,0,4.805
132,face,noise,3,1,1.687
132,face,noise,2,0,6.971
132,face,noise,3,0,7.881
132,face,noise,2,0,4.322
132,face,noise,3,0,2.238
132,face,noise,2,1,3.504
132,face,noise,1,0,1.956
132,face,noise,1,0,4.055
132,face,noise,3,0,4.948
132,face,noise,2,1,3.521
132,face,noise,2,0,4.872
132,face,noise,2,1,4.786
132,face,noise,3,1,4.103
132,face,noise,3,0,3.903
132,face,noise,2,0,1.874
132,face,noise,1,1,4.29
132,face,noise,2,0,5.846
132,face,noise,3,0,3.239
132,face,noise,3,0,5.001
132,face,noise,2,0,2.389
132,car,no_noise,3,0,4.278
132,car,no_noise,3,0,3.868
132,car,no_noise,3,0,7.319
132,car,no_noise,3,1,5.918
132,car,no_noise,2,1,6.983
132,car,no_noise,3,0,7.041
132,car,no_noise,3,1,3.58
132,car,no_noise,1,1,6.684
132,car,no_noise,1,1,5.062
132,car,no_noise,3,1,12.645
132,car,no_noise,3,1,8.546
132,car,no_noise,3,1,5.303
132,car,no_noise,3,0,8.024
132,car,no_noise,2,1,3.376
132,car,no_noise,1,0,7.85
132,car,no_noise,2,1,7.982
132,car,no_noise,3,0,6.858
132,car,no_noise,1,1,5.677
132,car,no_noise,3,0,6.303
132,car,no_noise,1,1,6.15
132,car,no_noise,1,1,9.864
132,car,no_noise,2,0,6.123
132,car,no_noise,2,0,4.717
132,car,no_noise,3,0,4.949
132,car,no_noise,2,1,5.149
132,car,no_noise,1,0,5.716
132,car,no_noise,1,0,7.273
132,car,no_noise,2,1,4.748
132,car,no_noise,1,1,11.387
132,car,no_noise,1,1,8.167
132,car,noise,2,1,5.369
132,car,noise,3,1,2.768
132,car,noise,3,1,4.214
132,car,noise,2,0,3.132
132,car,noise,2,1,5.994
132,car,noise,2,1,5.88
132,car,noise,1,1,5.446
132,car,noise,1,1,4.922
132,car,noise,2,1,3.006
132,car,noise,3,0,6.964
132,car,noise,1,1,3.949
132,car,noise,2,0,3.45
132,car,noise,1,0,3.035
132,car,noise,3,1,10.95
132,car,noise,2,0,9.808
132,car,noise,2,1,4.058
132,car,noise,3,0,3.726
132,car,noise,2,1,3.497
132,car,noise,2,1,3.829
132,car,noise,2,1,4.15
132,car,noise,1,0,7.209
132,car,noise,3,1,3.191
132,car,noise,3,0,4.203
132,car,noise,1,0,4.787
133,face,no_noise,1,1,6.8569
133,face,no_noise,2,1,4.4896
133,face,no_noise,1,1,2.7105
133,face,no_noise,3,1,7.0288
133,face,no_noise,3,1,11.7446
133,face,no_noise,2,1,11.4978
133,face,no_noise,3,0,14.253
133,face,no_noise,3,1,3.823
133,face,no_noise,2,1,6.7796
133,face,no_noise,2,0,11.4826
133,face,no_noise,2,1,7.6962
133,face,no_noise,3,1,6.5581
133,face,no_noise,3,0,2.7918
133,face,no_noise,1,1,3.392
133,face,no_noise,2,1,1.9617
133,face,no_noise,2,1,4.9727
133,face,no_noise,3,0,4.304
133,face,no_noise,1,0,4.6243
133,face,no_noise,3,0,5.0374
133,face,no_noise,3,1,7.8403
133,face,no_noise,2,0,5.0351
133,face,no_noise,2,1,2.3611
133,face,no_noise,2,1,5.5203
133,face,no_noise,1,1,5.7332
133,face,no_noise,1,0,3.5744
133,face,no_noise,3,0,9.8867
133,face,no_noise,2,1,6.1247
133,face,no_noise,1,1,10.179
133,face,no_noise,1,1,3.176
133,face,no_noise,3,1,5.4681
133,face,noise,2,1,5.9905
133,face,noise,3,1,4.7388
133,face,noise,1,1,2.9541
133,face,noise,2,0,1.5184
133,face,noise,2,0,3.3701
133,face,noise,1,1,1.764
133,face,noise,3,0,2.4941
133,face,noise,2,0,1.2937
133,face,noise,1,0,1.2976
133,face,noise,2,1,1.499
133,face,noise,1,0,1.7964
133,face,noise,1,0,2.098
133,face,noise,1,1,1.5985
133,face,noise,2,1,2.6281
133,face,noise,1,1,1.5126
133,face,noise,1,0,3.0751
133,face,noise,3,1,4.1704
133,face,noise,1,1,3.2732
133,face,noise,2,0,3.6056
133,face,noise,2,0,3.0637
133,face,noise,2,0,1.6937
133,face,noise,1,1,1.8811
133,face,noise,3,0,3.7572
133,face,noise,1,0,1.5498
133,car,no_noise,3,0,2.9303
133,car,no_noise,2,0,2.8004
133,car,no_noise,1,1,2.9875
133,car,no_noise,1,0,3.5743
133,car,no_noise,1,0,1.8494
133,car,no_noise,3,0,3.5983
133,car,no_noise,1,0,2.593
133,car,no_noise,1,1,2.8398
133,car,no_noise,1,1,1.9838
133,car,no_noise,1,0,2.9262
133,car,no_noise,1,0,1.5096
133,car,no_noise,3,1,3.8525
133,car,no_noise,2,1,1.9742
133,car,no_noise,1,0,1.3779
133,car,no_noise,2,0,1.8131
133,car,no_noise,1,0,2.4545
133,car,no_noise,1,1,2.0636
133,car,no_noise,1,1,0.9698
133,car,no_noise,2,1,1.9768
133,car,no_noise,1,1,1.9901
133,car,no_noise,1,1,2.5334
133,car,no_noise,1,1,1.6237
133,car,no_noise,1,0,1.928
133,car,no_noise,3,0,2.7882
133,car,no_noise,2,1,2.3807
133,car,no_noise,1,0,2.5155
133,car,no_noise,1,0,2.0349
133,car,no_noise,2,1,2.48
133,car,no_noise,3,0,2.4242
133,car,no_noise,1,1,1.7284
133,car,noise,1,0,2.2312
133,car,noise,2,0,2.8825
133,car,noise,2,0,3.6467
133,car,noise,1,1,1.8773
133,car,noise,3,0,2.8541
133,car,noise,1,0,3.1838
133,car,noise,1,1,2.0774
133,car,noise,1,1,2.1875
133,car,noise,1,0,2.2962
133,car,noise,1,1,1.4288
133,car,noise,1,1,2.6352
133,car,noise,1,0,1.1246
133,car,noise,2,1,3.0367
133,car,noise,2,0,3.3638
133,car,noise,2,0,3.003
133,car,noise,2,1,1.7423
133,car,noise,2,1,1.4164
133,car,noise,1,0,2.0446
133,car,noise,1,0,2.3626
133,car,noise,1,0,1.7979
133,car,noise,1,0,2.0741
133,car,noise,2,0,2.0281
133,car,noise,1,1,2.267
133,car,noise,3,1,3.0151
134,car,no_noise,3,0,4.4262
134,car,no_noise,1,1,2.8096
134,car,no_noise,3,0,1.9277
134,car,no_noise,1,0,2.5779
134,car,no_noise,2,1,3.5798
134,car,no_noise,1,1,5.1968
134,car,no_noise,1,0,6.1948
134,car,no_noise,1,1,3.8995
134,car,no_noise,1,1,2.6605
134,car,no_noise,3,1,5.2107
134,car,no_noise,3,1,2.0248
134,car,no_noise,3,1,4.2532
134,car,no_noise,3,0,2.0302
134,car,no_noise,1,0,4.4199
134,car,no_noise,2,0,5.5618
134,car,no_noise,1,0,7.4138
134,car,no_noise,1,1,2.9981
134,car,no_noise,2,0,2.3479
134,car,no_noise,2,1,6.1337
134,car,no_noise,3,0,3.9101
134,car,no_noise,3,0,4.3393
134,car,no_noise,1,1,2.2915
134,car,no_noise,1,0,6.6857
134,car,no_noise,1,0,5.2813
134,car,no_noise,2,1,2.5349
134,car,no_noise,3,1,4.5686
134,car,no_noise,2,1,4.1085
134,car,no_noise,1,0,4.6653
134,car,no_noise,3,0,3.6542
134,car,no_noise,1,1,5.3713
134,car,noise,2,1,7.5474
134,car,noise,3,1,3.1755
134,car,noise,3,1,2.2453
134,car,noise,2,0,1.9691
134,car,noise,2,1,2.4863
134,car,noise,2,1,4.1274
134,car,noise,1,1,2.5308
134,car,noise,1,1,2.51
134,car,noise,2,1,3.5186
134,car,noise,2,0,1.4388
134,car,noise,1,1,2.8164
134,car,noise,3,1,2.6522
134,car,noise,2,1,1.6917
134,car,noise,1,0,1.883
134,car,noise,3,1,1.8589
134,car,noise,2,1,2.3116
134,car,noise,3,0,4.6343
134,car,noise,2,1,2.2133
134,car,noise,3,0,3.8723
134,car,noise,2,1,2.3146
134,car,noise,1,0,2.7108
134,car,noise,3,1,3.0369
134,car,noise,2,0,2.8148
134,car,noise,1,0,2.8974
134,face,no_noise,1,1,2.644
134,face,no_noise,2,1,2.6074
134,face,no_noise,1,1,1.4628
134,face,no_noise,3,1,2.0255
134,face,no_noise,2,0,3.4948
134,face,no_noise,2,1,2.0924
134,face,no_noise,1,1,3.8528
134,face,no_noise,3,1,1.9259
134,face,no_noise,2,1,1.5731
134,face,no_noise,3,1,2.6791
134,face,no_noise,1,0,2.0689
134,face,no_noise,3,1,1.583
134,face,no_noise,3,0,3.6454
134,face,no_noise,1,1,1.9597
134,face,no_noise,2,1,2.027
134,face,no_noise,3,0,3.9292
134,face,no_noise,2,1,1.9763
134,face,no_noise,1,0,4.9597
134,face,no_noise,3,0,2.4427
134,face,no_noise,3,1,1.8674
134,face,no_noise,2,0,2.6938
134,face,no_noise,2,1,1.8372
134,face,no_noise,2,1,3.9735
134,face,no_noise,1,1,3.8638
134,face,no_noise,1,0,3.1893
134,face,no_noise,1,1,2.124
134,face,no_noise,2,1,2.8431
134,face,no_noise,2,0,3.8305
134,face,no_noise,1,1,2.1825
134,face,no_noise,3,1,3.0751
134,face,noise,2,1,3.1077
134,face,noise,3,1,3.9665
134,face,noise,3,0,3.2546
134,face,noise,1,1,3.6019
134,face,noise,3,1,3.0788
134,face,noise,1,1,4.9681
134,face,noise,2,1,4.9281
134,face,noise,2,0,6.0506
134,face,noise,2,1,3.19
134,face,noise,2,1,3.0441
134,face,noise,2,1,3.4131
134,face,noise,2,1,1.5715
134,face,noise,1,1,2.9047
134,face,noise,2,1,2.9131
134,face,noise,1,1,3.6406
134,face,noise,2,1,3.6237
134,face,noise,3,1,2.3954
134,face,noise,2,0,4.4284
134,face,noise,3,1,6.9395
134,face,noise,2,0,5.8824
134,face,noise,1,1,5.5305
134,face,noise,2,0,3.9748
134,face,noise,1,1,2.6646
134,face,noise,3,1,5.4927
136,car,no_noise,3,0,4.5198
136,car,no_noise,1,1,4.7906
136,car,no_noise,1,1,4.1083
136,car,no_noise,3,1,2.1512
136,car,no_noise,2,1,2.3532
136,car,no_noise,3,0,2.6011
136,car,no_noise,3,1,2.394
136,car,no_noise,1,1,3.0598
136,car,no_noise,1,1,2.6304
136,car,no_noise,3,1,2.1313
136,car,no_noise,3,1,1.9203
136,car,no_noise,3,1,2.5478
136,car,no_noise,2,1,3.7284
136,car,no_noise,1,0,1.5522
136,car,no_noise,2,0,4.2281
136,car,no_noise,2,1,2.3117
136,car,no_noise,2,0,2.6536
136,car,no_noise,2,0,1.974
136,car,no_noise,2,1,2.0407
136,car,no_noise,1,1,1.4597
136,car,no_noise,2,0,1.9051
136,car,no_noise,1,1,3.539
136,car,no_noise,1,0,1.463
136,car,no_noise,1,0,1.4445
136,car,no_noise,1,0,3.9869
136,car,no_noise,2,0,1.84
136,car,no_noise,3,0,3.5789
136,car,no_noise,2,1,1.6929
136,car,no_noise,2,0,2.1627
136,car,no_noise,1,1,3.0885
136,car,noise,2,1,2.5222
136,car,noise,3,1,2.5425
136,car,noise,2,0,2.0577
136,car,noise,3,0,1.8274
136,car,noise,3,0,1.5981
136,car,noise,2,1,2.747
136,car,noise,3,0,1.39
136,car,noise,1,1,1.2299
136,car,noise,1,0,0.9604
136,car,noise,2,0,0.9147
136,car,noise,2,0,1.5879
136,car,noise,1,0,1.8223
136,car,noise,2,1,1.3949
136,car,noise,1,0,1.6329
136,car,noise,2,0,1.661
136,car,noise,1,0,1.6274
136,car,noise,3,0,2.5798
136,car,noise,2,1,2.0626
136,car,noise,2,1,3.9601
136,car,noise,2,1,3.2316
136,car,noise,2,0,1.6096
136,car,noise,1,0,1.6364
136,car,noise,1,1,1.8902
136,car,noise,2,0,2.1575
136,face,no_noise,1,1,5.6687
136,face,no_noise,2,1,3.5976
136,face,no_noise,1,1,2.3934
136,face,no_noise,3,1,4.0126
136,face,no_noise,1,0,3.33
136,face,no_noise,2,1,2.7773
136,face,no_noise,1,1,1.913
136,face,no_noise,3,1,1.8696
136,face,no_noise,2,1,1.4208
136,face,no_noise,3,1,1.1915
136,face,no_noise,2,1,0.9529
136,face,no_noise,2,0,0.9863
136,face,no_noise,2,1,1.4169
136,face,no_noise,1,1,1.9465
136,face,no_noise,2,1,1.2056
136,face,no_noise,3,0,3.0845
136,face,no_noise,2,1,2.256
136,face,no_noise,2,1,2.6347
136,face,no_noise,3,0,3.009
136,face,no_noise,3,1,1.1484
136,face,no_noise,1,1,1.3844
136,face,no_noise,2,1,1.5998000000000001
136,face,no_noise,2,1,0.9209
136,face,no_noise,1,1,2.2709
136,face,no_noise,3,1,2.2926
136,face,no_noise,1,1,2.0606
136,face,no_noise,2,1,1.3717
136,face,no_noise,1,1,2.2844
136,face,no_noise,1,1,1.6059
136,face,no_noise,1,0,3.8808
136,face,noise,2,1,2.0459
136,face,noise,2,0,1.3808
136,face,noise,1,1,3.683
136,face,noise,1,1,2.0676
136,face,noise,3,1,1.3798
136,face,noise,1,1,1.6059
136,face,noise,2,1,1.8406
136,face,noise,1,1,1.419
136,face,noise,2,1,3.1503
136,face,noise,2,1,2.326
136,face,noise,1,0,2.2696
136,face,noise,1,0,2.5282
136,face,noise,1,1,1.4026
136,face,noise,2,1,1.1565
136,face,noise,1,1,2.5723
136,face,noise,1,0,2.0534
136,face,noise,3,1,1.6243
136,face,noise,1,1,1.4334
136,face,noise,3,1,1.4109
136,face,noise,1,1,1.442
136,face,noise,1,1,0.9459
136,face,noise,1,1,2.7889
136,face,noise,1,1,5.5898
136,face,noise,3,1,4.1696
137,face,no_noise,1,1,3.852
137,face,no_noise,2,1,9.649
137,face,no_noise,1,1,4.78
137,face,no_noise,3,1,6.66
137,face,no_noise,1,0,7.177
137,face,no_noise,2,1,5.644
137,face,no_noise,3,0,10.03
137,face,no_noise,3,1,4.317
137,face,no_noise,2,1,5.06
137,face,no_noise,2,0,11.544
137,face,no_noise,1,0,18.903
137,face,no_noise,3,1,3.394
137,face,no_noise,3,0,7.113
137,face,no_noise,1,1,8.211
137,face,no_noise,2,1,2.995
137,face,no_noise,3,0,4.818
137,face,no_noise,2,1,10.21
137,face,no_noise,3,0,12.877
137,face,no_noise,3,0,5.634
137,face,no_noise,3,1,10.029
137,face,no_noise,2,0,8.752
137,face,no_noise,2,1,4.543
137,face,no_noise,2,1,16.303
137,face,no_noise,3,0,11.979
137,face,no_noise,3,1,8.85
137,face,no_noise,3,0,16.299
137,face,no_noise,2,1,5.76
137,face,no_noise,2,0,12.236
137,face,no_noise,1,1,13.533
137,face,no_noise,3,1,4.961
137,face,noise,2,1,8.715
137,face,noise,3,1,2.461
137,face,noise,3,0,3.819
137,face,noise,2,0,6.716
137,face,noise,2,0,7.902
137,face,noise,3,0,4.862
137,face,noise,3,0,5.397
137,face,noise,2,0,6.46
137,face,noise,3,0,7.86
137,face,noise,2,1,2.797
137,face,noise,2,1,4.278
137,face,noise,1,0,5.379
137,face,noise,1,1,3.726
137,face,noise,2,1,5.23
137,face,noise,1,1,11.312
137,face,noise,1,0,12.668
137,face,noise,2,0,11.511
137,face,noise,1,1,5.477
137,face,noise,2,0,4.243
137,face,noise,1,1,5.729
137,face,noise,1,1,2.297
137,face,noise,2,0,3.804
137,face,noise,3,0,6.21
137,face,noise,1,0,6.759
137,car,no_noise,3,0,9.4
137,car,no_noise,1,1,6.491
137,car,no_noise,1,1,9.962
137,car,no_noise,2,0,5.539
137,car,no_noise,2,1,20.561
137,car,no_noise,1,1,11.173
137,car,no_noise,1,0,16.425
137,car,no_noise,1,1,8.665
137,car,no_noise,1,1,10.157
137,car,no_noise,1,0,18.382
137,car,no_noise,3,1,9.771
137,car,no_noise,2,0,10.845
137,car,no_noise,2,1,9.823
137,car,no_noise,1,0,10.223
137,car,no_noise,2,0,9.024
137,car,no_noise,2,1,8.373
137,car,no_noise,2,0,10.509
137,car,no_noise,1,1,6.23
137,car,no_noise,2,1,7.388
137,car,no_noise,3,0,16.056
137,car,no_noise,3,0,7.239
137,car,no_noise,2,0,8.81
137,car,no_noise,1,0,8.288
137,car,no_noise,2,1,12.426
137,car,no_noise,2,1,9.289
137,car,no_noise,3,1,9.023
137,car,no_noise,2,1,8.622
137,car,no_noise,2,1,7.189
137,car,no_noise,3,0,7.18
137,car,no_noise,2,0,4.861
137,car,noise,2,1,9.285
137,car,noise,2,0,4.437
137,car,noise,2,0,8.302
137,car,noise,1,1,4.485
137,car,noise,2,1,2.785
137,car,noise,2,1,3.46
137,car,noise,1,1,7.619
137,car,noise,1,1,3.228
137,car,noise,2,1,5.32
137,car,noise,1,1,2.651
137,car,noise,2,0,5.239
137,car,noise,1,0,10.703
137,car,noise,2,1,2.541
137,car,noise,1,0,3.778
137,car,noise,2,0,2.769
137,car,noise,3,0,4.019
137,car,noise,1,0,1.709
137,car,noise,2,1,3.402
137,car,noise,3,0,2.912
137,car,noise,2,1,6.629
137,car,noise,3,1,3.653
137,car,noise,3,1,8.445
137,car,noise,2,0,4.804
137,car,noise,1,0,5.268
139,car,no_noise,3,0,1.8115
139,car,no_noise,1,1,1.6783
139,car,no_noise,3,0,1.168
139,car,no_noise,2,0,2.1672
139,car,no_noise,1,0,1.6537
139,car,no_noise,1,1,1.3967
139,car,no_noise,3,1,1.6879
139,car,no_noise,2,0,3.1179
139,car,no_noise,2,0,1.782
139,car,no_noise,3,1,1.9183
139,car,no_noise,3,1,2.4963
139,car,no_noise,3,1,2.5422
139,car,no_noise,1,0,2.4296
139,car,no_noise,1,0,2.2806
139,car,no_noise,3,1,1.8723
139,car,no_noise,3,0,2.3469
139,car,no_noise,1,1,2.854
139,car,no_noise,1,1,2.7962
139,car,no_noise,1,0,2.0511
139,car,no_noise,3,0,2.4024
139,car,no_noise,2,0,1.4613
139,car,no_noise,1,1,1.6885
139,car,no_noise,3,1,2.652
139,car,no_noise,1,0,3.3255
139,car,no_noise,1,0,1.8968
139,car,no_noise,2,0,1.8147
139,car,no_noise,3,0,1.9866
139,car,no_noise,3,0,1.0617
139,car,no_noise,1,1,2.7271
139,car,no_noise,2,0,1.9435
139,car,noise,1,0,6.7837
139,car,noise,3,1,1.209
139,car,noise,2,0,3.9518
139,car,noise,2,0,2.4545
139,car,noise,2,1,3.7922
139,car,noise,2,1,4.3027
139,car,noise,1,1,4.0083
139,car,noise,1,1,2.3696
139,car,noise,2,1,4.4718
139,car,noise,1,1,3.4853
139,car,noise,2,0,2.528
139,car,noise,3,1,1.9341
139,car,noise,2,1,3.5213
139,car,noise,2,0,2.6507
139,car,noise,1,0,2.8901
139,car,noise,1,0,2.7361
139,car,noise,3,0,5.0956
139,car,noise,2,1,1.7264
139,car,noise,2,1,2.7343
139,car,noise,2,1,1.6349
139,car,noise,3,1,6.8536
139,car,noise,3,1,4.2637
139,car,noise,3,0,1.9387
139,car,noise,2,0,2.0339
139,face,no_noise,1,1,1.3557
139,face,no_noise,2,1,1.9079
139,face,no_noise,3,0,1.4394
139,face,no_noise,3,1,2.3177
139,face,no_noise,3,1,2.6531
139,face,no_noise,2,1,1.3676
139,face,no_noise,1,1,1.3211
139,face,no_noise,3,1,1.1729
139,face,no_noise,2,1,1.8029
139,face,no_noise,3,1,1.1517
139,face,no_noise,2,1,1.1777
139,face,no_noise,2,0,1.1345
139,face,no_noise,2,1,0.9548
139,face,no_noise,1,1,1.2926
139,face,no_noise,2,1,2.012
139,face,no_noise,3,0,1.4736
139,face,no_noise,2,1,0.9749
139,face,no_noise,3,0,1.8962
139,face,no_noise,3,0,2.1567
139,face,no_noise,3,1,1.769
139,face,no_noise,2,0,1.2692
139,face,no_noise,2,1,2.1048
139,face,no_noise,2,1,1.313
139,face,no_noise,2,0,2.766
139,face,no_noise,3,1,1.4772
139,face,no_noise,1,1,1.066
139,face,no_noise,2,1,2.1951
139,face,no_noise,2,0,1.5933
139,face,no_noise,1,1,1.052
139,face,no_noise,3,1,1.5833
139,face,noise,3,0,2.1633
139,face,noise,3,1,1.791
139,face,noise,3,0,0.9766
139,face,noise,1,1,1.082
139,face,noise,2,0,1.5275
139,face,noise,3,0,1.112
139,face,noise,3,0,1.152
139,face,noise,1,1,1.2683
139,face,noise,1,0,1.9058
139,face,noise,2,1,1.3719
139,face,noise,3,0,1.9312
139,face,noise,3,0,1.057
139,face,noise,3,0,0.9955
139,face,noise,2,1,0.7173
139,face,noise,1,1,1.3712
139,face,noise,3,0,1.5271
139,face,noise,3,1,1.3013
139,face,noise,1,1,1.1008
139,face,noise,3,1,1.0718
139,face,noise,2,0,1.7659
139,face,noise,1,1,1.0674
139,face,noise,2,0,1.4229
139,face,noise,3,0,1.9766
139,face,noise,3,1,1.7354
140,car,no_noise,3,0,8.4215
140,car,no_noise,2,0,5.2041
140,car,no_noise,1,1,4.8395
140,car,no_noise,2,0,9.6421
140,car,no_noise,1,0,5.3533
140,car,no_noise,1,1,7.8839
140,car,no_noise,3,1,12.5929
140,car,no_noise,2,0,4.4782
140,car,no_noise,1,1,8.0102
140,car,no_noise,3,1,4.512
140,car,no_noise,3,1,5.4691
140,car,no_noise,3,1,5.9448
140,car,no_noise,1,0,3.5251
140,car,no_noise,1,0,16.0423
140,car,no_noise,3,1,11.7883
140,car,no_noise,2,1,9.1203
140,car,no_noise,2,0,14.3722
140,car,no_noise,2,0,4.2706
140,car,no_noise,3,0,17.3951
140,car,no_noise,1,1,3.4084
140,car,no_noise,3,0,7.6624
140,car,no_noise,1,1,7.3618
140,car,no_noise,3,1,11.2302
140,car,no_noise,1,0,2.6996000000000002
140,car,no_noise,2,1,4.3685
140,car,no_noise,2,0,2.7874
140,car,no_noise,2,1,4.934
140,car,no_noise,2,1,16.6841
140,car,no_noise,3,0,9.2407
140,car,no_noise,1,1,3.7774
140,car,noise,1,0,9.4406
140,car,noise,3,1,7.3837
140,car,noise,2,0,6.3671
140,car,noise,2,0,11.2318
140,car,noise,2,1,5.4573
140,car,noise,2,1,5.3314
140,car,noise,3,0,21.7921
140,car,noise,1,1,3.0257
140,car,noise,1,0,7.023
140,car,noise,1,1,2.7046
140,car,noise,1,1,4.6192
140,car,noise,3,1,6.5258
140,car,noise,2,1,4.6875
140,car,noise,3,1,9.6424
140,car,noise,3,1,25.9219
140,car,noise,2,1,19.7413
140,car,noise,3,0,4.324
140,car,noise,2,1,2.6795
140,car,noise,2,1,9.269
140,car,noise,2,1,3.6463
140,car,noise,1,0,4.0267
140,car,noise,3,1,8.208
140,car,noise,1,1,6.5086
140,car,noise,3,1,2.9262
140,face,no_noise,1,1,5.2365
140,face,no_noise,1,0,10.0915
140,face,no_noise,1,1,3.815
140,face,no_noise,3,1,6.1372
140,face,no_noise,2,0,5.444
140,face,no_noise,1,0,4.9262
140,face,no_noise,2,0,10.7521
140,face,no_noise,2,0,5.8871
140,face,no_noise,2,1,3.6783
140,face,no_noise,2,0,6.584
140,face,no_noise,2,1,4.1325
140,face,no_noise,3,1,9.8022
140,face,no_noise,2,1,6.6822
140,face,no_noise,2,0,2.592
140,face,no_noise,3,0,8.0183
140,face,no_noise,2,1,3.2941
140,face,no_noise,2,1,2.8656
140,face,no_noise,1,0,5.258
140,face,no_noise,1,1,4.8761
140,face,no_noise,2,0,3.5037
140,face,no_noise,2,0,5.3795
140,face,no_noise,2,1,3.6417
140,face,no_noise,2,1,10.5521
140,face,no_noise,3,0,2.5915
140,face,no_noise,3,1,2.7801
140,face,no_noise,3,0,4.0998
140,face,no_noise,2,1,2.8047
140,face,no_noise,1,1,5.369
140,face,no_noise,1,1,4.0243
140,face,no_noise,2,0,6.0723
140,face,noise,2,1,12.8433
140,face,noise,2,0,4.9802
140,face,noise,3,0,7.0261
140,face,noise,1,1,8.2687
140,face,noise,1,0,4.0559
140,face,noise,1,1,4.7514
140,face,noise,2,1,8.3931
140,face,noise,1,1,6.076
140,face,noise,2,1,3.7438
140,face,noise,2,1,15.9628
140,face,noise,2,1,2.2308
140,face,noise,1,0,23.438
140,face,noise,1,1,11.4228
140,face,noise,1,0,2.3384
140,face,noise,2,0,3.1572
140,face,noise,2,1,21.845
140,face,noise,2,0,10.8925
140,face,noise,1,1,3.6318
140,face,noise,3,1,3.161
140,face,noise,2,0,4.8929
140,face,noise,1,1,5.5079
140,face,noise,3,0,9.5876
140,face,noise,1,1,6.656
140,face,noise,1,0,2.11
143,car,no_noise,2,1,5.8227
143,car,no_noise,1,1,2.9839
143,car,no_noise,3,0,3.7912
143,car,no_noise,3,1,2.9487
143,car,no_noise,1,0,2.5391
143,car,no_noise,1,1,1.2601
143,car,no_noise,3,1,2.0853
143,car,no_noise,2,0,5.0042
143,car,no_noise,1,1,3.0188
143,car,no_noise,1,0,1.424
143,car,no_noise,3,1,1.7735
143,car,no_noise,2,0,3.1438
143,car,no_noise,3,0,1.9194
143,car,no_noise,1,0,2.2441
143,car,no_noise,3,1,2.3519
143,car,no_noise,3,0,3.5649
143,car,no_noise,3,0,1.4902
143,car,no_noise,2,0,2.1541
143,car,no_noise,2,1,1.4212
143,car,no_noise,1,1,5.4501
143,car,no_noise,3,0,1.5075
143,car,no_noise,3,0,0.8468
143,car,no_noise,1,0,1.245
143,car,no_noise,2,1,0.7237
143,car,no_noise,2,1,1.29
143,car,no_noise,3,1,0.6836
143,car,no_noise,3,0,0.9228
143,car,no_noise,1,0,0.3717
143,car,no_noise,1,1,0.5743
143,car,no_noise,1,1,0.5372
143,car,noise,3,0,3.0427
143,car,noise,1,0,2.2268
143,car,noise,3,1,3.1606
143,car,noise,1,1,2.0959
143,car,noise,2,1,2.4485
143,car,noise,2,1,1.1896
143,car,noise,3,0,1.23
143,car,noise,1,1,1.2909
143,car,noise,2,1,0.8299
143,car,noise,3,0,1.5653
143,car,noise,1,1,1.1264
143,car,noise,2,0,0.9258
143,car,noise,2,1,2.5482
143,car,noise,3,1,2.7169
143,car,noise,3,1,2.0109
143,car,noise,2,1,1.653
143,car,noise,2,1,3.0233
143,car,noise,2,1,1.9819
143,car,noise,2,1,4.6177
143,car,noise,3,0,2.1481
143,car,noise,3,1,1.4047
143,car,noise,2,0,2.3446
143,car,noise,1,1,1.8049
143,car,noise,2,0,2.1654
143,face,no_noise,1,1,1.3876
143,face,no_noise,2,1,1.6653
143,face,no_noise,1,1,2.3227
143,face,no_noise,1,0,2.2679
143,face,no_noise,2,0,2.4201
143,face,no_noise,3,0,2.9175
143,face,no_noise,1,1,3.96
143,face,no_noise,3,1,2.0837
143,face,no_noise,2,1,1.6626
143,face,no_noise,3,1,1.6658
143,face,no_noise,2,1,1.8362
143,face,no_noise,2,0,2.8555
143,face,no_noise,2,1,2.2734
143,face,no_noise,2,0,1.818
143,face,no_noise,2,1,1.4847
143,face,no_noise,3,0,1.5028
143,face,no_noise,2,1,2.7073
143,face,no_noise,1,0,3.4287
143,face,no_noise,1,1,2.148
143,face,no_noise,3,1,1.9026
143,face,no_noise,2,0,3.0858
143,face,no_noise,2,1,2.8503
143,face,no_noise,2,1,2.9621
143,face,no_noise,1,1,3.1952
143,face,no_noise,3,1,2.5579
143,face,no_noise,2,0,3.5473
143,face,no_noise,3,0,3.7625
143,face,no_noise,3,0,3.1531
143,face,no_noise,1,1,1.8125
143,face,no_noise,2,0,2.6164
143,face,noise,2,1,1.9015
143,face,noise,2,0,2.2739
143,face,noise,3,0,2.9952
143,face,noise,2,0,2.1546
143,face,noise,3,1,2.0346
143,face,noise,2,0,2.9261
143,face,noise,3,0,3.5843
143,face,noise,2,0,1.1778
143,face,noise,2,1,2.1125
143,face,noise,2,1,1.8186
143,face,noise,3,0,1.3214
143,face,noise,2,1,2.0312
143,face,noise,2,0,2.6603
143,face,noise,3,0,1.6554
143,face,noise,1,1,2.0773
143,face,noise,3,0,1.6468
143,face,noise,3,1,1.5798
143,face,noise,1,1,1.6762
143,face,noise,3,1,2.3372
143,face,noise,2,0,1.1814
143,face,noise,1,1,3.1265
143,face,noise,1,1,2.1895
143,face,noise,3,0,2.3666
143,face,noise,2,0,1.2681
144,face,no_noise,1,1,8.3802
144,face,no_noise,2,1,5.0859
144,face,no_noise,3,0,3.0174
144,face,no_noise,2,0,4.4118
144,face,no_noise,2,0,3.0595
144,face,no_noise,1,0,4.0518
144,face,no_noise,2,0,5.0527
144,face,no_noise,3,1,2.7825
144,face,no_noise,1,0,4.4996
144,face,no_noise,3,1,3.508
144,face,no_noise,2,1,1.0845
144,face,no_noise,3,1,1.9825
144,face,no_noise,3,0,2.9714
144,face,no_noise,1,1,4.7708
144,face,no_noise,1,0,3.3952
144,face,no_noise,3,0,2.9521
144,face,no_noise,3,0,2.2348
144,face,no_noise,2,1,2.8618
144,face,no_noise,1,1,3.0143
144,face,no_noise,3,1,2.3681
144,face,no_noise,1,1,3.9118
144,face,no_noise,1,0,3.2019
144,face,no_noise,1,0,5.3478
144,face,no_noise,1,1,2.0759
144,face,no_noise,1,0,4.0796
144,face,no_noise,2,0,3.0558
144,face,no_noise,2,1,3.1354
144,face,no_noise,2,0,1.4366
144,face,no_noise,1,1,2.6653
144,face,no_noise,3,1,2.3183
144,face,noise,3,0,4.3524
144,face,noise,2,0,3.1684
144,face,noise,2,0,2.1728
144,face,noise,1,1,2.6388
144,face,noise,3,1,5.8547
144,face,noise,1,1,3.2794
144,face,noise,1,0,3.0624
144,face,noise,2,0,2.0965
144,face,noise,1,0,1.8343
144,face,noise,2,1,2.7682
144,face,noise,3,0,2.8151
144,face,noise,2,1,2.3953
144,face,noise,1,1,3.2846
144,face,noise,1,0,3.9624
144,face,noise,1,1,2.1684
144,face,noise,3,0,2.2762
144,face,noise,1,0,3.1482
144,face,noise,3,0,2.6844
144,face,noise,3,1,2.0241
144,face,noise,1,1,1.6707
144,face,noise,3,0,3.2802
144,face,noise,3,0,1.9566
144,face,noise,3,0,1.9602
144,face,noise,1,0,1.6466
144,car,no_noise,3,0,2.9526
144,car,no_noise,1,1,2.301
144,car,no_noise,3,0,2.2435
144,car,no_noise,2,0,2.1433
144,car,no_noise,1,0,1.1559
144,car,no_noise,3,0,3.8851
144,car,no_noise,3,1,2.4791
144,car,no_noise,1,1,1.4608
144,car,no_noise,1,1,2.1497
144,car,no_noise,3,1,3.7058
144,car,no_noise,2,0,3.9424
144,car,no_noise,3,1,2.1679
144,car,no_noise,1,0,1.7106
144,car,no_noise,3,0,2.8085
144,car,no_noise,3,1,2.5521
144,car,no_noise,2,1,1.5717
144,car,no_noise,3,0,2.1432
144,car,no_noise,1,1,2.6299
144,car,no_noise,2,1,1.8111
144,car,no_noise,1,1,3.0839
144,car,no_noise,2,0,3.5083
144,car,no_noise,2,0,3.2034
144,car,no_noise,2,0,3.8348
144,car,no_noise,1,0,1.7522
144,car,no_noise,2,1,2.3875
144,car,no_noise,3,1,2.4873
144,car,no_noise,2,1,2.8187
144,car,no_noise,1,0,1.8591
144,car,no_noise,1,1,2.9364
144,car,no_noise,2,0,2.8917
144,car,noise,2,1,1.7017
144,car,noise,3,1,3.5059
144,car,noise,3,1,3.114
144,car,noise,2,0,4.3787
144,car,noise,3,0,2.5878
144,car,noise,2,1,3.0708
144,car,noise,3,0,3.268
144,car,noise,1,1,1.8511
144,car,noise,1,0,3.0196
144,car,noise,2,0,2.6074
144,car,noise,2,0,3.2977
144,car,noise,3,1,3.1627
144,car,noise,2,1,3.4247
144,car,noise,1,0,1.7446
144,car,noise,3,1,2.3729
144,car,noise,1,0,3.8802
144,car,noise,2,1,1.7678
144,car,noise,2,1,2.4188
144,car,noise,2,1,2.7704
144,car,noise,2,1,4.2435
144,car,noise,2,0,2.0075
144,car,noise,1,0,2.0246
144,car,noise,1,1,4.4803
144,car,noise,2,0,3.3474
145,face,no_noise,1,1,7.327
145,face,no_noise,2,1,8.435
145,face,no_noise,3,0,4.88
145,face,no_noise,3,1,8.083
145,face,no_noise,2,0,8.302
145,face,no_noise,3,0,3.072
145,face,no_noise,1,1,6.201
145,face,no_noise,2,0,8.472
145,face,no_noise,3,0,7.758
145,face,no_noise,2,0,6.796
145,face,no_noise,1,0,3.222
145,face,no_noise,3,1,4.83
145,face,no_noise,2,1,6.464
145,face,no_noise,1,1,3.091
145,face,no_noise,3,0,9.553
145,face,no_noise,2,1,8.104
145,face,no_noise,3,0,3.222
145,face,no_noise,3,0,5.848
145,face,no_noise,1,1,5.842
145,face,no_noise,3,1,4.93
145,face,no_noise,1,1,2.73
145,face,no_noise,3,0,10.499
145,face,no_noise,1,0,6.172
145,face,no_noise,2,0,4.331
145,face,no_noise,2,0,10.98
145,face,no_noise,2,0,1.743
145,face,no_noise,3,0,2.297
145,face,no_noise,3,0,8.053
145,face,no_noise,3,0,3.446
145,face,no_noise,2,0,6.594
145,face,noise,1,0,5.603
145,face,noise,2,0,2.44
145,face,noise,2,0,4.9
145,face,noise,2,0,4.278
145,face,noise,3,1,5.136
145,face,noise,1,1,5.379
145,face,noise,2,1,2.31
145,face,noise,3,0,13.183
145,face,noise,2,1,5.039
145,face,noise,2,1,3.229
145,face,noise,2,1,3.338
145,face,noise,2,1,2.78
145,face,noise,1,1,2.463
145,face,noise,2,1,2.746
145,face,noise,1,1,2.869
145,face,noise,2,1,3.108
145,face,noise,2,0,3.744
145,face,noise,1,1,5.496
145,face,noise,1,0,3.77
145,face,noise,2,0,2.413
145,face,noise,1,1,2.701
145,face,noise,1,1,4.178
145,face,noise,2,0,2.474
145,face,noise,1,0,4.575
145,car,no_noise,3,0,3.952
145,car,no_noise,3,0,6.102
145,car,no_noise,2,0,4.12
145,car,no_noise,3,1,12.765
145,car,no_noise,1,0,4.772
145,car,no_noise,3,0,6.085
145,car,no_noise,2,0,9.147
145,car,no_noise,1,1,7.653
145,car,no_noise,1,1,5.141
145,car,no_noise,1,0,7.372
145,car,no_noise,3,1,5.521
145,car,no_noise,3,1,2.542
145,car,no_noise,2,1,4.881
145,car,no_noise,1,0,4.65
145,car,no_noise,1,0,6.067
145,car,no_noise,2,1,5.511
145,car,no_noise,2,0,3.971
145,car,no_noise,1,1,4.548
145,car,no_noise,3,0,7.374
145,car,no_noise,3,0,6.856
145,car,no_noise,3,0,4.792
145,car,no_noise,1,1,5.794
145,car,no_noise,1,0,4.12
145,car,no_noise,2,1,5.51
145,car,no_noise,2,1,6.496
145,car,no_noise,2,0,4.87
145,car,no_noise,2,1,6.476
145,car,no_noise,2,1,5.977
145,car,no_noise,3,0,2.929
145,car,no_noise,2,0,5.292
145,car,noise,3,0,8.084
145,car,noise,3,1,4.966
145,car,noise,2,0,5.669
145,car,noise,1,1,4.367
145,car,noise,2,1,8.266
145,car,noise,2,1,8.501
145,car,noise,3,0,4.904
145,car,noise,1,1,6.797
145,car,noise,2,1,6.843
145,car,noise,3,0,6.518
145,car,noise,2,0,5.155
145,car,noise,3,1,5.99
145,car,noise,2,1,4.298
145,car,noise,3,1,7.655
145,car,noise,3,1,9.286
145,car,noise,1,0,3.264
145,car,noise,3,0,5.179
145,car,noise,2,1,4.118
145,car,noise,2,1,6.586
145,car,noise,3,0,5.069
145,car,noise,1,0,3.397
145,car,noise,3,1,4.02
145,car,noise,3,0,3.486
145,car,noise,3,1,6.065
146,face,no_noise,1,1,4.391
146,face,no_noise,2,1,2.3766
146,face,no_noise,1,1,1.9112
146,face,no_noise,2,0,1.9093
146,face,no_noise,3,1,1.9171
146,face,no_noise,1,0,2.3605
146,face,no_noise,2,0,4.0927
146,face,no_noise,3,1,1.5747
146,face,no_noise,2,1,4.2265
146,face,no_noise,2,0,2.5936
146,face,no_noise,2,1,1.3497
146,face,no_noise,3,1,2.4571
146,face,no_noise,3,0,0.4559
146,face,no_noise,1,1,2.8624
146,face,no_noise,2,1,1.5701
146,face,no_noise,3,0,3.9988
146,face,no_noise,2,1,2.1738
146,face,no_noise,1,0,1.711
146,face,no_noise,3,0,2.9414
146,face,no_noise,3,1,1.2135
146,face,no_noise,2,0,3.2762
146,face,no_noise,2,1,1.9692
146,face,no_noise,2,1,3.0759
146,face,no_noise,1,1,4.3001
146,face,no_noise,3,1,2.19
146,face,no_noise,2,0,3.067
146,face,no_noise,2,1,1.7832
146,face,no_noise,3,0,2.4225
146,face,no_noise,1,1,1.7023
146,face,no_noise,3,1,2.2688
146,face,noise,2,1,1.9437
146,face,noise,3,1,1.9219
146,face,noise,3,0,1.3592
146,face,noise,1,1,2.2927
146,face,noise,3,1,2.8591
146,face,noise,2,0,2.2789
146,face,noise,2,1,1.2602
146,face,noise,2,0,2.3201
146,face,noise,1,0,3.7807
146,face,noise,2,1,1.3763
146,face,noise,2,1,1.2387
146,face,noise,2,1,1.0131
146,face,noise,2,0,1.9746
146,face,noise,2,1,1.9543
146,face,noise,1,1,1.5063
146,face,noise,2,1,3.4265
146,face,noise,3,1,1.8606
146,face,noise,3,0,2.7193
146,face,noise,3,1,1.4537
146,face,noise,2,0,2.1026
146,face,noise,2,0,1.1635
146,face,noise,1,1,1.2606
146,face,noise,1,1,2.0863
146,face,noise,1,0,3.6912
146,car,no_noise,2,1,2.9132
146,car,no_noise,2,0,2.9847
146,car,no_noise,2,0,3.0392
146,car,no_noise,3,1,2.7907
146,car,no_noise,1,0,1.9814
146,car,no_noise,1,1,3.205
146,car,no_noise,3,1,4.6088
146,car,no_noise,1,1,2.255
146,car,no_noise,2,0,3.2335
146,car,no_noise,3,1,5.6951
146,car,no_noise,1,0,2.2603
146,car,no_noise,1,0,1.1062
146,car,no_noise,3,0,3.7555
146,car,no_noise,1,0,4.5495
146,car,no_noise,3,1,7.604
146,car,no_noise,3,0,7.2607
146,car,no_noise,2,0,2.4409
146,car,no_noise,2,0,4.9729
146,car,no_noise,2,1,4.3386
146,car,no_noise,1,1,2.486
146,car,no_noise,2,0,2.126
146,car,no_noise,2,0,2.5199
146,car,no_noise,3,1,3.5941
146,car,no_noise,3,0,6.8841
146,car,no_noise,3,0,4.7552
146,car,no_noise,3,1,3.0032
146,car,no_noise,2,1,8.7388
146,car,no_noise,2,1,4.7904
146,car,no_noise,3,0,1.854
146,car,no_noise,1,1,3.8894
146,car,noise,3,0,2.5924
146,car,noise,2,0,2.6112
146,car,noise,2,0,3.0719
146,car,noise,2,0,2.4618
146,car,noise,2,1,1.8839
146,car,noise,3,0,2.4513
146,car,noise,2,0,4.4371
146,car,noise,1,1,1.2144
146,car,noise,1,0,1.1736
146,car,noise,1,1,1.3403
146,car,noise,2,0,1.4141
146,car,noise,3,1,3.2786
146,car,noise,2,1,4.03
146,car,noise,1,0,1.0657
146,car,noise,3,1,1.7905
146,car,noise,2,1,2.5173
146,car,noise,2,1,1.8828
146,car,noise,2,1,1.8998
146,car,noise,1,0,0.9683
146,car,noise,1,0,4.0946
146,car,noise,3,1,1.7288
146,car,noise,1,0,1.5343
146,car,noise,1,1,1.1864
146,car,noise,2,0,1.4216
147,face,no_noise,1,1,2.7309
147,face,no_noise,2,1,3.1996000000000002
147,face,no_noise,3,0,2.8548
147,face,no_noise,2,0,2.8163
147,face,no_noise,1,0,2.8924
147,face,no_noise,2,1,2.263
147,face,no_noise,2,0,3.531
147,face,no_noise,3,1,3.3625
147,face,no_noise,2,1,2.7116
147,face,no_noise,3,1,2.2732
147,face,no_noise,1,0,4.7383
147,face,no_noise,3,1,2.4886
147,face,no_noise,3,0,2.4346
147,face,no_noise,1,1,2.0118
147,face,no_noise,2,1,3.0433
147,face,no_noise,3,0,2.0863
147,face,no_noise,2,1,2.6592
147,face,no_noise,2,1,2.4185
147,face,no_noise,3,0,3.088
147,face,no_noise,3,1,3.8276
147,face,no_noise,2,0,4.7901
147,face,no_noise,2,1,2.8249
147,face,no_noise,2,1,2.9206
147,face,no_noise,3,0,1.7565
147,face,no_noise,1,0,3.2601
147,face,no_noise,1,1,3.6849
147,face,no_noise,2,1,2.1344
147,face,no_noise,2,0,2.4097
147,face,no_noise,1,1,2.0172
147,face,no_noise,1,0,3.6039
147,face,noise,2,1,2.5845
147,face,noise,1,0,2.1767
147,face,noise,3,0,2.7871
147,face,noise,1,1,2.119
147,face,noise,3,1,1.7075
147,face,noise,3,0,3.0148
147,face,noise,3,0,2.3993
147,face,noise,2,0,2.1684
147,face,noise,2,1,2.1562
147,face,noise,2,1,1.3702
147,face,noise,3,0,2.511
147,face,noise,1,0,3.5507
147,face,noise,3,0,1.9049
147,face,noise,2,1,1.4652
147,face,noise,1,1,2.685
147,face,noise,3,0,2.1108
147,face,noise,3,1,1.4691
147,face,noise,3,0,3.9111
147,face,noise,3,1,1.1672
147,face,noise,3,0,2.1565
147,face,noise,1,1,2.504
147,face,noise,1,1,1.9066
147,face,noise,1,1,2.0355
147,face,noise,3,1,3.0325
147,car,no_noise,3,0,2.6885
147,car,no_noise,1,1,3.5105
147,car,no_noise,1,1,3.4522
147,car,no_noise,3,1,4.0335
147,car,no_noise,2,1,3.736
147,car,no_noise,3,0,1.9985
147,car,no_noise,1,0,3.7214
147,car,no_noise,3,0,2.1997
147,car,no_noise,1,1,2.1767
147,car,no_noise,3,1,2.41
147,car,no_noise,3,1,1.6714
147,car,no_noise,3,1,1.7637
147,car,no_noise,1,0,4.7053
147,car,no_noise,3,0,2.701
147,car,no_noise,3,1,2.1604
147,car,no_noise,2,1,2.6013
147,car,no_noise,1,1,2.457
147,car,no_noise,2,0,3.1552
147,car,no_noise,2,1,3.0028
147,car,no_noise,1,1,2.2098
147,car,no_noise,3,0,2.8839
147,car,no_noise,1,1,2.7311
147,car,no_noise,1,0,2.067
147,car,no_noise,2,1,3.7389
147,car,no_noise,2,1,1.5108
147,car,no_noise,2,0,2.0192
147,car,no_noise,3,0,2.0816
147,car,no_noise,2,1,3.2597
147,car,no_noise,1,1,1.8561
147,car,no_noise,1,1,2.3352
147,car,noise,1,0,2.6716
147,car,noise,3,1,1.7405
147,car,noise,3,1,3.0878
147,car,noise,2,0,2.1626
147,car,noise,2,1,3.9954
147,car,noise,2,1,2.4338
147,car,noise,1,1,4.102
147,car,noise,1,1,2.6253
147,car,noise,2,1,2.0295
147,car,noise,1,1,1.9149
147,car,noise,1,1,3.1721
147,car,noise,1,0,1.8271
147,car,noise,2,1,2.6957
147,car,noise,3,1,2.5555
147,car,noise,1,0,3.8405
147,car,noise,2,1,2.0528
147,car,noise,2,1,3.6511
147,car,noise,2,1,1.7689
147,car,noise,2,1,1.5062
147,car,noise,2,1,2.8913
147,car,noise,3,1,2.7625
147,car,noise,1,0,3.1242
147,car,noise,1,1,3.5129
147,car,noise,1,0,3.9215
149,car,no_noise,2,1,10.2815
149,car,no_noise,1,1,4.6649
149,car,no_noise,3,0,7.871
149,car,no_noise,2,0,5.9653
149,car,no_noise,1,0,6.1125
149,car,no_noise,1,1,4.3806
149,car,no_noise,3,1,4.3486
149,car,no_noise,1,1,3.3469
149,car,no_noise,1,1,5.6876
149,car,no_noise,1,0,6.5572
149,car,no_noise,1,0,4.0124
149,car,no_noise,3,1,3.1917
149,car,no_noise,3,0,6.6887
149,car,no_noise,2,1,2.6196
149,car,no_noise,3,1,4.672
149,car,no_noise,2,1,3.3142
149,car,no_noise,1,1,5.7971
149,car,no_noise,1,1,4.6892
149,car,no_noise,1,0,5.1746
149,car,no_noise,1,1,2.6344
149,car,no_noise,2,0,4.4632
149,car,no_noise,3,0,6.7624
149,car,no_noise,2,0,3.6652
149,car,no_noise,2,1,3.556
149,car,no_noise,3,0,4.005
149,car,no_noise,2,0,1.9948
149,car,no_noise,2,1,5.9459
149,car,no_noise,2,1,4.3567
149,car,no_noise,3,0,4.7062
149,car,no_noise,1,1,2.5818
149,car,noise,3,0,5.1913
149,car,noise,3,1,3.6427
149,car,noise,3,1,3.606
149,car,noise,2,0,3.2346
149,car,noise,2,1,3.7209
149,car,noise,1,0,3.6898
149,car,noise,3,0,4.0992
149,car,noise,1,1,3.7984
149,car,noise,1,0,4.2121
149,car,noise,1,1,1.785
149,car,noise,2,0,6.7113
149,car,noise,3,1,5.337
149,car,noise,2,1,4.3953
149,car,noise,1,0,3.275
149,car,noise,1,0,5.0625
149,car,noise,2,1,2.7893
149,car,noise,2,1,3.4375
149,car,noise,2,1,4.1308
149,car,noise,2,1,2.3833
149,car,noise,2,1,6.6951
149,car,noise,3,1,3.061
149,car,noise,3,1,4.8797
149,car,noise,1,1,2.7308
149,car,noise,3,1,5.3056
149,face,no_noise,1,1,3.3444
149,face,no_noise,2,1,2.7602
149,face,no_noise,1,1,3.6927
149,face,no_noise,3,1,3.8469
149,face,no_noise,3,1,2.0362
149,face,no_noise,3,0,4.9307
149,face,no_noise,1,1,3.0981
149,face,no_noise,3,1,1.713
149,face,no_noise,2,1,2.0298
149,face,no_noise,2,0,2.3489
149,face,no_noise,1,0,2.5649
149,face,no_noise,3,1,2.2652
149,face,no_noise,3,0,2.0832
149,face,no_noise,1,1,1.5325
149,face,no_noise,2,1,1.5507
149,face,no_noise,2,1,2.3992
149,face,no_noise,2,1,2.2665
149,face,no_noise,3,0,2.882
149,face,no_noise,3,0,2.3464
149,face,no_noise,3,1,1.7697
149,face,no_noise,1,1,2.6651
149,face,no_noise,2,1,2.9123
149,face,no_noise,2,1,3.1629
149,face,no_noise,2,0,2.5258
149,face,no_noise,3,1,2.8314
149,face,no_noise,1,1,2.5063
149,face,no_noise,2,1,2.2479
149,face,no_noise,1,1,2.9312
149,face,no_noise,1,1,1.2487
149,face,no_noise,3,1,2.2468
149,face,noise,2,1,2.9365
149,face,noise,3,1,1.532
149,face,noise,3,0,2.9329
149,face,noise,1,1,3.0996
149,face,noise,3,1,1.7996
149,face,noise,1,1,2.4909
149,face,noise,2,1,2.53
149,face,noise,1,1,2.8877
149,face,noise,1,0,2.8115
149,face,noise,2,1,2.3318
149,face,noise,2,1,3.4826
149,face,noise,3,0,3.713
149,face,noise,3,0,2.7303
149,face,noise,2,1,2.3308
149,face,noise,1,1,1.9672
149,face,noise,3,0,3.9148
149,face,noise,3,1,2.7367
149,face,noise,1,1,2.8964
149,face,noise,3,1,2.1283
149,face,noise,3,0,3.0817
149,face,noise,2,0,2.8326
149,face,noise,1,1,3.4769
149,face,noise,3,0,2.6107
149,face,noise,3,1,2.7338
150,face,no_noise,1,1,7.8828
150,face,no_noise,2,1,7.4198
150,face,no_noise,3,0,8.0329
150,face,no_noise,3,1,14.4382
150,face,no_noise,2,0,8.6646
150,face,no_noise,3,0,7.3077
150,face,no_noise,2,0,10.2848
150,face,no_noise,3,1,7.1751
150,face,no_noise,2,1,6.8996
150,face,no_noise,2,0,8.8603
150,face,no_noise,2,1,7.55
150,face,no_noise,3,1,8.1252
150,face,no_noise,3,0,11.8477
150,face,no_noise,1,1,7.9507
150,face,no_noise,3,0,9.4223
150,face,no_noise,2,1,9.6424
150,face,no_noise,2,1,6.3621
150,face,no_noise,1,0,6.0984
150,face,no_noise,1,1,9.681
150,face,no_noise,3,1,6.6841
150,face,no_noise,3,0,8.7691
150,face,no_noise,2,1,9.6017
150,face,no_noise,2,1,11.2217
150,face,no_noise,3,0,6.7607
150,face,no_noise,3,1,6.705
150,face,no_noise,2,0,9.1536
150,face,no_noise,1,0,11.1973
150,face,no_noise,2,0,12.3696
150,face,no_noise,1,1,10.061
150,face,no_noise,2,0,8.8344
150,face,noise,3,0,11.1464
150,face,noise,3,1,10.544
150,face,noise,1,1,12.1503
150,face,noise,1,1,10.7206
150,face,noise,3,1,11.2608
150,face,noise,2,0,11.4488
150,face,noise,3,0,11.9281
150,face,noise,1,1,10.6148
150,face,noise,2,1,12.7971
150,face,noise,1,0,186.1138
150,face,noise,2,1,99.4868
150,face,noise,1,0,12.0098
150,face,noise,1,1,9.1294
150,face,noise,2,1,10.4525
150,face,noise,3,0,12.5738
150,face,noise,3,0,9.1779
150,face,noise,3,1,7.6398
150,face,noise,2,0,11.5189
150,face,noise,3,1,9.8111
150,face,noise,2,0,15.4879
150,face,noise,2,0,8.8782
150,face,noise,1,1,8.8847
150,face,noise,1,1,18.5164
150,face,noise,2,0,8.9992
150,car,no_noise,2,1,8.0467
150,car,no_noise,2,0,6.152
150,car,no_noise,1,1,7.9007
150,car,no_noise,2,0,10.15
150,car,no_noise,2,1,7.21
150,car,no_noise,3,0,7.8171
150,car,no_noise,3,1,12.6829
150,car,no_noise,1,1,5.8542
150,car,no_noise,1,1,9.5535
150,car,no_noise,3,1,7.8382
150,car,no_noise,3,1,7.0861
150,car,no_noise,3,1,6.6664
150,car,no_noise,2,1,7.5318
150,car,no_noise,1,0,9.5321
150,car,no_noise,3,1,18.2518
150,car,no_noise,2,1,6.7579
150,car,no_noise,2,0,9.857
150,car,no_noise,2,0,4.6999
150,car,no_noise,2,1,6.1071
150,car,no_noise,3,0,6.7813
150,car,no_noise,1,1,8.6551
150,car,no_noise,1,1,6.419
150,car,no_noise,1,0,11.2402
150,car,no_noise,3,0,9.8359
150,car,no_noise,3,0,9.3244
150,car,no_noise,3,1,7.2901
150,car,no_noise,2,1,6.4016
150,car,no_noise,2,1,9.7584
150,car,no_noise,3,0,5.1863
150,car,no_noise,1,1,6.1499
150,car,noise,2,1,13.9735
150,car,noise,3,1,23.2098
150,car,noise,3,1,23.054
150,car,noise,1,1,17.5466
150,car,noise,3,0,21.3115
150,car,noise,2,1,12.5843
150,car,noise,1,1,10.651
150,car,noise,1,1,10.0508
150,car,noise,2,1,23.1795
150,car,noise,1,1,13.4252
150,car,noise,2,0,13.379
150,car,noise,3,1,10.5205
150,car,noise,2,1,13.9508
150,car,noise,1,0,6.674
150,car,noise,3,1,10.0995
150,car,noise,1,0,20.7788
150,car,noise,2,1,12.6312
150,car,noise,2,1,11.2856
150,car,noise,2,1,13.0416
150,car,noise,3,0,10.6713
150,car,noise,3,1,9.8704
150,car,noise,3,1,8.9203
150,car,noise,1,1,9.1283
150,car,noise,3,1,9.441
152,car,no_noise,1,0,3.7835
152,car,no_noise,1,1,3.0668
152,car,no_noise,1,1,2.4332
152,car,no_noise,3,1,3.9159
152,car,no_noise,1,0,2.2
152,car,no_noise,3,0,1.8672
152,car,no_noise,3,1,3.9498
152,car,no_noise,3,0,5.3499
152,car,no_noise,1,1,4.05
152,car,no_noise,2,0,1.7672
152,car,no_noise,1,0,2.4668
152,car,no_noise,3,1,2.0495
152,car,no_noise,3,0,2.8568
152,car,no_noise,2,1,10.9372
152,car,no_noise,3,1,1.342
152,car,no_noise,2,1,1.7216
152,car,no_noise,3,0,1.4388
152,car,no_noise,3,0,3.5465
152,car,no_noise,2,1,0.4465
152,car,no_noise,1,1,2.6472
152,car,no_noise,1,1,2.0167
152,car,no_noise,1,1,1.7508
152,car,no_noise,3,1,1.684
152,car,no_noise,2,1,3.2169
152,car,no_noise,2,1,1.8158
152,car,no_noise,3,1,2.5333
152,car,no_noise,2,1,2.0174
152,car,no_noise,2,1,1.4667
152,car,no_noise,3,0,1.1835
152,car,no_noise,1,1,1.1999
152,car,noise,3,0,3.9909
152,car,noise,1,0,2.2464
152,car,noise,3,1,3.8297
152,car,noise,1,1,2.7639
152,car,noise,3,0,4.0005
152,car,noise,2,1,2.3986
152,car,noise,3,0,2.5328
152,car,noise,1,1,2.7499
152,car,noise,2,1,1.8324
152,car,noise,3,0,2.719
152,car,noise,1,1,4.8842
152,car,noise,2,0,5.6833
152,car,noise,2,1,2.5455
152,car,noise,1,0,2.4501
152,car,noise,3,1,1.6498
152,car,noise,3,0,4.3606
152,car,noise,3,0,1.9312
152,car,noise,2,1,1.9668
152,car,noise,3,0,4.002
152,car,noise,3,0,1.9829
152,car,noise,1,0,1.9943
152,car,noise,1,0,2.084
152,car,noise,3,0,1.7825
152,car,noise,1,0,1.5522
152,face,no_noise,3,0,1.3341
152,face,no_noise,2,1,1.1172
152,face,no_noise,1,1,0.3343
152,face,no_noise,3,1,0.2516
152,face,no_noise,2,0,0.434
152,face,no_noise,3,0,0.2504
152,face,no_noise,1,1,0.2342
152,face,no_noise,3,1,0.2671
152,face,no_noise,2,1,0.817
152,face,no_noise,3,1,1.6646
152,face,no_noise,3,0,1.3505
152,face,no_noise,2,0,1.0502
152,face,no_noise,2,1,1.0002
152,face,no_noise,1,1,0.9497
152,face,no_noise,3,0,1.1837
152,face,no_noise,2,1,0.8177
152,face,no_noise,1,0,1.5332
152,face,no_noise,2,1,1.4833
152,face,no_noise,1,1,1.4992
152,face,no_noise,3,1,1.784
152,face,no_noise,2,0,1.2337
152,face,no_noise,3,0,1.0667
152,face,no_noise,3,0,1.8339
152,face,no_noise,3,0,1.7997
152,face,no_noise,3,1,1.7833
152,face,no_noise,2,0,2.0331
152,face,no_noise,3,0,3.8166
152,face,no_noise,2,0,0.9172
152,face,no_noise,1,1,0.667
152,face,no_noise,2,0,1.7164
152,face,noise,2,1,2.1192
152,face,noise,3,1,0.3838
152,face,noise,1,1,0.2838
152,face,noise,3,0,0.7009
152,face,noise,3,1,0.9339
152,face,noise,1,1,0.4339
152,face,noise,3,0,3.6006
152,face,noise,3,0,0.8671
152,face,noise,3,0,2.2836
152,face,noise,3,0,1.3005
152,face,noise,2,1,1.8
152,face,noise,3,0,1.6006
152,face,noise,1,1,0.9674
152,face,noise,3,0,1.2335
152,face,noise,1,1,2.3508
152,face,noise,3,0,0.9328
152,face,noise,2,0,1.2672
152,face,noise,1,1,1.1504
152,face,noise,3,1,0.95
152,face,noise,3,0,2.5336
152,face,noise,3,0,1.2508
152,face,noise,1,1,0.9344
152,face,noise,2,0,1.0174
152,face,noise,2,0,1.1837
153,face,no_noise,1,1,3.6359
153,face,no_noise,2,1,1.3613
153,face,no_noise,1,1,4.4477
153,face,no_noise,3,1,5.1641
153,face,no_noise,3,1,2.4953
153,face,no_noise,2,1,1.8625
153,face,no_noise,1,1,3.1622
153,face,no_noise,3,1,1.8949
153,face,no_noise,2,1,2.2313
153,face,no_noise,3,1,2.2793
153,face,no_noise,2,1,1.6452
153,face,no_noise,2,0,1.5131
153,face,no_noise,2,1,2.9289
153,face,no_noise,1,1,2.3639
153,face,no_noise,2,1,1.6805
153,face,no_noise,3,0,1.8974
153,face,no_noise,2,1,2.3617
153,face,no_noise,2,1,3.2998
153,face,no_noise,3,0,1.9903
153,face,no_noise,3,1,1.6149
153,face,no_noise,2,0,1.9313
153,face,no_noise,2,1,1.6685
153,face,no_noise,2,1,1.6863
153,face,no_noise,1,1,4.065
153,face,no_noise,1,0,3.9858
153,face,no_noise,1,1,2.3867
153,face,no_noise,2,1,1.9018
153,face,no_noise,1,1,3.4516
153,face,no_noise,1,1,2.0806
153,face,no_noise,3,1,2.385
153,face,noise,2,1,6.0376
153,face,noise,1,0,3.4232
153,face,noise,3,0,1.864
153,face,noise,1,1,2.2775
153,face,noise,3,1,1.831
153,face,noise,1,1,5.0115
153,face,noise,2,1,2.88
153,face,noise,1,1,3.7449
153,face,noise,1,0,5.4128
153,face,noise,2,1,2.1949
153,face,noise,1,0,2.7473
153,face,noise,2,1,2.6234
153,face,noise,2,0,3.5961
153,face,noise,2,1,2.518
153,face,noise,2,0,3.4286
153,face,noise,2,1,2.1452
153,face,noise,2,0,3.6952
153,face,noise,1,1,2.7466
153,face,noise,3,1,3.051
153,face,noise,2,0,2.6279
153,face,noise,3,0,3.5179
153,face,noise,2,0,4.3475
153,face,noise,1,1,2.8447
153,face,noise,3,1,4.209
153,car,no_noise,3,0,4.7644
153,car,no_noise,2,0,2.1371000000000002
153,car,no_noise,3,0,2.5393
153,car,no_noise,3,1,1.9606
153,car,no_noise,2,1,2.7868
153,car,no_noise,3,0,2.4205
153,car,no_noise,1,0,2.1378
153,car,no_noise,1,1,3.1877
153,car,no_noise,1,1,3.106
153,car,no_noise,1,0,4.6707
153,car,no_noise,1,0,2.1866
153,car,no_noise,1,0,2.7362
153,car,no_noise,2,1,2.0375
153,car,no_noise,3,0,5.0539
153,car,no_noise,3,1,3.4094
153,car,no_noise,3,0,5.3257
153,car,no_noise,1,1,3.8762
153,car,no_noise,1,1,5.3421
153,car,no_noise,2,1,4.243
153,car,no_noise,3,0,1.8201
153,car,no_noise,2,0,1.6423
153,car,no_noise,2,0,2.1394
153,car,no_noise,1,0,2.3371
153,car,no_noise,2,1,2.2872
153,car,no_noise,2,1,1.7202
153,car,no_noise,2,0,1.803
153,car,no_noise,2,1,1.6864
153,car,no_noise,2,1,4.1547
153,car,no_noise,3,0,1.4864
153,car,no_noise,1,1,2.9538
153,car,noise,2,1,1.9431
153,car,noise,3,1,3.9455
153,car,noise,3,1,3.426
153,car,noise,2,0,1.8694
153,car,noise,2,1,2.534
153,car,noise,2,1,1.5182
153,car,noise,3,0,3.8782
153,car,noise,1,1,1.847
153,car,noise,1,0,4.2768
153,car,noise,2,0,2.8
153,car,noise,2,0,1.6139
153,car,noise,3,1,1.4275
153,car,noise,2,1,3.5748
153,car,noise,1,0,3.1988
153,car,noise,3,1,2.669
153,car,noise,2,1,1.9325
153,car,noise,2,1,3.4634
153,car,noise,2,1,2.5259
153,car,noise,2,1,6.4475
153,car,noise,1,0,3.4667
153,car,noise,2,0,1.5483
153,car,noise,2,0,1.416
153,car,noise,2,0,3.1843
153,car,noise,3,1,5.4309
154,face,no_noise,1,1,2.7506
154,face,no_noise,2,1,2.5069
154,face,no_noise,1,1,1.7691
154,face,no_noise,3,1,3.4997
154,face,no_noise,3,1,3.5369
154,face,no_noise,2,1,2.2621000000000002
154,face,no_noise,2,0,4.7456
154,face,no_noise,3,1,1.842
154,face,no_noise,2,1,3.3004
154,face,no_noise,2,0,4.5534
154,face,no_noise,1,0,6.087
154,face,no_noise,3,1,1.883
154,face,no_noise,2,1,3.4233
154,face,no_noise,1,1,6.6078
154,face,no_noise,2,1,7.3321
154,face,no_noise,3,0,1.8501
154,face,no_noise,1,0,5.1154
154,face,no_noise,2,1,3.4498
154,face,no_noise,3,0,1.3781
154,face,no_noise,3,1,1.7289
154,face,no_noise,1,1,2.7003
154,face,no_noise,2,1,3.2216
154,face,no_noise,2,1,1.4527
154,face,no_noise,3,0,2.3058
154,face,no_noise,3,1,2.7162
154,face,no_noise,1,1,1.6681
154,face,no_noise,2,1,3.5149
154,face,no_noise,1,1,4.7999
154,face,no_noise,3,0,3.5378
154,face,no_noise,3,1,1.6997
154,face,noise,2,1,3.3409
154,face,noise,3,1,2.7178
154,face,noise,1,1,3.1556
154,face,noise,1,1,1.6553
154,face,noise,3,1,1.9707
154,face,noise,3,0,2.6885
154,face,noise,2,1,3.1858
154,face,noise,1,1,3.3003
154,face,noise,3,0,3.221
154,face,noise,2,1,2.7117
154,face,noise,2,1,3.754
154,face,noise,2,1,5.3216
154,face,noise,3,0,3.8381
154,face,noise,2,1,2.3089
154,face,noise,3,0,2.6257
154,face,noise,2,1,1.5245
154,face,noise,3,1,3.5257
154,face,noise,3,0,3.4359
154,face,noise,3,1,3.1824
154,face,noise,1,1,1.5596
154,face,noise,3,0,1.5515
154,face,noise,1,1,3.1088
154,face,noise,1,1,0.872
154,face,noise,2,0,3.1844
154,car,no_noise,2,1,2.5771
154,car,no_noise,1,1,5.1485
154,car,no_noise,1,1,5.1325
154,car,no_noise,3,1,4.3267
154,car,no_noise,2,1,6.6104
154,car,no_noise,1,1,4.2036
154,car,no_noise,3,1,4.7365
154,car,no_noise,1,1,3.6568
154,car,no_noise,1,1,3.2781
154,car,no_noise,3,1,6.4317
154,car,no_noise,1,0,2.416
154,car,no_noise,3,1,2.3891
154,car,no_noise,2,1,1.9036
154,car,no_noise,1,0,4.6014
154,car,no_noise,3,1,4.3996
154,car,no_noise,3,0,4.9772
154,car,no_noise,2,0,11.9221
154,car,no_noise,1,1,2.4891
154,car,no_noise,1,0,2.0621
154,car,no_noise,3,0,3.1683
154,car,no_noise,2,0,4.4426
154,car,no_noise,3,0,1.9739
154,car,no_noise,2,0,4.6278
154,car,no_noise,3,0,3.2172
154,car,no_noise,2,1,3.0657
154,car,no_noise,3,1,3.7667
154,car,no_noise,2,1,2.8853
154,car,no_noise,2,1,3.0025
154,car,no_noise,3,0,1.5168
154,car,no_noise,1,1,5.3172
154,car,noise,2,1,1.9013
154,car,noise,3,1,2.7332
154,car,noise,2,0,4.3822
154,car,noise,1,1,2.3526
154,car,noise,2,1,1.6343
154,car,noise,2,1,3.469
154,car,noise,3,0,1.7163
154,car,noise,1,1,0.884
154,car,noise,1,0,1.6505
154,car,noise,1,1,1.7832
154,car,noise,2,0,2.5286
154,car,noise,3,1,2.1826
154,car,noise,2,1,2.4789
154,car,noise,1,0,2.3363
154,car,noise,3,1,2.7335
154,car,noise,2,1,1.7174
154,car,noise,1,0,4.3998
154,car,noise,1,0,2.4567
154,car,noise,2,1,3.5689
154,car,noise,1,0,3.3663
154,car,noise,3,1,2.5614
154,car,noise,1,0,2.9171
154,car,noise,2,0,4.458
154,car,noise,3,1,2.1343
156,car,no_noise,1,0,11.1078
156,car,no_noise,2,0,3.0308
156,car,no_noise,3,0,3.363
156,car,no_noise,1,0,3.099
156,car,no_noise,2,1,1.8515
156,car,no_noise,3,0,2.7373
156,car,no_noise,3,1,3.8974
156,car,no_noise,1,1,3.697
156,car,no_noise,1,1,2.9155
156,car,no_noise,1,0,3.3974
156,car,no_noise,1,0,2.1899
156,car,no_noise,3,1,3.5356
156,car,no_noise,3,0,2.2867
156,car,no_noise,1,0,2.8496
156,car,no_noise,2,0,1.7516
156,car,no_noise,2,1,2.6199
156,car,no_noise,1,1,3.468
156,car,no_noise,1,1,3.1185
156,car,no_noise,2,1,1.7796
156,car,no_noise,3,0,3.4357
156,car,no_noise,3,0,2.6556
156,car,no_noise,1,1,2.8548
156,car,no_noise,2,0,2.6316
156,car,no_noise,2,1,2.4461
156,car,no_noise,1,0,1.8483
156,car,no_noise,2,0,1.6163
156,car,no_noise,2,1,1.7876
156,car,no_noise,1,0,2.0511
156,car,no_noise,2,0,2.47
156,car,no_noise,1,1,1.5832
156,car,noise,1,0,1.8532
156,car,noise,1,0,3.738
156,car,noise,3,1,2.6894
156,car,noise,2,0,2.5073
156,car,noise,3,0,3.1419
156,car,noise,2,1,2.3705
156,car,noise,1,1,3.4141
156,car,noise,1,1,0.9383
156,car,noise,2,1,2.1283
156,car,noise,1,1,2.5677
156,car,noise,1,1,1.8247
156,car,noise,2,0,1.8447
156,car,noise,2,1,1.3745
156,car,noise,2,0,3.0732
156,car,noise,1,0,2.4732
156,car,noise,2,1,1.8472
156,car,noise,2,1,1.6037
156,car,noise,2,1,1.4396
156,car,noise,2,1,2.5298
156,car,noise,2,1,2.6595
156,car,noise,1,0,2.01
156,car,noise,2,0,1.5747
156,car,noise,1,1,1.5456
156,car,noise,3,1,3.5578
156,face,no_noise,1,1,4.3308
156,face,no_noise,2,1,2.1875
156,face,no_noise,1,1,2.2393
156,face,no_noise,3,1,3.6712
156,face,no_noise,2,0,2.5577
156,face,no_noise,2,1,1.968
156,face,no_noise,1,1,2.719
156,face,no_noise,3,1,2.6852
156,face,no_noise,2,1,2.3517
156,face,no_noise,2,0,4.9085
156,face,no_noise,2,1,3.2355
156,face,no_noise,3,1,4.3193
156,face,no_noise,3,0,3.5526
156,face,no_noise,2,0,3.0855
156,face,no_noise,1,0,2.6018
156,face,no_noise,3,0,3.0516
156,face,no_noise,2,1,2.4179
156,face,no_noise,2,1,2.0877
156,face,no_noise,3,0,3.3262
156,face,no_noise,3,1,2.0852
156,face,no_noise,1,1,2.1682
156,face,no_noise,2,1,2.8362
156,face,no_noise,2,1,3.2349
156,face,no_noise,2,0,2.602
156,face,no_noise,3,1,3.022
156,face,no_noise,2,0,1.8512
156,face,no_noise,2,1,2.2549
156,face,no_noise,3,0,2.9853
156,face,no_noise,1,1,1.9688
156,face,no_noise,2,0,2.1521
156,face,noise,3,0,3.2192
156,face,noise,1,0,3.7728
156,face,noise,3,0,3.4902
156,face,noise,2,0,1.7509
156,face,noise,3,1,1.6747
156,face,noise,1,1,2.3851
156,face,noise,2,1,2.3411
156,face,noise,3,0,2.6077
156,face,noise,1,0,2.7539
156,face,noise,2,1,2.3013
156,face,noise,1,0,2.2187
156,face,noise,2,1,3.1419
156,face,noise,3,0,3.7523
156,face,noise,2,1,2.9019
156,face,noise,2,0,1.0889
156,face,noise,3,0,2.6744
156,face,noise,3,1,1.5188
156,face,noise,3,0,2.3895
156,face,noise,2,0,1.3844
156,face,noise,2,0,1.3855
156,face,noise,2,0,2.1013
156,face,noise,2,0,2.0419
156,face,noise,3,0,1.4847
156,face,noise,3,1,1.9038
157,car,no_noise,2,1,4.1199
157,car,no_noise,1,1,4.8998
157,car,no_noise,3,0,3.4479
157,car,no_noise,1,0,5.7369
157,car,no_noise,1,0,2.3062
157,car,no_noise,3,0,5.1114
157,car,no_noise,2,0,4.1975
157,car,no_noise,1,1,3.2906
157,car,no_noise,1,1,5.7499
157,car,no_noise,3,1,5.9848
157,car,no_noise,1,0,4.5936
157,car,no_noise,1,0,8.9533
157,car,no_noise,2,1,1.8217
157,car,no_noise,1,0,1.9916
157,car,no_noise,2,0,4.5181
157,car,no_noise,2,1,4.5475
157,car,no_noise,1,1,3.1005
157,car,no_noise,1,1,4.7029
157,car,no_noise,3,0,3.7851
157,car,no_noise,1,1,4.6841
157,car,no_noise,3,0,3.7829
157,car,no_noise,1,1,3.0744
157,car,no_noise,3,1,3.9414
157,car,no_noise,2,1,4.8815
157,car,no_noise,2,1,4.9312
157,car,no_noise,2,0,4.4938
157,car,no_noise,1,0,1.9736
157,car,no_noise,1,0,3.7909
157,car,no_noise,3,0,4.117
157,car,no_noise,1,1,3.1873
157,car,noise,2,1,3.9476
157,car,noise,3,1,3.3145
157,car,noise,3,1,3.0828
157,car,noise,2,0,3.7436
157,car,noise,2,1,4.5459
157,car,noise,3,0,1.7417
157,car,noise,1,1,3.9905
157,car,noise,1,1,3.1896
157,car,noise,2,1,3.6357
157,car,noise,1,1,4.4801
157,car,noise,2,0,15.254
157,car,noise,1,0,1.2632
157,car,noise,2,1,2.2358
157,car,noise,1,0,1.8583
157,car,noise,3,1,1.8706
157,car,noise,2,1,3.5353
157,car,noise,1,0,3.6696
157,car,noise,3,0,3.8391
157,car,noise,3,0,8.3866
157,car,noise,3,0,4.8316
157,car,noise,2,0,1.8496
157,car,noise,3,1,2.2558
157,car,noise,2,0,1.8323
157,car,noise,1,0,1.8844
157,face,no_noise,1,1,2.4851
157,face,no_noise,1,0,3.1563
157,face,no_noise,1,1,5.7857
157,face,no_noise,3,1,4.0336
157,face,no_noise,2,0,5.2192
157,face,no_noise,3,0,3.9339
157,face,no_noise,1,1,12.3028
157,face,no_noise,3,1,2.7338
157,face,no_noise,2,1,2.6842
157,face,no_noise,3,1,3.6162
157,face,no_noise,1,0,2.3007
157,face,no_noise,3,1,2.829
157,face,no_noise,3,0,2.7219
157,face,no_noise,2,0,2.618
157,face,no_noise,1,0,2.8016
157,face,no_noise,2,1,3.399
157,face,no_noise,3,0,9.3909
157,face,no_noise,1,0,1.4858
157,face,no_noise,1,1,4.2747
157,face,no_noise,3,1,1.8542
157,face,no_noise,3,0,4.3566
157,face,no_noise,2,1,5.7009
157,face,no_noise,1,0,4.0514
157,face,no_noise,3,0,2.4696
157,face,no_noise,3,1,2.0806
157,face,no_noise,2,0,1.63
157,face,no_noise,2,1,4.5056
157,face,no_noise,3,0,3.1535
157,face,no_noise,1,1,1.6006
157,face,no_noise,2,0,4.5709
157,face,noise,2,1,2.8589
157,face,noise,2,0,2.1508
157,face,noise,3,0,3.0025
157,face,noise,1,1,2.1551
157,face,noise,3,1,15.4516
157,face,noise,1,1,2.3467
157,face,noise,1,0,2.8388
157,face,noise,2,0,1.5895
157,face,noise,3,0,2.0913
157,face,noise,2,1,1.4678
157,face,noise,1,0,2.0182
157,face,noise,3,0,1.918
157,face,noise,3,0,3.1854
157,face,noise,2,1,2.2361
157,face,noise,2,0,2.485
157,face,noise,3,0,2.2193
157,face,noise,3,1,2.1022
157,face,noise,2,0,2.1365
157,face,noise,1,0,3.1246
157,face,noise,3,0,7.4171
157,face,noise,3,0,10.8514
157,face,noise,1,1,1.9678
157,face,noise,2,0,2.0353
157,face,noise,3,1,1.7016
158,car,no_noise,3,0,3.1782
158,car,no_noise,1,1,2.182
158,car,no_noise,3,0,2.663
158,car,no_noise,3,1,3.9729
158,car,no_noise,2,1,2.5814
158,car,no_noise,1,1,2.4511
158,car,no_noise,1,0,2.0857
158,car,no_noise,1,1,2.7998
158,car,no_noise,1,1,3.9185
158,car,no_noise,3,1,2.1829
158,car,no_noise,1,0,4.1009
158,car,no_noise,1,0,1.1616
158,car,no_noise,3,0,2.6973
158,car,no_noise,2,1,1.5212
158,car,no_noise,1,0,2.883
158,car,no_noise,2,1,2.9637
158,car,no_noise,2,0,2.2953
158,car,no_noise,1,1,4.4024
158,car,no_noise,2,1,2.5037
158,car,no_noise,3,0,2.5522
158,car,no_noise,2,0,2.3292
158,car,no_noise,2,0,2.1177
158,car,no_noise,2,0,2.0465
158,car,no_noise,3,0,2.4649
158,car,no_noise,2,1,1.8504
158,car,no_noise,3,1,2.9025
158,car,no_noise,3,0,3.2664
158,car,no_noise,2,1,2.6533
158,car,no_noise,3,0,0.9993
158,car,no_noise,2,0,2.5129
158,car,noise,1,0,3.2771
158,car,noise,3,1,3.3266
158,car,noise,2,0,2.2097
158,car,noise,1,1,2.0092
158,car,noise,2,1,1.0567
158,car,noise,2,1,2.0409
158,car,noise,3,0,2.2599
158,car,noise,3,0,1.9111
158,car,noise,2,1,1.4619
158,car,noise,2,0,3.3295
158,car,noise,2,0,3.1208
158,car,noise,1,0,3.7669
158,car,noise,1,0,3.5365
158,car,noise,1,0,3.3817
158,car,noise,3,1,1.9427
158,car,noise,1,0,4.3476
158,car,noise,1,0,1.9397
158,car,noise,2,1,3.39
158,car,noise,2,1,2.2505
158,car,noise,2,1,3.3498
158,car,noise,3,1,3.9153
158,car,noise,1,0,2.3266
158,car,noise,2,0,1.9596
158,car,noise,3,1,1.8438
158,face,no_noise,1,1,1.9459
158,face,no_noise,2,1,1.7289
158,face,no_noise,1,1,1.675
158,face,no_noise,3,1,1.7526
158,face,no_noise,3,1,4.477
158,face,no_noise,2,1,1.0667
158,face,no_noise,2,0,1.8343
158,face,no_noise,3,1,1.8701
158,face,no_noise,1,0,1.5271
158,face,no_noise,3,1,2.3697
158,face,no_noise,2,1,2.1593
158,face,no_noise,3,1,2.1188
158,face,no_noise,3,0,2.2782
158,face,no_noise,1,1,1.9288
158,face,no_noise,3,0,1.2414
158,face,no_noise,3,0,1.9114
158,face,no_noise,3,0,1.2835
158,face,no_noise,1,0,1.637
158,face,no_noise,3,0,3.7135
158,face,no_noise,1,0,1.1996
158,face,no_noise,2,0,1.0862
158,face,no_noise,1,0,1.7032
158,face,no_noise,3,0,0.5317
158,face,no_noise,3,0,1.1913
158,face,no_noise,1,0,1.2242
158,face,no_noise,2,0,0.9265
158,face,no_noise,2,1,1.7698
158,face,no_noise,3,0,1.6516
158,face,no_noise,3,0,1.4047
158,face,no_noise,2,0,1.334
158,face,noise,3,0,1.6633
158,face,noise,3,1,3.0541
158,face,noise,3,0,2.1751
158,face,noise,3,0,1.3348
158,face,noise,2,0,1.1908
158,face,noise,2,0,0.9514
158,face,noise,2,1,4.0478
158,face,noise,2,0,2.7596
158,face,noise,2,1,3.4059
158,face,noise,2,1,2.8072
158,face,noise,3,0,1.3334
158,face,noise,1,0,2.7562
158,face,noise,3,0,3.5784
158,face,noise,2,1,1.4354
158,face,noise,2,0,0.7702
158,face,noise,1,0,1.5713
158,face,noise,3,1,1.567
158,face,noise,1,1,1.5175
158,face,noise,2,0,1.636
158,face,noise,2,0,1.6902
158,face,noise,1,1,3.4768
158,face,noise,2,0,2.6914
158,face,noise,3,0,4.459
158,face,noise,3,1,4.746
160,face,no_noise,3,0,3.6806
160,face,no_noise,2,1,2.1678
160,face,no_noise,1,1,2.7008
160,face,no_noise,2,0,2.1372
160,face,no_noise,1,0,2.2678
160,face,no_noise,2,1,2.1402
160,face,no_noise,1,1,1.9348
160,face,no_noise,2,0,3.2664
160,face,no_noise,1,0,2.0365
160,face,no_noise,3,1,1.8048
160,face,no_noise,2,1,1.6892
160,face,no_noise,3,1,1.972
160,face,no_noise,2,1,2.1137
160,face,no_noise,1,1,1.9786
160,face,no_noise,3,0,1.9481
160,face,no_noise,3,0,1.9827
160,face,no_noise,1,0,2.4218
160,face,no_noise,1,0,1.7238
160,face,no_noise,3,0,2.0521
160,face,no_noise,3,1,1.9132
160,face,no_noise,2,0,2.4858
160,face,no_noise,1,0,1.7313
160,face,no_noise,3,0,2.0556
160,face,no_noise,3,0,3.5383
160,face,no_noise,1,0,2.1477
160,face,no_noise,1,1,1.6319
160,face,no_noise,2,1,1.5477
160,face,no_noise,3,0,2.5628
160,face,no_noise,1,1,1.9352
160,face,no_noise,2,0,2.0085
160,face,noise,2,1,1.9371
160,face,noise,3,1,1.7498
160,face,noise,1,1,1.9031
160,face,noise,1,1,1.5071
160,face,noise,3,1,1.6696
160,face,noise,1,1,2.2421
160,face,noise,2,1,2.2708
160,face,noise,2,0,2.044
160,face,noise,1,0,1.9221
160,face,noise,2,1,1.9746
160,face,noise,3,0,1.7393
160,face,noise,3,0,2.3014
160,face,noise,2,0,1.8362
160,face,noise,2,1,1.1933
160,face,noise,1,1,1.1532
160,face,noise,3,0,2.3993
160,face,noise,3,1,1.6887
160,face,noise,1,1,1.6034
160,face,noise,1,0,2.6962
160,face,noise,1,1,1.2051
160,face,noise,2,0,3.1811
160,face,noise,1,1,1.9189
160,face,noise,2,0,2.7621000000000002
160,face,noise,1,0,2.7877
160,car,no_noise,2,1,3.6878
160,car,no_noise,3,0,2.9746
160,car,no_noise,1,1,1.8952
160,car,no_noise,1,0,1.5695
160,car,no_noise,1,0,1.0118
160,car,no_noise,3,0,2.8483
160,car,no_noise,2,0,3.4649
160,car,no_noise,1,1,1.7671
160,car,no_noise,1,1,1.8284
160,car,no_noise,2,0,1.9146
160,car,no_noise,1,0,1.9154
160,car,no_noise,3,1,3.0759
160,car,no_noise,2,1,2.8137
160,car,no_noise,1,0,3.5139
160,car,no_noise,3,1,6.4158
160,car,no_noise,2,1,6.0617
160,car,no_noise,2,0,2.9439
160,car,no_noise,3,0,2.901
160,car,no_noise,3,0,3.4433
160,car,no_noise,3,0,3.916
160,car,no_noise,1,1,1.7696
160,car,no_noise,2,0,3.2165
160,car,no_noise,1,0,2.8667
160,car,no_noise,2,1,3.5774
160,car,no_noise,1,0,3.8452
160,car,no_noise,2,0,1.8799
160,car,no_noise,1,0,4.551
160,car,no_noise,3,0,3.0999
160,car,no_noise,1,1,1.7509
160,car,no_noise,2,0,2.0182
160,car,noise,1,0,2.0635
160,car,noise,3,1,2.5929
160,car,noise,3,1,2.8356
160,car,noise,2,0,1.9591
160,car,noise,2,1,2.9813
160,car,noise,1,0,1.597
160,car,noise,3,0,2.2459
160,car,noise,3,0,2.4841
160,car,noise,1,0,2.2488
160,car,noise,2,0,3.3101
160,car,noise,1,1,2.2634
160,car,noise,3,1,2.4571
160,car,noise,2,1,1.9839
160,car,noise,1,0,2.0811
160,car,noise,2,0,1.329
160,car,noise,3,0,2.6405
160,car,noise,2,1,2.3599
160,car,noise,3,0,1.8196
160,car,noise,2,1,2.2129
160,car,noise,1,0,2.3275
160,car,noise,2,0,2.0881
160,car,noise,2,0,2.3749
160,car,noise,3,0,1.7923
160,car,noise,1,0,2.1493
161,car,no_noise,3,0,5.545
161,car,no_noise,2,0,4.5555
161,car,no_noise,3,0,3.6522
161,car,no_noise,2,0,2.4563
161,car,no_noise,1,0,2.4833
161,car,no_noise,3,0,3.06
161,car,no_noise,1,0,4.1953
161,car,no_noise,1,1,3.4619
161,car,no_noise,1,1,3.7696
161,car,no_noise,3,1,3.3366
161,car,no_noise,3,1,2.6197
161,car,no_noise,3,1,3.1877
161,car,no_noise,1,0,6.4843
161,car,no_noise,2,1,2.1165
161,car,no_noise,3,1,5.6494
161,car,no_noise,2,1,5.7386
161,car,no_noise,3,0,3.8193
161,car,no_noise,1,1,2.8073
161,car,no_noise,2,1,4.8045
161,car,no_noise,1,1,5.0814
161,car,no_noise,2,0,8.591
161,car,no_noise,3,0,4.689
161,car,no_noise,2,0,6.4523
161,car,no_noise,2,1,2.315
161,car,no_noise,3,0,6.1498
161,car,no_noise,1,0,5.2432
161,car,no_noise,1,0,6.6519
161,car,no_noise,1,0,8.0196
161,car,no_noise,3,0,3.3038
161,car,no_noise,1,1,5.1441
161,car,noise,1,0,6.7533
161,car,noise,3,1,5.0509
161,car,noise,2,0,4.0345
161,car,noise,2,0,3.0481
161,car,noise,2,1,4.1494
161,car,noise,1,0,5.6931
161,car,noise,3,0,7.0814
161,car,noise,1,1,2.7657
161,car,noise,2,1,3.8663
161,car,noise,1,1,4.7535
161,car,noise,2,0,5.9508
161,car,noise,3,1,6.0818
161,car,noise,2,1,5.4538
161,car,noise,1,0,2.737
161,car,noise,2,0,10.916
161,car,noise,2,1,4.696
161,car,noise,2,1,3.4909
161,car,noise,2,1,4.9364
161,car,noise,1,0,3.3177
161,car,noise,3,0,5.252
161,car,noise,3,1,4.5262
161,car,noise,3,1,4.2054
161,car,noise,3,0,5.1554
161,car,noise,3,1,3.288
161,face,no_noise,1,1,2.8827
161,face,no_noise,1,0,2.8291
161,face,no_noise,1,1,2.8187
161,face,no_noise,2,0,1.7742
161,face,no_noise,3,1,3.8978
161,face,no_noise,2,1,2.2375
161,face,no_noise,1,1,2.2722
161,face,no_noise,3,1,5.2804
161,face,no_noise,2,1,1.449
161,face,no_noise,2,0,3.5005
161,face,no_noise,2,1,2.3495
161,face,no_noise,1,0,3.1657
161,face,no_noise,3,0,5.4266
161,face,no_noise,1,1,3.9386
161,face,no_noise,2,1,4.9269
161,face,no_noise,2,1,2.0357
161,face,no_noise,2,1,2.8718
161,face,no_noise,2,1,5.156
161,face,no_noise,3,0,3.1202
161,face,no_noise,3,1,2.3711
161,face,no_noise,1,1,2.437
161,face,no_noise,2,1,1.9698
161,face,no_noise,2,1,4.6382
161,face,no_noise,1,1,3.0731
161,face,no_noise,3,1,2.998
161,face,no_noise,1,1,3.6964
161,face,no_noise,3,0,3.0551
161,face,no_noise,1,1,4.5899
161,face,no_noise,1,1,3.0431
161,face,no_noise,3,1,7.3544
161,face,noise,2,1,5.648
161,face,noise,3,1,1.9878
161,face,noise,1,1,2.4544
161,face,noise,1,1,1.672
161,face,noise,3,1,2.8019
161,face,noise,1,1,1.8392
161,face,noise,1,0,5.8017
161,face,noise,1,1,1.6631
161,face,noise,2,1,2.951
161,face,noise,3,0,3.813
161,face,noise,2,1,1.4
161,face,noise,3,0,5.2129
161,face,noise,1,1,2.017
161,face,noise,1,0,2.2564
161,face,noise,1,1,2.8264
161,face,noise,2,1,2.8618
161,face,noise,3,1,3.3248
161,face,noise,1,1,3.4651
161,face,noise,2,0,2.3963
161,face,noise,1,1,1.9655
161,face,noise,1,1,3.4907
161,face,noise,2,0,2.6822
161,face,noise,1,1,2.6518
161,face,noise,2,0,2.344
162,face,no_noise,1,1,2.9445
162,face,no_noise,3,0,3.1829
162,face,no_noise,2,0,2.6501
162,face,no_noise,1,0,2.5882
162,face,no_noise,2,0,2.7168
162,face,no_noise,2,1,1.2194
162,face,no_noise,2,0,2.3221
162,face,no_noise,1,0,1.3985
162,face,no_noise,1,0,2.2408
162,face,no_noise,3,1,1.6168
162,face,no_noise,1,0,1.8878
162,face,no_noise,2,0,2.1582
162,face,no_noise,2,1,1.5975
162,face,no_noise,1,1,1.8979
162,face,no_noise,1,0,2.059
162,face,no_noise,2,1,1.5979
162,face,no_noise,3,0,1.2147
162,face,no_noise,2,1,2.2895
162,face,no_noise,1,1,1.3332
162,face,no_noise,3,1,1.1136
162,face,no_noise,3,0,1.3884
162,face,no_noise,2,1,3.2058
162,face,no_noise,2,1,2.8661
162,face,no_noise,2,0,2.9972
162,face,no_noise,1,0,2.2992
162,face,no_noise,1,1,3.2144
162,face,no_noise,2,1,1.6991
162,face,no_noise,2,0,1.0583
162,face,no_noise,1,1,1.1496
162,face,no_noise,2,0,1.3318
162,face,noise,2,1,2.4494
162,face,noise,2,0,1.0507
162,face,noise,1,1,1.4928
162,face,noise,1,1,0.9154
162,face,noise,3,1,1.2053
162,face,noise,2,0,1.4831
162,face,noise,2,1,0.9805
162,face,noise,1,1,2.1321
162,face,noise,1,0,1.1227
162,face,noise,2,1,1.5913
162,face,noise,2,1,1.6063
162,face,noise,3,0,1.2648
162,face,noise,2,0,1.9051
162,face,noise,2,1,1.7657
162,face,noise,1,1,1.097
162,face,noise,3,0,2.275
162,face,noise,2,0,1.6012
162,face,noise,3,0,0.9733
162,face,noise,3,1,1.1146
162,face,noise,1,1,1.5654
162,face,noise,1,1,1.3049
162,face,noise,1,1,0.834
162,face,noise,3,0,1.5578
162,face,noise,3,1,0.9971
162,car,no_noise,2,1,2.3673
162,car,no_noise,1,1,1.8263
162,car,no_noise,1,1,1.5433
162,car,no_noise,2,0,1.6837
162,car,no_noise,2,1,1.712
162,car,no_noise,3,0,1.7184
162,car,no_noise,1,0,1.1117
162,car,no_noise,3,0,1.6778
162,car,no_noise,2,0,2.9344
162,car,no_noise,1,0,1.0076
162,car,no_noise,1,0,1.2903
162,car,no_noise,3,1,1.861
162,car,no_noise,3,0,1.9663
162,car,no_noise,2,1,2.061
162,car,no_noise,1,0,2.4319
162,car,no_noise,3,0,2.8846
162,car,no_noise,3,0,2.5121000000000002
162,car,no_noise,2,0,1.9953
162,car,no_noise,2,1,1.5119
162,car,no_noise,3,0,2.3262
162,car,no_noise,1,1,1.0924
162,car,no_noise,1,1,1.6995
162,car,no_noise,3,1,1.808
162,car,no_noise,1,0,2.1608
162,car,no_noise,2,1,2.5919
162,car,no_noise,3,1,1.2156
162,car,no_noise,1,0,1.4239
162,car,no_noise,2,1,1.9566
162,car,no_noise,3,0,1.48
162,car,no_noise,1,1,1.8474
162,car,noise,1,0,2.4114
162,car,noise,3,1,1.6227
162,car,noise,2,0,1.9529
162,car,noise,2,0,1.6748
162,car,noise,2,1,0.9089
162,car,noise,1,0,2.4467
162,car,noise,3,0,1.9076
162,car,noise,1,1,1.5476
162,car,noise,1,0,1.8408
162,car,noise,1,1,2.5168
162,car,noise,1,1,2.1558
162,car,noise,2,0,1.8588
162,car,noise,2,1,0.985
162,car,noise,1,0,0.9938
162,car,noise,2,0,1.4396
162,car,noise,3,0,2.869
162,car,noise,1,0,1.0612
162,car,noise,1,0,0.8005
162,car,noise,2,1,2.7848
162,car,noise,2,1,2.1904
162,car,noise,3,1,2.0338
162,car,noise,3,1,2.539
162,car,noise,3,0,2.0508
162,car,noise,3,1,1.4757
163,car,no_noise,2,1,2.484
163,car,no_noise,2,0,3.2364
163,car,no_noise,1,1,2.5836
163,car,no_noise,2,0,1.6179
163,car,no_noise,1,0,3.7508
163,car,no_noise,3,0,1.7473
163,car,no_noise,2,0,1.4761
163,car,no_noise,1,1,1.5696
163,car,no_noise,1,1,1.9877
163,car,no_noise,3,1,2.466
163,car,no_noise,3,1,1.5047
163,car,no_noise,3,1,2.3342
163,car,no_noise,2,1,1.6676
163,car,no_noise,1,0,1.9434
163,car,no_noise,3,1,1.6839
163,car,no_noise,2,1,3.5836
163,car,no_noise,3,0,1.9834
163,car,no_noise,3,0,1.4345
163,car,no_noise,1,0,1.5863
163,car,no_noise,3,0,2.7844
163,car,no_noise,1,1,2.4504
163,car,no_noise,1,1,1.3154
163,car,no_noise,2,0,1.1306
163,car,no_noise,1,0,1.3854
163,car,no_noise,3,0,1.6318
163,car,no_noise,3,1,1.4679
163,car,no_noise,1,0,1.6823
163,car,no_noise,3,0,2.7703
163,car,no_noise,3,0,1.6016
163,car,no_noise,1,1,3.0058
163,car,noise,2,1,1.5933
163,car,noise,1,0,2.0288
163,car,noise,3,1,3.3794
163,car,noise,1,1,1.8294
163,car,noise,2,1,1.9481
163,car,noise,2,1,1.3585
163,car,noise,3,0,1.6503
163,car,noise,1,1,2.3009
163,car,noise,1,0,1.2517
163,car,noise,1,1,2.4268
163,car,noise,2,0,1.2597
163,car,noise,3,1,1.2682
163,car,noise,2,1,1.684
163,car,noise,1,0,1.8305
163,car,noise,2,0,1.5497
163,car,noise,2,1,2.1831
163,car,noise,2,1,2.5773
163,car,noise,2,1,3.3925
163,car,noise,1,0,1.7623
163,car,noise,3,0,2.777
163,car,noise,3,1,2.2734
163,car,noise,2,0,2.3679
163,car,noise,1,1,2.5341
163,car,noise,2,0,1.2602
163,face,no_noise,1,1,1.3712
163,face,no_noise,2,1,1.0182
163,face,no_noise,1,1,1.4248
163,face,no_noise,2,0,2.184
163,face,no_noise,2,0,13.2013
163,face,no_noise,2,1,2.2834
163,face,no_noise,3,0,1.3521
163,face,no_noise,1,0,1.2845
163,face,no_noise,2,1,1.0683
163,face,no_noise,2,0,2.5506
163,face,no_noise,2,1,1.4183
163,face,no_noise,3,1,1.8675
163,face,no_noise,2,1,1.0839
163,face,no_noise,2,0,1.9332
163,face,no_noise,1,0,1.5003
163,face,no_noise,3,0,1.7344
163,face,no_noise,3,0,1.4189
163,face,no_noise,3,0,2.9826
163,face,no_noise,2,0,1.8999
163,face,no_noise,1,0,1.2175
163,face,no_noise,2,0,0.9676
163,face,no_noise,3,0,2.4342
163,face,no_noise,2,1,1.6349
163,face,no_noise,3,0,1.2167
163,face,no_noise,3,1,1.334
163,face,no_noise,1,1,1.9171
163,face,no_noise,2,1,1.5572
163,face,no_noise,1,1,1.9343
163,face,no_noise,2,0,1.3844
163,face,no_noise,1,0,1.9008
163,face,noise,1,0,1.8172
163,face,noise,3,1,1.6519
163,face,noise,2,0,0.7335
163,face,noise,2,0,1.0836
163,face,noise,1,0,1.2333
163,face,noise,3,0,1.4179
163,face,noise,2,1,1.6851
163,face,noise,3,0,1.1345
163,face,noise,1,0,1.4672
163,face,noise,3,0,1.5511
163,face,noise,2,1,0.517
163,face,noise,2,1,0.9506
163,face,noise,3,0,0.951
163,face,noise,2,1,1.0677
163,face,noise,1,1,1.6838
163,face,noise,3,0,1.567
163,face,noise,1,0,1.3837
163,face,noise,2,0,0.8501
163,face,noise,2,0,1.1176
163,face,noise,2,0,0.7677
163,face,noise,1,1,0.6177
163,face,noise,3,0,0.9007
163,face,noise,3,0,0.7335
163,face,noise,2,0,0.5508
165,face,no_noise,1,1,5.0687
165,face,no_noise,2,1,3.8419
165,face,no_noise,1,1,7.9818
165,face,no_noise,3,1,3.7765
165,face,no_noise,3,1,2.0837
165,face,no_noise,2,1,3.0053
165,face,no_noise,2,0,3.6879
165,face,no_noise,3,1,4.4292
165,face,no_noise,2,1,1.9225
165,face,no_noise,3,1,3.1339
165,face,no_noise,2,1,3.1172
165,face,no_noise,3,1,4.2806
165,face,no_noise,2,1,6.534
165,face,no_noise,1,1,6.1479
165,face,no_noise,3,0,7.7274
165,face,no_noise,3,0,4.2793
165,face,no_noise,2,1,1.8259
165,face,no_noise,2,1,5.1627
165,face,no_noise,3,0,3.6745
165,face,no_noise,3,1,2.4577
165,face,no_noise,1,1,2.3736
165,face,no_noise,2,1,5.8703
165,face,no_noise,2,1,3.0817
165,face,no_noise,1,1,2.4862
165,face,no_noise,3,1,2.2017
165,face,no_noise,1,1,2.4107
165,face,no_noise,2,1,3.0944
165,face,no_noise,1,1,9.0487
165,face,no_noise,1,1,2.5625
165,face,no_noise,3,1,1.8164
165,face,noise,2,1,6.2071
165,face,noise,3,1,3.6531
165,face,noise,3,0,8.6777
165,face,noise,1,1,9.2833
165,face,noise,3,1,5.6103
165,face,noise,1,1,7.716
165,face,noise,2,1,3.5659
165,face,noise,1,1,8.2023
165,face,noise,1,0,7.1876
165,face,noise,1,0,4.182
165,face,noise,3,0,5.5422
165,face,noise,2,1,6.1575
165,face,noise,1,1,2.7288
165,face,noise,2,1,4.3404
165,face,noise,1,1,4.2503
165,face,noise,2,1,2.2676
165,face,noise,3,1,3.3723
165,face,noise,2,0,2.7938
165,face,noise,1,0,5.6818
165,face,noise,2,0,5.6696
165,face,noise,1,1,5.1123
165,face,noise,1,1,11.342
165,face,noise,1,1,3.5962
165,face,noise,2,0,12.7278
165,car,no_noise,2,1,18.6119
165,car,no_noise,1,1,7.478
165,car,no_noise,3,0,12.0433
165,car,no_noise,3,1,10.2494
165,car,no_noise,2,1,40.823
165,car,no_noise,1,1,8.8293
165,car,no_noise,1,0,8.7005
165,car,no_noise,1,1,6.6269
165,car,no_noise,1,1,12.0319
165,car,no_noise,2,0,15.6738
165,car,no_noise,1,0,3.8735
165,car,no_noise,3,1,8.3225
165,car,no_noise,2,1,11.8931
165,car,no_noise,3,0,13.1124
165,car,no_noise,1,0,14.3762
165,car,no_noise,3,0,8.8445
165,car,no_noise,3,0,13.1899
165,car,no_noise,1,1,5.7908
165,car,no_noise,2,1,11.6836
165,car,no_noise,3,0,2.608
165,car,no_noise,3,0,7.9156
165,car,no_noise,3,0,17.695
165,car,no_noise,3,1,11.4816
165,car,no_noise,2,1,9.028
165,car,no_noise,2,1,10.6788
165,car,no_noise,3,1,11.3663
165,car,no_noise,2,1,11.089
165,car,no_noise,2,1,6.2678
165,car,no_noise,3,0,6.1055
165,car,no_noise,2,0,21.0353
165,car,noise,2,1,38.2345
165,car,noise,3,1,9.5416
165,car,noise,2,0,7.1599
165,car,noise,1,1,9.6603
165,car,noise,2,1,17.4345
165,car,noise,2,1,10.0755
165,car,noise,3,0,11.7316
165,car,noise,1,1,12.2575
165,car,noise,2,1,9.2141
165,car,noise,1,1,11.0355
165,car,noise,1,1,6.8158
165,car,noise,3,1,5.5712
165,car,noise,2,1,3.9053
165,car,noise,3,1,11.2606
165,car,noise,3,1,10.3059
165,car,noise,2,1,10.7941
165,car,noise,2,1,6.4497
165,car,noise,2,1,6.0609
165,car,noise,2,1,9.9472
165,car,noise,3,0,9.3906
165,car,noise,3,1,6.0566
165,car,noise,1,0,8.185
165,car,noise,1,1,12.7183
165,car,noise,1,0,7.6791
166,car,no_noise,3,0,3.4392
166,car,no_noise,1,1,3.6622
166,car,no_noise,3,0,3.0171
166,car,no_noise,3,1,2.9175
166,car,no_noise,1,0,1.6796
166,car,no_noise,3,0,2.5295
166,car,no_noise,1,0,3.0642
166,car,no_noise,3,0,2.5632
166,car,no_noise,1,1,2.7269
166,car,no_noise,3,1,2.2633
166,car,no_noise,3,1,2.5465
166,car,no_noise,3,1,1.6128
166,car,no_noise,1,0,3.5079
166,car,no_noise,2,1,3.196
166,car,no_noise,3,1,5.6029
166,car,no_noise,2,1,3.0393
166,car,no_noise,1,1,2.2131
166,car,no_noise,1,1,3.9811
166,car,no_noise,3,0,2.3796
166,car,no_noise,3,0,1.6652
166,car,no_noise,3,0,1.663
166,car,no_noise,1,1,1.7999
166,car,no_noise,3,1,2.0723
166,car,no_noise,1,0,2.1643
166,car,no_noise,2,1,2.7271
166,car,no_noise,2,0,3.2426
166,car,no_noise,1,0,2.3393
166,car,no_noise,3,0,2.4278
166,car,no_noise,3,0,2.0676
166,car,no_noise,1,1,1.8014
166,car,noise,2,1,2.1055
166,car,noise,3,1,1.4211
166,car,noise,3,1,1.7019
166,car,noise,2,0,1.7873000000000001
166,car,noise,2,1,2.9386
166,car,noise,2,1,2.3072
166,car,noise,1,1,2.7407
166,car,noise,1,1,1.2083
166,car,noise,1,0,2.4876
166,car,noise,1,1,1.6734
166,car,noise,1,1,1.7752
166,car,noise,3,1,1.6127
166,car,noise,2,1,2.0742
166,car,noise,3,1,2.345
166,car,noise,1,0,2.9058
166,car,noise,2,1,2.206
166,car,noise,1,0,2.3835
166,car,noise,2,1,1.6386
166,car,noise,3,0,2.2835
166,car,noise,2,1,2.0943
166,car,noise,1,0,2.2519
166,car,noise,1,0,1.5771
166,car,noise,3,0,1.6897
166,car,noise,3,1,3.3976
166,face,no_noise,1,1,1.4683
166,face,no_noise,2,1,2.0381
166,face,no_noise,1,1,1.5008
166,face,no_noise,3,1,1.7614
166,face,no_noise,2,0,2.5012
166,face,no_noise,2,1,1.629
166,face,no_noise,1,1,1.9335
166,face,no_noise,2,0,1.572
166,face,no_noise,1,0,2.5882
166,face,no_noise,3,1,1.8885
166,face,no_noise,3,0,2.0216
166,face,no_noise,3,1,1.8167
166,face,no_noise,2,1,1.4602
166,face,no_noise,1,1,3.6665
166,face,no_noise,2,1,1.1834
166,face,no_noise,1,0,2.882
166,face,no_noise,3,0,3.6214
166,face,no_noise,1,0,4.0224
166,face,no_noise,3,0,3.6001
166,face,no_noise,3,1,4.0011
166,face,no_noise,2,0,4.0004
166,face,no_noise,2,1,1.1967
166,face,no_noise,2,1,2.5198
166,face,no_noise,3,0,2.1181
166,face,no_noise,3,1,2.667
166,face,no_noise,1,1,2.6227
166,face,no_noise,2,1,1.3669
166,face,no_noise,3,0,2.6768
166,face,no_noise,2,0,1.9345
166,face,no_noise,3,1,1.983
166,face,noise,2,1,1.4381
166,face,noise,2,0,2.1174
166,face,noise,3,0,2.5269
166,face,noise,1,1,2.1907
166,face,noise,3,1,1.7267
166,face,noise,1,1,2.3064
166,face,noise,2,1,3.3172
166,face,noise,3,0,2.2845
166,face,noise,3,0,2.1509
166,face,noise,2,1,1.3395
166,face,noise,1,0,2.6006
166,face,noise,1,0,2.7557
166,face,noise,2,0,2.1797
166,face,noise,3,0,2.232
166,face,noise,1,1,1.5836
166,face,noise,3,0,1.7532
166,face,noise,1,0,2.2383
166,face,noise,3,0,2.8876
166,face,noise,3,1,1.6229
166,face,noise,3,0,2.6189
166,face,noise,3,0,2.1505
166,face,noise,1,1,1.2704
166,face,noise,1,1,2.2342
166,face,noise,2,0,2.4639
167,face,no_noise,1,1,3.7399
167,face,no_noise,2,1,3.6197
167,face,no_noise,1,1,4.4631
167,face,no_noise,3,1,2.2122
167,face,no_noise,2,0,2.8627
167,face,no_noise,2,1,1.135
167,face,no_noise,1,1,2.5906
167,face,no_noise,3,1,2.7791
167,face,no_noise,2,1,1.6975
167,face,no_noise,3,1,1.9802
167,face,no_noise,2,1,2.8464
167,face,no_noise,2,0,1.0634
167,face,no_noise,3,0,1.7702
167,face,no_noise,1,1,1.7304
167,face,no_noise,2,1,2.4793
167,face,no_noise,3,0,3.1288
167,face,no_noise,2,1,1.5455
167,face,no_noise,2,1,0.9638
167,face,no_noise,3,0,2.0628
167,face,no_noise,3,1,0.9791
167,face,no_noise,2,0,2.0622
167,face,no_noise,2,1,1.3227
167,face,no_noise,1,0,2.0805
167,face,no_noise,1,1,1.1581
167,face,no_noise,3,1,2.1302
167,face,no_noise,1,1,2.1128
167,face,no_noise,2,1,1.7972
167,face,no_noise,1,1,1.9466
167,face,no_noise,1,1,2.2686
167,face,no_noise,3,1,2.379
167,face,noise,2,1,4.1726
167,face,noise,3,1,2.3945
167,face,noise,1,1,2.8792
167,face,noise,2,0,1.8622
167,face,noise,3,1,0.8949
167,face,noise,1,1,2.2466
167,face,noise,3,0,3.4345
167,face,noise,2,0,1.4787
167,face,noise,2,1,3.8283
167,face,noise,2,1,2.924
167,face,noise,3,0,1.6795
167,face,noise,1,0,1.9174
167,face,noise,2,0,0.879
167,face,noise,2,1,1.8286
167,face,noise,1,1,1.6617
167,face,noise,1,0,2.4892
167,face,noise,3,1,2.2293
167,face,noise,3,0,2.1783
167,face,noise,3,1,0.8625
167,face,noise,1,1,2.3447
167,face,noise,3,0,2.3622
167,face,noise,3,0,0.8685
167,face,noise,3,0,2.5291
167,face,noise,2,0,2.0614
167,car,no_noise,2,1,1.9533
167,car,no_noise,1,1,1.8706
167,car,no_noise,3,0,2.2554
167,car,no_noise,3,1,1.1898
167,car,no_noise,2,1,2.217
167,car,no_noise,1,1,2.8591
167,car,no_noise,3,1,2.3883
167,car,no_noise,1,1,2.975
167,car,no_noise,1,1,2.1222
167,car,no_noise,3,1,2.9715
167,car,no_noise,3,1,1.8556
167,car,no_noise,1,0,1.0068
167,car,no_noise,2,1,1.3447
167,car,no_noise,1,0,0.8391
167,car,no_noise,3,1,2.1177
167,car,no_noise,3,0,2.1383
167,car,no_noise,1,1,2.6706
167,car,no_noise,3,0,1.505
167,car,no_noise,3,0,2.5442
167,car,no_noise,3,0,2.1318
167,car,no_noise,3,0,2.6069
167,car,no_noise,3,0,2.1762
167,car,no_noise,3,1,1.0043
167,car,no_noise,1,0,3.0737
167,car,no_noise,1,0,1.3514
167,car,no_noise,2,0,2.0725
167,car,no_noise,2,1,1.1291
167,car,no_noise,3,0,1.1895
167,car,no_noise,3,0,0.7886
167,car,no_noise,1,1,1.2992
167,car,noise,2,1,0.9335
167,car,noise,3,1,1.6541
167,car,noise,3,1,2.1002
167,car,noise,1,1,2.6711
167,car,noise,2,1,1.651
167,car,noise,2,1,1.5458
167,car,noise,3,0,2.123
167,car,noise,1,1,1.0232
167,car,noise,1,0,0.6362
167,car,noise,1,1,0.6334
167,car,noise,1,1,3.274
167,car,noise,1,0,0.9152
167,car,noise,2,1,2.5014
167,car,noise,1,0,1.1385
167,car,noise,3,1,1.9026
167,car,noise,1,0,2.482
167,car,noise,3,0,2.0648
167,car,noise,2,1,1.3336
167,car,noise,2,1,2.0492
167,car,noise,3,0,1.6956
167,car,noise,1,0,2.8371
167,car,noise,1,0,0.9903
167,car,noise,3,0,2.1174
167,car,noise,3,1,1.1183
168,face,no_noise,1,1,3.29
168,face,no_noise,2,1,2.212
168,face,no_noise,1,1,2.095
168,face,no_noise,2,0,4.145
168,face,no_noise,1,0,9.245
168,face,no_noise,2,1,1.555
168,face,no_noise,3,0,2.544
168,face,no_noise,3,1,1.625
168,face,no_noise,2,1,1.729
168,face,no_noise,3,1,2.298
168,face,no_noise,2,1,2.444
168,face,no_noise,3,1,1.942
168,face,no_noise,2,1,2.463
168,face,no_noise,1,1,1.706
168,face,no_noise,2,1,1.246
168,face,no_noise,3,0,2.496
168,face,no_noise,2,1,3.358
168,face,no_noise,1,0,2.723
168,face,no_noise,3,0,1.274
168,face,no_noise,3,1,1.344
168,face,no_noise,2,0,1.448
168,face,no_noise,2,1,1.927
168,face,no_noise,2,1,2.838
168,face,no_noise,3,0,1.705
168,face,no_noise,3,1,2.828
168,face,no_noise,1,1,2.142
168,face,no_noise,2,1,2.739
168,face,no_noise,2,0,1.6
168,face,no_noise,1,1,5.626
168,face,no_noise,2,0,10.346
168,face,noise,3,0,5.214
168,face,noise,3,1,3.39
168,face,noise,3,0,2.359
168,face,noise,1,1,1.512
168,face,noise,3,1,2.027
168,face,noise,1,1,2.091
168,face,noise,3,0,2.036
168,face,noise,2,0,1.975
168,face,noise,3,0,4.041
168,face,noise,2,1,1.092
168,face,noise,2,1,3.226
168,face,noise,3,0,2.093
168,face,noise,3,0,2.083
168,face,noise,2,1,1.346
168,face,noise,1,1,1.479
168,face,noise,3,0,5.709
168,face,noise,3,1,3.442
168,face,noise,1,1,2.193
168,face,noise,3,1,1.546
168,face,noise,2,0,4.324
168,face,noise,1,1,1.709
168,face,noise,3,0,6.381
168,face,noise,2,0,2.807
168,face,noise,3,1,2.108
168,car,no_noise,3,0,4.803
168,car,no_noise,1,1,2.524
168,car,no_noise,1,1,5.192
168,car,no_noise,3,1,4.554
168,car,no_noise,2,1,3.783
168,car,no_noise,1,1,4.224
168,car,no_noise,1,0,3.388
168,car,no_noise,1,1,2.237
168,car,no_noise,1,1,2.037
168,car,no_noise,1,0,3.318
168,car,no_noise,3,1,4.604
168,car,no_noise,3,1,4.721
168,car,no_noise,3,0,4.184
168,car,no_noise,3,0,4.597
168,car,no_noise,2,0,2.687
168,car,no_noise,2,1,4.503
168,car,no_noise,1,1,3.787
168,car,no_noise,2,0,2.697
168,car,no_noise,2,1,1.954
168,car,no_noise,1,1,2.332
168,car,no_noise,3,0,2.792
168,car,no_noise,1,1,2.06
168,car,no_noise,1,0,3.346
168,car,no_noise,3,0,2.003
168,car,no_noise,3,0,1.769
168,car,no_noise,2,0,1.987
168,car,no_noise,1,0,3.454
168,car,no_noise,2,1,4.438
168,car,no_noise,2,0,1.837
168,car,no_noise,1,1,5.139
168,car,noise,2,1,2.301
168,car,noise,3,1,2.347
168,car,noise,2,0,5.862
168,car,noise,2,0,2.196
168,car,noise,2,1,3.901
168,car,noise,1,0,4.106
168,car,noise,3,0,4.046
168,car,noise,2,0,4.279
168,car,noise,1,0,3.259
168,car,noise,1,1,4.74
168,car,noise,1,1,3.909
168,car,noise,2,0,7.896
168,car,noise,1,0,5.145
168,car,noise,3,1,2.785
168,car,noise,3,1,3.48
168,car,noise,2,1,1.777
168,car,noise,1,0,4.765
168,car,noise,1,0,3.546
168,car,noise,3,0,1.726
168,car,noise,1,0,4.012
168,car,noise,1,0,2.175
168,car,noise,1,0,1.914
168,car,noise,1,1,8.131
168,car,noise,3,1,5.071
169,car,no_noise,2,1,8.5824
169,car,no_noise,3,0,13.0603
169,car,no_noise,3,0,3.0285
169,car,no_noise,3,1,5.5618
169,car,no_noise,2,1,3.4348
169,car,no_noise,3,0,8.9162
169,car,no_noise,3,1,3.5818
169,car,no_noise,1,1,6.243
169,car,no_noise,1,1,3.8631
169,car,no_noise,3,1,3.232
169,car,no_noise,3,1,2.7242
169,car,no_noise,3,1,2.228
169,car,no_noise,2,1,4.7949
169,car,no_noise,2,1,5.5796
169,car,no_noise,2,0,4.0818
169,car,no_noise,1,0,1.9147
169,car,no_noise,1,1,2.9445
169,car,no_noise,1,1,1.9616
169,car,no_noise,3,0,3.3133
169,car,no_noise,1,1,2.3803
169,car,no_noise,1,1,3.9766
169,car,no_noise,3,0,2.3054
169,car,no_noise,2,0,1.7485
169,car,no_noise,2,1,1.6811
169,car,no_noise,2,1,2.1828
169,car,no_noise,3,1,2.3114
169,car,no_noise,2,1,2.9312
169,car,no_noise,2,1,2.3206
169,car,no_noise,3,0,2.395
169,car,no_noise,2,0,2.1476
169,car,noise,3,0,14.1609
169,car,noise,3,1,2.5494
169,car,noise,2,0,3.2544
169,car,noise,2,0,1.9114
169,car,noise,3,0,2.2016
169,car,noise,2,1,2.1518
169,car,noise,3,0,1.8717
169,car,noise,1,1,1.1363
169,car,noise,2,1,1.5696
169,car,noise,1,1,1.0506
169,car,noise,1,1,1.5599
169,car,noise,3,1,1.5077
169,car,noise,2,1,1.5504
169,car,noise,1,0,1.0889
169,car,noise,2,0,1.4533
169,car,noise,2,1,1.4348
169,car,noise,1,0,2.3388
169,car,noise,2,1,1.4466
169,car,noise,2,1,1.2401
169,car,noise,2,1,1.3351
169,car,noise,3,1,1.3055
169,car,noise,3,1,2.4416
169,car,noise,1,1,1.7289
169,car,noise,1,0,1.1874
169,face,no_noise,1,1,2.0183
169,face,no_noise,2,1,2.8773
169,face,no_noise,1,1,2.4581
169,face,no_noise,3,1,3.8744
169,face,no_noise,3,1,1.8375
169,face,no_noise,2,1,1.9647
169,face,no_noise,1,1,2.2249
169,face,no_noise,3,1,1.3729
169,face,no_noise,2,1,1.256
169,face,no_noise,3,1,1.3831
169,face,no_noise,2,1,1.2157
169,face,no_noise,3,1,1.6565
169,face,no_noise,2,1,1.3053
169,face,no_noise,1,1,1.6978
169,face,no_noise,1,0,2.4178
169,face,no_noise,3,0,2.4897
169,face,no_noise,2,1,0.927
169,face,no_noise,2,1,2.4739
169,face,no_noise,3,0,1.7056
169,face,no_noise,3,1,1.2624
169,face,no_noise,1,1,1.2352
169,face,no_noise,2,1,2.8413
169,face,no_noise,2,1,1.0336
169,face,no_noise,3,0,1.6544
169,face,no_noise,3,1,1.5707
169,face,no_noise,1,1,1.0197
169,face,no_noise,2,1,2.259
169,face,no_noise,3,0,3.6085
169,face,no_noise,1,1,1.7871
169,face,no_noise,3,1,1.5042
169,face,noise,2,1,2.7169
169,face,noise,3,1,1.522
169,face,noise,3,0,1.5897
169,face,noise,1,1,1.4583
169,face,noise,3,1,1.326
169,face,noise,1,1,1.625
169,face,noise,2,1,1.8706
169,face,noise,2,0,2.3581
169,face,noise,1,0,2.1583
169,face,noise,3,0,2.0161
169,face,noise,3,0,2.0864
169,face,noise,2,1,1.4311
169,face,noise,1,1,2.8033
169,face,noise,2,1,1.5762
169,face,noise,1,1,1.4177
169,face,noise,2,1,1.6897
169,face,noise,3,1,1.5534
169,face,noise,2,0,1.5909
169,face,noise,3,1,2.1795
169,face,noise,2,0,1.8527
169,face,noise,1,1,1.6788
169,face,noise,1,1,2.327
169,face,noise,3,0,1.4555
169,face,noise,3,1,2.6114
170,car,no_noise,2,1,12.7396
170,car,no_noise,1,1,3.9424
170,car,no_noise,1,1,4.7027
170,car,no_noise,2,0,4.395
170,car,no_noise,2,1,4.1383
170,car,no_noise,3,0,6.7865
170,car,no_noise,3,1,9.7273
170,car,no_noise,1,1,5.376
170,car,no_noise,1,1,5.772
170,car,no_noise,1,0,9.4062
170,car,no_noise,3,1,6.7069
170,car,no_noise,3,1,4.0732
170,car,no_noise,3,0,7.1653
170,car,no_noise,2,1,6.467
170,car,no_noise,1,0,5.7758
170,car,no_noise,2,1,7.001
170,car,no_noise,3,0,5.4603
170,car,no_noise,2,0,5.7207
170,car,no_noise,2,1,8.3729
170,car,no_noise,3,0,9.1576
170,car,no_noise,1,1,4.6764
170,car,no_noise,3,0,7.3805
170,car,no_noise,3,1,6.6936
170,car,no_noise,3,0,6.0483
170,car,no_noise,2,1,7.6793
170,car,no_noise,3,1,7.5087
170,car,no_noise,2,1,8.0326
170,car,no_noise,2,1,3.6105
170,car,no_noise,3,0,2.9274
170,car,no_noise,2,0,4.2269
170,car,noise,3,0,4.6999
170,car,noise,2,0,7.2948
170,car,noise,3,1,5.9464
170,car,noise,1,1,5.5474
170,car,noise,2,1,3.1644
170,car,noise,2,1,4.4374
170,car,noise,1,1,4.7142
170,car,noise,1,1,2.9786
170,car,noise,2,1,4.4337
170,car,noise,1,1,3.976
170,car,noise,1,1,4.892
170,car,noise,3,1,4.14
170,car,noise,2,1,2.2255
170,car,noise,3,1,5.4724
170,car,noise,3,1,6.2073
170,car,noise,2,1,4.2436
170,car,noise,1,0,6.1062
170,car,noise,1,0,4.5922
170,car,noise,2,1,3.0236
170,car,noise,3,0,4.6923
170,car,noise,3,1,3.1238
170,car,noise,1,0,3.231
170,car,noise,3,0,5.7683
170,car,noise,3,1,6.5078
170,face,no_noise,1,1,1.6538
170,face,no_noise,2,1,2.3796
170,face,no_noise,1,1,2.9721
170,face,no_noise,3,1,2.0391
170,face,no_noise,3,1,2.378
170,face,no_noise,2,1,1.4472
170,face,no_noise,1,1,2.1253
170,face,no_noise,3,1,1.8398
170,face,no_noise,2,1,2.8363
170,face,no_noise,3,1,1.8172
170,face,no_noise,2,1,1.9577
170,face,no_noise,3,1,3.0318
170,face,no_noise,2,1,1.9403
170,face,no_noise,1,1,3.9291
170,face,no_noise,2,1,1.8383
170,face,no_noise,2,1,4.4574
170,face,no_noise,2,1,2.56
170,face,no_noise,2,1,2.0409
170,face,no_noise,1,1,3.4759
170,face,no_noise,3,1,1.9369
170,face,no_noise,1,1,2.6255
170,face,no_noise,2,1,2.086
170,face,no_noise,2,1,1.3609
170,face,no_noise,1,1,1.6535
170,face,no_noise,3,1,2.0842
170,face,no_noise,1,1,1.4839
170,face,no_noise,2,1,1.7682
170,face,no_noise,2,0,3.0584
170,face,no_noise,1,1,2.1413
170,face,no_noise,3,1,1.7259
170,face,noise,2,1,2.8706
170,face,noise,3,1,1.9621
170,face,noise,3,0,7.9915
170,face,noise,1,1,0.939
170,face,noise,3,1,2.3701
170,face,noise,1,1,1.6472
170,face,noise,2,1,2.6231
170,face,noise,2,0,5.8005
170,face,noise,2,1,2.9346
170,face,noise,2,1,3.5581
170,face,noise,2,1,3.1429
170,face,noise,2,1,1.2514
170,face,noise,3,0,2.5133
170,face,noise,2,1,1.5025
170,face,noise,1,1,1.5793
170,face,noise,2,1,1.4621
170,face,noise,3,1,1.7253
170,face,noise,1,1,1.1892
170,face,noise,3,1,2.0406
170,face,noise,2,0,3.4838
170,face,noise,1,1,2.8011
170,face,noise,1,1,4.1792
170,face,noise,1,1,1.5767
170,face,noise,3,1,2.6928
171,car,no_noise,2,1,1.635
171,car,no_noise,2,0,1.8034
171,car,no_noise,3,0,2.7193
171,car,no_noise,3,1,2.4987
171,car,no_noise,2,1,3.0169
171,car,no_noise,1,1,1.1402
171,car,no_noise,3,1,2.2506
171,car,no_noise,1,1,1.2748
171,car,no_noise,1,1,2.0673
171,car,no_noise,3,1,2.3628
171,car,no_noise,3,1,2.4522
171,car,no_noise,3,1,1.7019
171,car,no_noise,2,1,2.3541
171,car,no_noise,2,1,2.4955
171,car,no_noise,3,1,4.9152
171,car,no_noise,2,1,2.6799
171,car,no_noise,1,1,3.3852
171,car,no_noise,2,0,5.924
171,car,no_noise,2,1,2.1477
171,car,no_noise,1,1,1.9245
171,car,no_noise,3,0,3.534
171,car,no_noise,1,1,2.9014
171,car,no_noise,3,1,1.9501
171,car,no_noise,2,1,3.1326
171,car,no_noise,2,1,2.2025
171,car,no_noise,2,0,2.6652
171,car,no_noise,2,1,3.0901
171,car,no_noise,3,0,3.5201
171,car,no_noise,1,1,1.5924
171,car,no_noise,1,1,2.8256
171,car,noise,2,1,5.6921
171,car,noise,3,1,3.7929
171,car,noise,2,0,3.0842
171,car,noise,1,1,4.0454
171,car,noise,2,1,2.1115
171,car,noise,2,1,1.9825
171,car,noise,3,0,5.9543
171,car,noise,1,1,2.2785
171,car,noise,1,0,1.5582
171,car,noise,1,1,2.0517
171,car,noise,1,1,2.93
171,car,noise,3,1,1.7638
171,car,noise,2,1,3.9226
171,car,noise,1,0,2.3897
171,car,noise,3,1,1.7568
171,car,noise,2,1,2.3517
171,car,noise,2,1,4.3878
171,car,noise,3,0,2.3619
171,car,noise,2,1,3.427
171,car,noise,2,1,2.2598
171,car,noise,3,1,1.9182
171,car,noise,3,1,2.715
171,car,noise,1,1,4.7076
171,car,noise,3,1,1.4931
171,face,no_noise,1,1,2.6267
171,face,no_noise,3,0,3.6011
171,face,no_noise,1,1,3.2168
171,face,no_noise,2,0,2.0997
171,face,no_noise,3,1,2.4494
171,face,no_noise,2,1,1.1326
171,face,no_noise,1,1,2.8015
171,face,no_noise,3,1,3.2711
171,face,no_noise,1,0,2.3428
171,face,no_noise,2,0,3.0367
171,face,no_noise,3,0,2.032
171,face,no_noise,2,0,1.735
171,face,no_noise,2,1,1.0534
171,face,no_noise,2,0,2.3446
171,face,no_noise,3,0,2.2395
171,face,no_noise,2,1,2.4084
171,face,no_noise,3,0,2.5218
171,face,no_noise,2,1,0.9357
171,face,no_noise,3,0,2.1851
171,face,no_noise,1,0,1.9383
171,face,no_noise,1,1,1.0328
171,face,no_noise,2,1,2.0013
171,face,no_noise,2,1,2.401
171,face,no_noise,1,1,1.8239
171,face,no_noise,3,1,1.8915
171,face,no_noise,1,1,1.6551
171,face,no_noise,2,1,1.1367
171,face,no_noise,3,0,2.5163
171,face,no_noise,1,1,2.1672
171,face,no_noise,3,1,2.4605
171,face,noise,2,1,2.2007
171,face,noise,2,0,2.5011
171,face,noise,1,1,1.8685
171,face,noise,3,0,1.7834
171,face,noise,2,0,2.0115
171,face,noise,3,0,1.1594
171,face,noise,2,1,1.3751
171,face,noise,1,1,2.0511
171,face,noise,3,0,2.6764
171,face,noise,2,1,2.0723
171,face,noise,3,0,2.123
171,face,noise,2,1,1.6857
171,face,noise,1,1,2.4669
171,face,noise,1,0,1.7169
171,face,noise,1,1,1.8672
171,face,noise,2,1,1.3142
171,face,noise,2,0,1.7082
171,face,noise,3,0,1.9346
171,face,noise,1,0,1.5996
171,face,noise,1,1,3.2243
171,face,noise,1,1,2.3676
171,face,noise,3,0,1.7669
171,face,noise,1,1,0.6675
171,face,noise,3,1,1.7362
172,car,no_noise,3,0,9.5106
172,car,no_noise,1,1,4.9563
172,car,no_noise,3,0,5.0219
172,car,no_noise,1,0,7.1413
172,car,no_noise,1,0,6.4904
172,car,no_noise,3,0,7.7589
172,car,no_noise,3,1,2.8534
172,car,no_noise,2,0,9.3487
172,car,no_noise,3,0,8.5932
172,car,no_noise,1,0,5.9397
172,car,no_noise,3,1,2.6368
172,car,no_noise,1,0,5.5456
172,car,no_noise,1,0,12.065
172,car,no_noise,2,1,3.3041
172,car,no_noise,3,1,4.0252
172,car,no_noise,2,1,11.7787
172,car,no_noise,1,1,4.939
172,car,no_noise,1,1,4.8547
172,car,no_noise,2,1,5.4426
172,car,no_noise,1,1,3.6932
172,car,no_noise,1,1,6.8074
172,car,no_noise,3,0,5.4737
172,car,no_noise,2,0,5.2058
172,car,no_noise,2,1,2.9917
172,car,no_noise,2,1,4.7749
172,car,no_noise,3,1,8.3252
172,car,no_noise,1,0,5.1889
172,car,no_noise,2,1,6.724
172,car,no_noise,1,1,2.0369
172,car,no_noise,2,0,13.9978
172,car,noise,2,1,7.7788
172,car,noise,3,1,5.5729
172,car,noise,3,1,9.2592
172,car,noise,1,1,3.6874
172,car,noise,2,1,4.1705
172,car,noise,2,1,8.8941
172,car,noise,1,1,5.9468
172,car,noise,1,1,2.7057
172,car,noise,2,1,4.2254
172,car,noise,1,1,2.2225
172,car,noise,1,1,5.4386
172,car,noise,3,1,5.79
172,car,noise,2,1,7.7774
172,car,noise,3,1,7.5767
172,car,noise,3,1,11.7007
172,car,noise,2,1,5.1118
172,car,noise,2,1,3.1873
172,car,noise,2,1,6.7411
172,car,noise,2,1,4.5584
172,car,noise,2,1,10.6001
172,car,noise,3,1,2.0025
172,car,noise,3,1,6.491
172,car,noise,1,1,5.7233
172,car,noise,3,1,10.9448
172,face,no_noise,1,1,2.7269
172,face,no_noise,2,1,4.5962
172,face,no_noise,1,1,5.5729
172,face,no_noise,3,1,3.154
172,face,no_noise,3,1,5.0557
172,face,no_noise,2,1,1.6021
172,face,no_noise,1,1,4.6554
172,face,no_noise,3,1,2.9536
172,face,no_noise,2,1,2.9084
172,face,no_noise,3,1,5.1725
172,face,no_noise,2,1,4.0717
172,face,no_noise,3,1,2.1527
172,face,no_noise,3,0,6.6578
172,face,no_noise,1,1,5.2056
172,face,no_noise,2,1,2.0695
172,face,no_noise,2,1,5.5399
172,face,no_noise,2,1,1.7025
172,face,no_noise,2,1,3.7052
172,face,no_noise,1,1,8.3778
172,face,no_noise,3,1,5.623
172,face,no_noise,1,1,7.4425
172,face,no_noise,2,1,4.4267
172,face,no_noise,2,1,3.7711
172,face,no_noise,2,0,3.5741
172,face,no_noise,3,1,2.0697
172,face,no_noise,1,1,2.6721
172,face,no_noise,2,1,1.7523
172,face,no_noise,1,1,5.0392
172,face,no_noise,1,1,3.2873
172,face,no_noise,2,0,4.5551
172,face,noise,2,1,3.0093
172,face,noise,3,1,3.187
172,face,noise,1,1,1.8046
172,face,noise,1,1,3.5549
172,face,noise,3,1,1.8196
172,face,noise,1,1,3.0037
172,face,noise,3,0,3.2934
172,face,noise,3,0,3.0033
172,face,noise,2,1,4.5552
172,face,noise,2,1,2.7205
172,face,noise,2,1,3.5545
172,face,noise,2,1,2.5879
172,face,noise,1,1,3.7882
172,face,noise,2,1,1.4352
172,face,noise,2,0,3.0704
172,face,noise,1,0,3.3452
172,face,noise,3,1,2.7225
172,face,noise,3,0,4.7055
172,face,noise,3,1,2.6535
172,face,noise,1,1,3.0039
172,face,noise,1,1,3.6545
172,face,noise,1,1,3.4734
172,face,noise,1,1,2.4025
172,face,noise,1,0,5.5906
173,car,no_noise,1,0,9.704
173,car,no_noise,1,1,6.626
173,car,no_noise,3,0,6.783
173,car,no_noise,3,1,5.956
173,car,no_noise,2,1,5.488
173,car,no_noise,1,1,4.677
173,car,no_noise,3,1,4.146
173,car,no_noise,1,1,4.168
173,car,no_noise,1,1,3.344
173,car,no_noise,1,0,4.395
173,car,no_noise,1,0,3.686
173,car,no_noise,3,1,3.779
173,car,no_noise,2,1,4.127
173,car,no_noise,2,1,3.7
173,car,no_noise,3,1,3.633
173,car,no_noise,2,1,5.359
173,car,no_noise,3,0,3.025
173,car,no_noise,2,0,3.21
173,car,no_noise,3,0,4.678
173,car,no_noise,1,1,4.667
173,car,no_noise,3,0,3.699
173,car,no_noise,3,0,3.869
173,car,no_noise,2,0,5.866
173,car,no_noise,2,1,5.722
173,car,no_noise,1,0,4.86
173,car,no_noise,2,0,4.035
173,car,no_noise,2,1,4.793
173,car,no_noise,2,1,3.362
173,car,no_noise,3,0,3.657
173,car,no_noise,1,1,3.817
173,car,noise,2,1,5.702
173,car,noise,3,1,4.797
173,car,noise,3,1,5.985
173,car,noise,2,0,3.245
173,car,noise,2,1,5.125
173,car,noise,2,1,3.084
173,car,noise,3,0,5.209
173,car,noise,1,1,2.869
173,car,noise,1,0,4.078
173,car,noise,1,1,3.598
173,car,noise,2,0,3.521
173,car,noise,3,1,3.935
173,car,noise,2,1,2.097
173,car,noise,3,1,2.82
173,car,noise,3,1,4.434
173,car,noise,2,1,4.66
173,car,noise,3,0,3.729
173,car,noise,2,1,3.284
173,car,noise,2,1,2.494
173,car,noise,2,1,2.587
173,car,noise,3,1,2.663
173,car,noise,1,0,1.98
173,car,noise,1,1,4.231
173,car,noise,3,1,5.066
173,face,no_noise,1,1,3.517
173,face,no_noise,2,1,5.825
173,face,no_noise,1,1,3.323
173,face,no_noise,1,0,4.686
173,face,no_noise,3,1,3.862
173,face,no_noise,2,1,3.462
173,face,no_noise,1,1,3.715
173,face,no_noise,3,1,6.329
173,face,no_noise,2,1,4.223
173,face,no_noise,3,1,2.734
173,face,no_noise,1,0,3.454
173,face,no_noise,2,0,3.579
173,face,no_noise,2,1,3.529
173,face,no_noise,2,0,4.79
173,face,no_noise,2,1,4.714
173,face,no_noise,1,0,3.728
173,face,no_noise,2,1,4.083
173,face,no_noise,2,1,4.048
173,face,no_noise,1,1,3.563
173,face,no_noise,3,1,2.669
173,face,no_noise,2,0,4.719
173,face,no_noise,2,1,2.464
173,face,no_noise,2,1,3.667
173,face,no_noise,3,0,4.816
173,face,no_noise,3,1,2.532
173,face,no_noise,1,1,2.054
173,face,no_noise,2,1,2.23
173,face,no_noise,3,0,3.441
173,face,no_noise,1,1,4.405
173,face,no_noise,3,1,4.052
173,face,noise,2,1,4.35
173,face,noise,3,1,4.95
173,face,noise,1,1,4.85
173,face,noise,1,1,2.145
173,face,noise,2,0,5.813
173,face,noise,3,0,4.056
173,face,noise,2,1,2.563
173,face,noise,1,1,3.104
173,face,noise,1,0,2.424
173,face,noise,2,1,3.603
173,face,noise,2,1,4.253
173,face,noise,2,1,3.001
173,face,noise,1,1,3.943
173,face,noise,1,0,3.548
173,face,noise,1,1,4.956
173,face,noise,2,1,4.162
173,face,noise,2,0,3.881
173,face,noise,1,1,1.911
173,face,noise,3,1,3.954
173,face,noise,2,0,3.972
173,face,noise,1,1,3.297
173,face,noise,1,1,4.288
173,face,noise,2,0,5.337
173,face,noise,2,0,2.841
174,car,no_noise,2,1,3.2042
174,car,no_noise,1,1,3.1031
174,car,no_noise,3,0,14.3742
174,car,no_noise,2,0,14.4341
174,car,no_noise,2,1,14.3104
174,car,no_noise,3,0,8.8922
174,car,no_noise,3,1,9.8091
174,car,no_noise,1,1,14.2547
174,car,no_noise,1,1,2.5484
174,car,no_noise,3,1,9.6362
174,car,no_noise,3,1,6.5071
174,car,no_noise,3,1,2.7473
174,car,no_noise,2,1,5.629
174,car,no_noise,2,1,10.1576
174,car,no_noise,2,0,8.0777
174,car,no_noise,3,0,4.5255
174,car,no_noise,1,1,7.2721
174,car,no_noise,2,0,11.1559
174,car,no_noise,1,0,4.83
174,car,no_noise,3,0,4.1915
174,car,no_noise,3,0,4.9307
174,car,no_noise,1,1,3.9318
174,car,no_noise,3,1,3.4992
174,car,no_noise,2,1,6.8074
174,car,no_noise,2,1,3.7673
174,car,no_noise,2,0,5.0381
174,car,no_noise,3,0,3.7033
174,car,no_noise,2,1,6.2842
174,car,no_noise,3,0,2.4668
174,car,no_noise,2,0,2.3652
174,car,noise,3,0,5.751
174,car,noise,3,1,3.1835
174,car,noise,2,0,3.8766
174,car,noise,2,0,4.4915
174,car,noise,2,1,4.2118
174,car,noise,1,0,5.2618
174,car,noise,3,0,3.0482
174,car,noise,1,1,1.5333
174,car,noise,2,1,2.1323
174,car,noise,1,1,2.5537
174,car,noise,1,1,2.211
174,car,noise,3,1,1.9187
174,car,noise,2,1,3.0827
174,car,noise,3,1,2.5865
174,car,noise,2,0,4.57
174,car,noise,1,0,4.1476
174,car,noise,3,0,2.0601
174,car,noise,2,1,3.0041
174,car,noise,2,1,2.5533
174,car,noise,3,0,3.1538
174,car,noise,3,1,2.8766
174,car,noise,1,0,2.1058
174,car,noise,3,0,2.2594
174,car,noise,3,1,1.9704
174,face,no_noise,1,1,4.2907
174,face,no_noise,2,1,6.209
174,face,no_noise,1,1,3.263
174,face,no_noise,2,0,4.2778
174,face,no_noise,1,0,6.4408
174,face,no_noise,2,1,3.7934
174,face,no_noise,3,0,7.9585
174,face,no_noise,2,0,3.627
174,face,no_noise,2,1,2.4138
174,face,no_noise,3,1,3.7955
174,face,no_noise,3,0,10.0731
174,face,no_noise,3,1,2.2681
174,face,no_noise,2,1,3.3945
174,face,no_noise,2,0,3.8602
174,face,no_noise,2,1,3.6274
174,face,no_noise,2,1,7.7293
174,face,no_noise,2,1,2.7281
174,face,no_noise,1,0,3.2295
174,face,no_noise,2,0,6.4609
174,face,no_noise,3,1,2.2579
174,face,no_noise,2,0,2.6131
174,face,no_noise,2,1,3.1949
174,face,no_noise,1,0,3.3456
174,face,no_noise,1,1,2.7164
174,face,no_noise,3,1,2.0954
174,face,no_noise,1,1,4.044
174,face,no_noise,2,1,4.8279
174,face,no_noise,1,1,3.8626
174,face,no_noise,2,0,4.314
174,face,no_noise,3,1,4.545
174,face,noise,3,0,2.7447
174,face,noise,3,1,1.5849
174,face,noise,1,1,2.7953
174,face,noise,2,0,2.5626
174,face,noise,2,0,2.2641
174,face,noise,3,0,2.2455
174,face,noise,2,1,2.6962
174,face,noise,1,1,1.3633
174,face,noise,2,1,3.3285
174,face,noise,2,1,2.3389
174,face,noise,2,1,1.6168
174,face,noise,3,0,1.9811
174,face,noise,1,1,1.3311
174,face,noise,2,1,2.0626
174,face,noise,1,1,2.228
174,face,noise,2,1,1.85
174,face,noise,3,1,3.2288
174,face,noise,2,0,1.7624
174,face,noise,2,0,2.0308
174,face,noise,3,0,2.2454
174,face,noise,1,1,1.1985
174,face,noise,1,1,2.2949
174,face,noise,2,0,2.1635
174,face,noise,3,1,1.7961
175,car,no_noise,3,0,8.4862
175,car,no_noise,1,1,7.4789
175,car,no_noise,3,0,8.7102
175,car,no_noise,1,0,11.2953
175,car,no_noise,2,1,4.7269
175,car,no_noise,3,0,4.9603
175,car,no_noise,2,0,10.3427
175,car,no_noise,1,1,6.509
175,car,no_noise,1,1,7.5932
175,car,no_noise,1,0,16.875
175,car,no_noise,3,1,4.0125
175,car,no_noise,3,1,9.4271
175,car,no_noise,3,0,4.4019
175,car,no_noise,3,0,8.3273
175,car,no_noise,1,0,6.4435
175,car,no_noise,3,0,3.0293
175,car,no_noise,1,1,9.0567
175,car,no_noise,1,1,2.2478
175,car,no_noise,2,1,5.9251
175,car,no_noise,1,1,3.0254
175,car,no_noise,1,1,5.7419
175,car,no_noise,1,1,8.0126
175,car,no_noise,2,0,9.4571
175,car,no_noise,3,0,8.0779
175,car,no_noise,2,1,4.5235
175,car,no_noise,3,1,3.508
175,car,no_noise,2,1,8.6942
175,car,no_noise,2,1,2.7925
175,car,no_noise,3,0,5.1113
175,car,no_noise,2,0,6.0482
175,car,noise,1,0,8.0841
175,car,noise,3,1,6.1653
175,car,noise,3,1,6.9074
175,car,noise,2,0,5.4913
175,car,noise,2,1,5.3778
175,car,noise,2,1,3.2211
175,car,noise,3,0,3.0738
175,car,noise,1,1,1.3527
175,car,noise,1,0,5.3393
175,car,noise,1,1,1.5891
175,car,noise,1,1,4.5971
175,car,noise,3,1,9.8258
175,car,noise,2,1,4.4702
175,car,noise,1,0,5.1324
175,car,noise,2,0,4.903
175,car,noise,2,1,4.4781
175,car,noise,1,0,6.1423
175,car,noise,2,1,3.5918
175,car,noise,2,1,1.3898
175,car,noise,2,1,2.5893
175,car,noise,3,1,2.8311
175,car,noise,1,0,2.6092
175,car,noise,1,1,4.0767
175,car,noise,1,0,9.5252
175,face,no_noise,1,1,3.8471
175,face,no_noise,2,1,5.6864
175,face,no_noise,1,1,2.782
175,face,no_noise,1,0,4.5058
175,face,no_noise,3,1,2.1814
175,face,no_noise,2,1,2.9982
175,face,no_noise,1,1,5.3372
175,face,no_noise,3,1,2.6266
175,face,no_noise,2,1,2.5206
175,face,no_noise,3,1,4.4159
175,face,no_noise,2,1,3.3631
175,face,no_noise,3,1,2.9979
175,face,no_noise,2,1,4.6284
175,face,no_noise,1,1,2.6034
175,face,no_noise,2,1,6.0791
175,face,no_noise,2,1,3.7682
175,face,no_noise,2,1,3.7804
175,face,no_noise,1,0,4.8786
175,face,no_noise,1,1,6.29
175,face,no_noise,3,1,2.2161
175,face,no_noise,1,1,6.3475
175,face,no_noise,2,1,2.0125
175,face,no_noise,2,1,5.8506
175,face,no_noise,1,1,4.1887
175,face,no_noise,1,0,2.2489
175,face,no_noise,3,0,3.4336
175,face,no_noise,2,1,2.5309
175,face,no_noise,1,1,3.4962
175,face,no_noise,1,1,3.4463
175,face,no_noise,3,1,3.0982
175,face,noise,2,1,6.315
175,face,noise,3,1,4.2958
175,face,noise,3,0,2.9288
175,face,noise,2,0,3.8457
175,face,noise,1,0,3.9376
175,face,noise,1,1,4.3802
175,face,noise,3,0,2.0991
175,face,noise,2,0,2.8789
175,face,noise,1,0,2.5302
175,face,noise,1,0,3.1471
175,face,noise,3,0,2.7342
175,face,noise,1,0,2.3809
175,face,noise,3,0,3.8478
175,face,noise,2,1,2.432
175,face,noise,3,0,1.677
175,face,noise,3,0,2.4041
175,face,noise,1,0,2.4444
175,face,noise,2,0,0.9205
175,face,noise,1,0,1.5661
175,face,noise,2,0,1.5797
175,face,noise,1,1,1.5832
175,face,noise,3,0,0.9155
175,face,noise,2,0,1.949
175,face,noise,3,1,1.3129
176,car,no_noise,3,0,7.1452
176,car,no_noise,1,1,4.3595
176,car,no_noise,1,1,7.8991
176,car,no_noise,2,0,4.136
176,car,no_noise,2,1,3.6485
176,car,no_noise,3,0,6.6826
176,car,no_noise,3,1,5.3383
176,car,no_noise,1,1,6.1538
176,car,no_noise,1,1,3.5963
176,car,no_noise,1,0,7.3371
176,car,no_noise,3,1,6.4616
176,car,no_noise,3,1,2.2545
176,car,no_noise,3,0,5.9028
176,car,no_noise,3,0,14.110900000000001
176,car,no_noise,3,1,8.4093
176,car,no_noise,2,1,4.7353
176,car,no_noise,1,1,4.9051
176,car,no_noise,1,1,11.9999
176,car,no_noise,2,1,6.9473
176,car,no_noise,3,0,4.3999
176,car,no_noise,1,1,8.0831
176,car,no_noise,2,0,8.7374
176,car,no_noise,3,1,9.6978
176,car,no_noise,2,1,7.0307
176,car,no_noise,2,1,5.9388
176,car,no_noise,3,1,17.6678
176,car,no_noise,2,1,6.3011
176,car,no_noise,2,1,13.2517
176,car,no_noise,3,0,3.1159
176,car,no_noise,1,1,15.0866
176,car,noise,2,1,6.7528
176,car,noise,3,1,3.9168
176,car,noise,2,0,5.9205
176,car,noise,1,1,3.3826
176,car,noise,2,1,3.5375
176,car,noise,2,1,6.9749
176,car,noise,1,1,8.669
176,car,noise,1,1,2.1088
176,car,noise,1,0,7.8543
176,car,noise,1,1,4.5119
176,car,noise,1,1,3.9171
176,car,noise,3,1,6.8035
176,car,noise,2,1,5.2761
176,car,noise,1,0,5.2937
176,car,noise,3,1,6.3343
176,car,noise,3,0,10.1457
176,car,noise,2,1,4.1326
176,car,noise,2,1,11.6808
176,car,noise,2,1,3.7992
176,car,noise,2,1,3.0971
176,car,noise,2,0,5.9125
176,car,noise,3,1,5.8898
176,car,noise,1,1,7.8207
176,car,noise,3,1,2.4954
176,face,no_noise,1,1,4.0946
176,face,no_noise,3,0,4.1521
176,face,no_noise,1,1,2.7211
176,face,no_noise,3,1,6.3032
176,face,no_noise,1,0,3.1855
176,face,no_noise,2,1,1.8045
176,face,no_noise,3,0,4.4062
176,face,no_noise,3,1,2.1842
176,face,no_noise,2,1,1.331
176,face,no_noise,3,1,2.6025
176,face,no_noise,2,1,3.1226
176,face,no_noise,3,1,4.5698
176,face,no_noise,2,1,3.4566
176,face,no_noise,1,1,5.802
176,face,no_noise,2,1,5.8705
176,face,no_noise,2,1,2.936
176,face,no_noise,2,1,6.1239
176,face,no_noise,2,1,5.4862
176,face,no_noise,1,1,6.6525
176,face,no_noise,3,1,2.7014
176,face,no_noise,1,1,2.1029
176,face,no_noise,2,1,2.6427
176,face,no_noise,2,1,5.0696
176,face,no_noise,1,1,3.7193
176,face,no_noise,3,1,6.7036
176,face,no_noise,1,1,5.7364
176,face,no_noise,2,1,2.2031
176,face,no_noise,1,1,4.5894
176,face,no_noise,1,1,3.6859
176,face,no_noise,3,1,3.6019
176,face,noise,3,0,6.1473
176,face,noise,3,1,4.3841
176,face,noise,1,1,4.2532
176,face,noise,1,1,4.9024
176,face,noise,3,1,6.437
176,face,noise,1,1,4.5602
176,face,noise,2,1,3.5372
176,face,noise,3,0,5.7139
176,face,noise,2,1,4.003
176,face,noise,2,1,7.7184
176,face,noise,2,1,5.1195
176,face,noise,2,1,5.6195
176,face,noise,1,1,7.9883
176,face,noise,2,1,5.0029
176,face,noise,1,1,4.2853
176,face,noise,2,1,4.0182
176,face,noise,3,1,4.4856
176,face,noise,1,1,21.6573
176,face,noise,3,1,6.0361
176,face,noise,1,1,2.9007
176,face,noise,1,1,3.6024
176,face,noise,3,0,5.82
176,face,noise,2,0,4.6523
176,face,noise,2,0,4.4023
178,face,no_noise,1,1,7.7033
178,face,no_noise,3,0,6.3835
178,face,no_noise,2,0,4.6758
178,face,no_noise,2,0,5.3906
178,face,no_noise,3,1,4.8746
178,face,no_noise,3,0,5.4533
178,face,no_noise,1,1,4.4993
178,face,no_noise,3,1,4.2075
178,face,no_noise,1,0,4.4943
178,face,no_noise,2,0,2.8323
178,face,no_noise,3,0,2.3065
178,face,no_noise,1,0,3.1579
178,face,no_noise,2,1,3.5433
178,face,no_noise,2,0,5.0326
178,face,no_noise,3,0,4.3328
178,face,no_noise,1,0,2.8337
178,face,no_noise,3,0,2.751
178,face,no_noise,1,0,4.0593
178,face,no_noise,2,0,2.1928
178,face,no_noise,3,1,3.8899
178,face,no_noise,2,0,5.3825
178,face,no_noise,2,1,3.7858
178,face,no_noise,3,0,5.9981
178,face,no_noise,3,0,7.065
178,face,no_noise,2,0,3.2355
178,face,no_noise,2,0,3.608
178,face,no_noise,2,1,3.2971
178,face,no_noise,3,0,2.0684
178,face,no_noise,2,0,2.5418
178,face,no_noise,1,0,2.447
178,face,noise,2,1,4.3737
178,face,noise,2,0,4.0704
178,face,noise,3,0,3.2005
178,face,noise,3,0,4.5219
178,face,noise,2,0,3.6541
178,face,noise,2,0,5.6565
178,face,noise,3,0,5.9203
178,face,noise,3,0,1.8684
178,face,noise,3,0,3.2359
178,face,noise,2,1,3.2241
178,face,noise,2,1,5.2311
178,face,noise,1,0,3.9817
178,face,noise,3,0,3.8503
178,face,noise,2,1,4.6508
178,face,noise,2,0,2.8643
178,face,noise,3,0,4.2255
178,face,noise,1,0,3.3411
178,face,noise,3,0,1.7869
178,face,noise,3,1,4.1393
178,face,noise,2,0,1.5809
178,face,noise,3,0,4.8842
178,face,noise,1,1,3.624
178,face,noise,1,1,5.9594
178,face,noise,2,0,2.6326
178,car,no_noise,2,1,4.4985
178,car,no_noise,3,0,4.824
178,car,no_noise,3,0,5.0698
178,car,no_noise,3,1,4.0394
178,car,no_noise,1,0,8.1586
178,car,no_noise,1,1,8.2189
178,car,no_noise,1,0,7.8191
178,car,no_noise,3,0,7.4861
178,car,no_noise,3,0,5.1182
178,car,no_noise,2,0,6.7517
178,car,no_noise,3,1,2.1413
178,car,no_noise,3,1,5.6063
178,car,no_noise,2,1,4.6682
178,car,no_noise,2,1,4.2818
178,car,no_noise,1,0,5.8742
178,car,no_noise,3,0,7.8103
178,car,no_noise,1,1,6.0476
178,car,no_noise,1,1,4.0256
178,car,no_noise,2,1,6.4417
178,car,no_noise,1,1,2.4331
178,car,no_noise,2,0,3.2921
178,car,no_noise,1,1,6.2644
178,car,no_noise,3,1,3.0563
178,car,no_noise,2,1,2.357
178,car,no_noise,2,1,3.1594
178,car,no_noise,2,0,2.782
178,car,no_noise,1,0,6.5988
178,car,no_noise,2,1,2.0317
178,car,no_noise,1,1,2.9897
178,car,no_noise,1,1,6.6912
178,car,noise,2,1,6.3758
178,car,noise,3,1,6.3938
178,car,noise,3,1,2.137
178,car,noise,1,1,4.1746
178,car,noise,2,1,5.3808
178,car,noise,1,0,5.5527
178,car,noise,1,1,2.527
178,car,noise,1,1,1.7522
178,car,noise,2,1,4.9915
178,car,noise,1,1,1.4654
178,car,noise,1,1,5.4371
178,car,noise,2,0,7.5476
178,car,noise,2,1,2.7139
178,car,noise,1,0,7.0309
178,car,noise,2,0,2.2101
178,car,noise,2,1,1.4465
178,car,noise,2,1,5.5833
178,car,noise,3,0,4.5607
178,car,noise,2,1,2.6211
178,car,noise,2,1,8.6075
178,car,noise,3,1,2.496
178,car,noise,1,0,6.316
178,car,noise,3,0,4.9523
178,car,noise,1,0,3.0964
179,car,no_noise,2,1,8.6394
179,car,no_noise,1,1,9.3011
179,car,no_noise,1,1,10.236
179,car,no_noise,2,0,5.8359
179,car,no_noise,2,1,7.5485
179,car,no_noise,1,1,7.5332
179,car,no_noise,3,1,11.3245
179,car,no_noise,1,1,7.5013
179,car,no_noise,1,1,16.9797
179,car,no_noise,3,1,5.4665
179,car,no_noise,3,1,8.1858
179,car,no_noise,3,1,4.8867
179,car,no_noise,2,1,3.7952
179,car,no_noise,2,1,6.5921
179,car,no_noise,3,1,4.1364
179,car,no_noise,2,1,5.0079
179,car,no_noise,3,0,5.5433
179,car,no_noise,1,1,7.3349
179,car,no_noise,2,1,3.8569
179,car,no_noise,1,1,6.3815
179,car,no_noise,3,0,4.0337
179,car,no_noise,1,1,7.1535
179,car,no_noise,1,0,8.9582
179,car,no_noise,2,1,11.2177
179,car,no_noise,3,0,9.5334
179,car,no_noise,3,1,3.3326
179,car,no_noise,1,0,5.9336
179,car,no_noise,2,1,8.3672
179,car,no_noise,2,0,6.5179
179,car,no_noise,1,1,7.7331
179,car,noise,2,1,8.4012
179,car,noise,3,1,7.5336
179,car,noise,3,1,5.1401
179,car,noise,1,1,3.5032
179,car,noise,2,1,5.8263
179,car,noise,2,1,6.4925
179,car,noise,1,1,1.3892
179,car,noise,1,1,3.4442
179,car,noise,2,1,4.5829
179,car,noise,1,1,4.1884
179,car,noise,1,1,6.9133
179,car,noise,3,1,8.7737
179,car,noise,2,1,2.1582
179,car,noise,1,0,3.4896
179,car,noise,3,1,6.5294
179,car,noise,2,1,7.1263
179,car,noise,2,1,6.1601
179,car,noise,2,1,5.7914
179,car,noise,2,1,5.9438
179,car,noise,2,1,5.1913
179,car,noise,3,1,4.3166
179,car,noise,3,1,10.1333
179,car,noise,2,0,10.5784
179,car,noise,2,0,3.396
179,face,no_noise,1,1,7.2567
179,face,no_noise,2,1,1.5334
179,face,no_noise,1,1,1.3876
179,face,no_noise,3,1,2.1909
179,face,no_noise,3,1,2.6568
179,face,no_noise,2,1,1.6323
179,face,no_noise,1,1,1.7062
179,face,no_noise,3,1,1.4125
179,face,no_noise,2,1,2.1065
179,face,no_noise,3,1,1.4871
179,face,no_noise,2,1,1.1733
179,face,no_noise,3,1,2.1022
179,face,no_noise,2,1,1.407
179,face,no_noise,1,1,1.1882
179,face,no_noise,2,1,0.9397
179,face,no_noise,2,1,3.9985
179,face,no_noise,3,0,2.8329
179,face,no_noise,2,1,2.9712
179,face,no_noise,1,1,2.0024
179,face,no_noise,3,1,1.6124
179,face,no_noise,2,0,2.8074
179,face,no_noise,2,1,1.2653
179,face,no_noise,2,1,1.0689
179,face,no_noise,1,1,2.2885
179,face,no_noise,3,1,2.1854
179,face,no_noise,1,1,1.186
179,face,no_noise,2,1,1.2497
179,face,no_noise,1,1,1.7534
179,face,no_noise,1,1,1.2009
179,face,no_noise,3,1,4.0837
179,face,noise,2,1,3.0896
179,face,noise,2,0,1.8737
179,face,noise,1,1,2.2032
179,face,noise,1,1,1.3438
179,face,noise,2,0,1.7767
179,face,noise,1,1,2.0633
179,face,noise,2,1,1.7708
179,face,noise,3,0,3.7679
179,face,noise,2,1,1.8388
179,face,noise,2,1,2.7733
179,face,noise,2,1,1.6329
179,face,noise,2,1,1.9841
179,face,noise,1,1,4.7452
179,face,noise,2,1,1.3449
179,face,noise,1,1,0.9857
179,face,noise,2,1,2.0598
179,face,noise,3,1,1.972
179,face,noise,1,1,1.3871
179,face,noise,2,0,1.4863
179,face,noise,2,0,2.1351
179,face,noise,2,0,1.8421
179,face,noise,1,1,1.3611
179,face,noise,3,0,2.0908
179,face,noise,2,0,2.1213
180,car,no_noise,2,1,6.0421
180,car,no_noise,1,1,2.6153
180,car,no_noise,1,1,8.6119
180,car,no_noise,2,0,2.2764
180,car,no_noise,1,0,4.5635
180,car,no_noise,3,0,3.9622
180,car,no_noise,3,1,4.2885
180,car,no_noise,1,1,5.1393
180,car,no_noise,1,1,6.984
180,car,no_noise,3,1,6.0941
180,car,no_noise,1,0,5.8691
180,car,no_noise,3,1,4.0105
180,car,no_noise,2,1,5.3645
180,car,no_noise,1,0,8.6981
180,car,no_noise,3,1,4.7837
180,car,no_noise,2,1,8.236
180,car,no_noise,1,1,5.4359
180,car,no_noise,3,0,5.6063
180,car,no_noise,3,0,6.8708
180,car,no_noise,3,0,6.2575
180,car,no_noise,3,0,3.3252
180,car,no_noise,2,0,8.5743
180,car,no_noise,3,1,8.6564
180,car,no_noise,2,1,5.5884
180,car,no_noise,3,0,9.6075
180,car,no_noise,2,0,5.1488
180,car,no_noise,2,1,3.4704
180,car,no_noise,2,1,6.2639
180,car,no_noise,3,0,4.2841
180,car,no_noise,1,1,5.2948
180,car,noise,2,1,6.5388
180,car,noise,1,0,6.4661
180,car,noise,2,0,8.3634
180,car,noise,2,0,4.2551
180,car,noise,2,1,2.9394
180,car,noise,2,1,3.8449
180,car,noise,3,0,4.3249
180,car,noise,1,1,3.0505
180,car,noise,2,1,5.3653
180,car,noise,1,1,4.8785
180,car,noise,1,1,3.26
180,car,noise,3,1,5.9518
180,car,noise,2,1,7.8266
180,car,noise,3,1,4.6981
180,car,noise,2,0,5.8257
180,car,noise,1,0,7.3629
180,car,noise,2,1,4.02
180,car,noise,2,1,4.8519
180,car,noise,3,0,4.8182
180,car,noise,3,0,4.5503
180,car,noise,1,0,10.6518
180,car,noise,3,1,4.7391
180,car,noise,3,0,4.9583
180,car,noise,3,1,5.0466
180,face,no_noise,1,1,3.2851
180,face,no_noise,2,1,3.2071
180,face,no_noise,1,1,1.9676
180,face,no_noise,3,1,2.9512
180,face,no_noise,3,1,1.5711
180,face,no_noise,3,0,1.238
180,face,no_noise,1,1,3.9376
180,face,no_noise,3,1,1.2343
180,face,no_noise,2,1,3.0225
180,face,no_noise,3,1,1.5683
180,face,no_noise,2,1,1.834
180,face,no_noise,2,0,2.051
180,face,no_noise,2,1,1.8708
180,face,no_noise,1,1,2.1099
180,face,no_noise,2,1,0.869
180,face,no_noise,3,0,2.6178
180,face,no_noise,2,1,1.4678
180,face,no_noise,2,1,2.4875
180,face,no_noise,3,0,1.9349
180,face,no_noise,3,1,0.9514
180,face,no_noise,2,0,1.0245
180,face,no_noise,2,1,0.8587
180,face,no_noise,2,1,0.9235
180,face,no_noise,2,0,1.8013
180,face,no_noise,3,1,1.74
180,face,no_noise,1,1,3.0247
180,face,no_noise,2,1,1.0676
180,face,no_noise,3,0,1.8012
180,face,no_noise,1,1,1.8537
180,face,no_noise,3,1,1.151
180,face,noise,2,1,1.871
180,face,noise,3,1,4.4388
180,face,noise,3,0,2.5186
180,face,noise,1,1,1.8562
180,face,noise,3,1,1.7025
180,face,noise,1,1,1.8694
180,face,noise,2,1,1.3508
180,face,noise,2,0,1.1871
180,face,noise,2,1,2.3762
180,face,noise,2,1,1.3509
180,face,noise,2,1,1.2173
180,face,noise,2,1,0.8886
180,face,noise,2,0,1.6555
180,face,noise,2,1,1.3341
180,face,noise,1,1,1.5263
180,face,noise,2,1,0.8011
180,face,noise,3,1,1.4062
180,face,noise,1,1,2.0417
180,face,noise,3,1,1.5509
180,face,noise,3,0,1.8676
180,face,noise,2,0,1.5009
180,face,noise,1,1,2.2343
180,face,noise,1,1,2.207
180,face,noise,3,1,2.1342
181,car,no_noise,2,1,2.1767
181,car,no_noise,1,1,2.5582
181,car,no_noise,3,0,5.5395
181,car,no_noise,2,0,2.3713
181,car,no_noise,2,1,2.3238
181,car,no_noise,1,1,1.6379
181,car,no_noise,3,1,5.6059
181,car,no_noise,1,1,1.1733
181,car,no_noise,1,1,3.1403
181,car,no_noise,1,0,3.7285
181,car,no_noise,1,0,1.5897
181,car,no_noise,3,1,2.1647
181,car,no_noise,2,1,1.7554
181,car,no_noise,2,1,3.3706
181,car,no_noise,3,1,3.9957
181,car,no_noise,3,0,2.0552
181,car,no_noise,1,1,3.5066
181,car,no_noise,2,0,3.739
181,car,no_noise,1,0,4.4395
181,car,no_noise,3,0,2.4874
181,car,no_noise,3,0,2.0333
181,car,no_noise,1,1,2.5273
181,car,no_noise,3,1,2.8397
181,car,no_noise,2,1,3.0012
181,car,no_noise,2,1,3.9237
181,car,no_noise,2,0,3.1219
181,car,no_noise,2,1,4.1051
181,car,no_noise,2,1,2.3785
181,car,no_noise,3,0,1.8487
181,car,no_noise,1,1,1.9663
181,car,noise,2,1,1.7294
181,car,noise,3,1,2.15
181,car,noise,3,1,2.3297
181,car,noise,2,0,2.2545
181,car,noise,2,1,1.8
181,car,noise,2,1,2.9859
181,car,noise,1,1,2.6
181,car,noise,1,1,0.9692
181,car,noise,2,1,1.8855
181,car,noise,1,1,1.617
181,car,noise,1,1,3.4181
181,car,noise,3,1,2.4001
181,car,noise,2,1,4.9031
181,car,noise,1,0,1.9844
181,car,noise,3,1,2.217
181,car,noise,2,1,1.8989
181,car,noise,3,0,2.1008
181,car,noise,2,1,1.7855
181,car,noise,2,1,3.733
181,car,noise,2,1,1.3682
181,car,noise,3,1,2.4732
181,car,noise,3,1,2.7779
181,car,noise,3,0,3.912
181,car,noise,3,1,1.6616
181,face,no_noise,1,1,1.4542
181,face,no_noise,1,0,1.9598
181,face,no_noise,3,0,3.2318
181,face,no_noise,2,0,2.3249
181,face,no_noise,3,1,1.563
181,face,no_noise,3,0,2.0459
181,face,no_noise,1,1,2.4323
181,face,no_noise,3,1,1.6122
181,face,no_noise,2,1,2.8969
181,face,no_noise,2,0,1.9152
181,face,no_noise,1,0,2.9078
181,face,no_noise,3,1,1.9467
181,face,no_noise,3,0,1.412
181,face,no_noise,1,1,1.1215
181,face,no_noise,2,1,1.3631
181,face,no_noise,2,1,1.9472
181,face,no_noise,1,0,1.8628
181,face,no_noise,1,0,1.6293
181,face,no_noise,3,0,1.6007
181,face,no_noise,3,1,1.7311
181,face,no_noise,2,0,1.587
181,face,no_noise,2,1,1.8457
181,face,no_noise,3,0,1.6669
181,face,no_noise,1,1,1.7286
181,face,no_noise,3,1,1.2981
181,face,no_noise,3,0,2.1462
181,face,no_noise,2,1,1.7451
181,face,no_noise,2,0,1.4758
181,face,no_noise,1,1,1.7628
181,face,no_noise,3,1,2.8133
181,face,noise,3,0,2.6722
181,face,noise,1,0,3.1474
181,face,noise,3,0,5.2812
181,face,noise,3,0,2.9947
181,face,noise,3,1,3.5327
181,face,noise,1,1,4.5612
181,face,noise,3,0,2.6668
181,face,noise,2,0,1.7957
181,face,noise,3,0,2.7621000000000002
181,face,noise,1,0,3.1609
181,face,noise,3,0,2.9449
181,face,noise,1,0,1.6948
181,face,noise,1,1,2.3611
181,face,noise,3,0,3.6628
181,face,noise,2,0,3.1284
181,face,noise,2,1,2.2279
181,face,noise,3,1,1.6119
181,face,noise,1,1,2.0115
181,face,noise,3,1,2.1981
181,face,noise,2,0,1.7945
181,face,noise,3,0,2.6612
181,face,noise,1,1,1.6116
181,face,noise,3,0,1.4476
181,face,noise,3,1,2.4293
182,face,no_noise,1,1,3.0459
182,face,no_noise,2,1,4.2333
182,face,no_noise,1,1,2.1801
182,face,no_noise,3,1,11.8998
182,face,no_noise,2,0,4.6808
182,face,no_noise,3,0,2.3777
182,face,no_noise,1,1,2.7788
182,face,no_noise,3,1,3.9749
182,face,no_noise,2,1,1.4804
182,face,no_noise,2,0,5.456
182,face,no_noise,2,1,2.9078
182,face,no_noise,3,1,2.2153
182,face,no_noise,2,1,5.8457
182,face,no_noise,1,1,1.6939
182,face,no_noise,2,1,1.1362
182,face,no_noise,2,1,6.1283
182,face,no_noise,2,1,1.0365
182,face,no_noise,2,1,2.2358
182,face,no_noise,3,0,3.5383
182,face,no_noise,3,1,1.9389
182,face,no_noise,1,1,1.5808
182,face,no_noise,2,1,1.5661
182,face,no_noise,2,1,2.1958
182,face,no_noise,1,1,2.5838
182,face,no_noise,3,1,2.3955
182,face,no_noise,3,0,3.1006
182,face,no_noise,2,1,4.3417
182,face,no_noise,1,1,5.2961
182,face,no_noise,3,0,1.975
182,face,no_noise,3,1,2.1034
182,face,noise,2,1,3.0599
182,face,noise,3,1,1.6864
182,face,noise,3,0,2.2409
182,face,noise,3,0,2.6376
182,face,noise,2,0,5.0777
182,face,noise,1,1,1.7499
182,face,noise,2,1,2.0541
182,face,noise,1,1,1.7657
182,face,noise,3,0,5.8864
182,face,noise,2,1,1.38
182,face,noise,2,1,2.037
182,face,noise,2,1,1.4808
182,face,noise,1,1,1.8095
182,face,noise,2,1,2.2294
182,face,noise,1,1,2.1053
182,face,noise,2,1,1.6561
182,face,noise,3,1,1.6566
182,face,noise,1,1,2.479
182,face,noise,3,1,1.5931
182,face,noise,1,1,2.8856
182,face,noise,2,0,1.5513
182,face,noise,1,1,1.7662
182,face,noise,1,1,1.7861
182,face,noise,3,1,4.3995
182,car,no_noise,2,1,3.6776
182,car,no_noise,1,1,3.2533
182,car,no_noise,3,0,3.9806
182,car,no_noise,2,0,2.0099
182,car,no_noise,1,0,2.3616
182,car,no_noise,3,0,3.241
182,car,no_noise,3,1,3.0639
182,car,no_noise,1,1,1.675
182,car,no_noise,1,1,3.7356
182,car,no_noise,3,1,3.8252
182,car,no_noise,3,1,2.6683
182,car,no_noise,1,0,1.9982
182,car,no_noise,2,1,1.6835
182,car,no_noise,2,1,4.8253
182,car,no_noise,3,1,4.6584
182,car,no_noise,3,0,2.6534
182,car,no_noise,1,1,2.2804
182,car,no_noise,1,1,3.3851
182,car,no_noise,3,0,3.67
182,car,no_noise,3,0,2.5586
182,car,no_noise,2,0,1.8744
182,car,no_noise,1,1,1.8841
182,car,no_noise,3,1,1.8276
182,car,no_noise,2,1,2.8944
182,car,no_noise,2,1,2.8714
182,car,no_noise,2,0,2.4082
182,car,no_noise,2,1,1.5899
182,car,no_noise,2,1,2.5888
182,car,no_noise,3,0,1.9775
182,car,no_noise,1,1,2.3788
182,car,noise,2,1,4.0032
182,car,noise,3,1,2.074
182,car,noise,2,0,2.4457
182,car,noise,2,0,1.7264
182,car,noise,2,1,0.869
182,car,noise,2,1,1.8945
182,car,noise,2,0,1.8813
182,car,noise,1,1,1.5612
182,car,noise,1,0,1.2086
182,car,noise,1,1,1.5813
182,car,noise,1,1,1.756
182,car,noise,3,1,1.9734
182,car,noise,2,1,1.9992
182,car,noise,1,0,2.7656
182,car,noise,3,1,2.0049
182,car,noise,2,1,1.9688
182,car,noise,3,0,2.4418
182,car,noise,2,1,3.4406
182,car,noise,2,1,3.0603
182,car,noise,2,1,2.8782
182,car,noise,2,0,2.0924
182,car,noise,1,0,1.3777
182,car,noise,3,0,4.0376
182,car,noise,3,1,3.9585
183,face,no_noise,1,1,2.037
183,face,no_noise,2,1,1.633
183,face,no_noise,1,1,2.031
183,face,no_noise,3,1,1.931
183,face,no_noise,3,1,1.836
183,face,no_noise,2,1,1.587
183,face,no_noise,1,1,1.233
183,face,no_noise,3,1,1.532
183,face,no_noise,2,1,1.401
183,face,no_noise,3,1,1.678
183,face,no_noise,2,1,2.293
183,face,no_noise,3,1,1.74
183,face,no_noise,2,1,1.299
183,face,no_noise,1,1,1.276
183,face,no_noise,2,1,1.288
183,face,no_noise,2,1,1.331
183,face,no_noise,2,1,1.206
183,face,no_noise,2,1,1.245
183,face,no_noise,1,1,1.588
183,face,no_noise,3,1,1.403
183,face,no_noise,1,1,0.993
183,face,no_noise,2,1,1.201
183,face,no_noise,2,1,1.367
183,face,no_noise,1,1,0.974
183,face,no_noise,3,1,1.628
183,face,no_noise,1,1,0.854
183,face,no_noise,2,1,1.852
183,face,no_noise,1,1,1.609
183,face,no_noise,1,1,1.057
183,face,no_noise,3,1,1.735
183,face,noise,2,1,2.383
183,face,noise,3,1,1.932
183,face,noise,1,1,2.148
183,face,noise,1,1,1.075
183,face,noise,3,1,1.739
183,face,noise,1,1,1.8
183,face,noise,2,1,1.509
183,face,noise,1,1,2.981
183,face,noise,2,1,1.749
183,face,noise,2,1,2.976
183,face,noise,2,1,3.032
183,face,noise,2,1,1.379
183,face,noise,1,1,1.542
183,face,noise,2,1,1.406
183,face,noise,1,1,1.445
183,face,noise,2,1,1.621
183,face,noise,1,0,2.613
183,face,noise,1,1,1.732
183,face,noise,3,1,1.839
183,face,noise,1,1,1.411
183,face,noise,1,1,2.14
183,face,noise,1,1,3.522
183,face,noise,1,1,1.836
183,face,noise,3,1,1.932
183,car,no_noise,2,1,1.853
183,car,no_noise,1,1,2.277
183,car,no_noise,1,1,1.749
183,car,no_noise,3,1,1.978
183,car,no_noise,2,1,1.748
183,car,no_noise,1,1,0.856
183,car,no_noise,3,1,2.87
183,car,no_noise,1,1,0.922
183,car,no_noise,1,1,2.752
183,car,no_noise,3,1,2.132
183,car,no_noise,3,1,3.982
183,car,no_noise,3,1,4.814
183,car,no_noise,3,0,4.668
183,car,no_noise,2,1,2.949
183,car,no_noise,3,1,5.112
183,car,no_noise,2,1,1.632
183,car,no_noise,1,1,1.412
183,car,no_noise,1,1,3.368
183,car,no_noise,2,1,1.502
183,car,no_noise,1,1,4.212
183,car,no_noise,1,1,1.124
183,car,no_noise,1,1,1.306
183,car,no_noise,3,1,3.643
183,car,no_noise,2,1,4.698
183,car,no_noise,2,1,2.514
183,car,no_noise,3,1,2.205
183,car,no_noise,2,1,1.467
183,car,no_noise,2,1,1.441
183,car,no_noise,1,1,1.92
183,car,no_noise,1,1,1.195
183,car,noise,2,1,3.195
183,car,noise,3,1,2.286
183,car,noise,3,1,2.436
183,car,noise,1,1,1.192
183,car,noise,2,1,2.118
183,car,noise,3,0,2.465
183,car,noise,1,1,1.157
183,car,noise,1,1,2.699
183,car,noise,2,1,2.49
183,car,noise,1,1,1.717
183,car,noise,1,1,3.751
183,car,noise,3,1,1.78
183,car,noise,2,1,1.726
183,car,noise,3,1,1.939
183,car,noise,3,1,4.003
183,car,noise,2,1,1.893
183,car,noise,2,1,2.064
183,car,noise,2,1,2.806
183,car,noise,2,1,1.626
183,car,noise,2,1,1.401
183,car,noise,3,1,3.224
183,car,noise,3,1,3.525
183,car,noise,1,1,4.195
183,car,noise,3,1,1.969
184,face,no_noise,1,1,19.104
184,face,no_noise,2,1,16.4416
184,face,no_noise,2,0,38.1549
184,face,no_noise,3,1,13.7637
184,face,no_noise,3,1,47.7976
184,face,no_noise,2,1,45.2276
184,face,no_noise,1,1,43.7774
184,face,no_noise,3,1,70.2773
184,face,no_noise,2,1,4.4666
184,face,no_noise,2,0,10.9826
184,face,no_noise,2,1,3.9834
184,face,no_noise,3,1,6.2165
184,face,no_noise,3,0,13.9319
184,face,no_noise,1,1,31.4045
184,face,no_noise,3,0,5.3806
184,face,no_noise,3,0,8.0064
184,face,no_noise,2,1,11.7823
184,face,no_noise,2,1,3.7307
184,face,no_noise,2,0,8.9429
184,face,no_noise,3,1,6.5942
184,face,no_noise,2,0,3.7898
184,face,no_noise,2,1,6.5191
184,face,no_noise,2,1,4.5577
184,face,no_noise,3,0,13.1366
184,face,no_noise,3,1,2.9336
184,face,no_noise,2,0,8.022
184,face,no_noise,2,1,6.1638
184,face,no_noise,2,0,36.8048
184,face,no_noise,1,1,7.419
184,face,no_noise,1,0,7.4483
184,face,noise,2,1,19.9478
184,face,noise,2,0,3.7752
184,face,noise,2,0,9.0153
184,face,noise,1,1,55.1414
184,face,noise,3,1,4.5498
184,face,noise,3,0,4.674
184,face,noise,3,0,6.2785
184,face,noise,2,0,3.1141
184,face,noise,3,0,5.9208
184,face,noise,3,0,9.2225
184,face,noise,3,0,4.5726
184,face,noise,2,1,44.6256
184,face,noise,1,1,10.6657
184,face,noise,1,0,14.3629
184,face,noise,1,1,20.2875
184,face,noise,1,0,12.2556
184,face,noise,3,1,11.5725
184,face,noise,1,1,10.2965
184,face,noise,3,1,8.7971
184,face,noise,2,0,8.2636
184,face,noise,1,1,38.1414
184,face,noise,1,1,10.5735
184,face,noise,3,0,8.6211
184,face,noise,1,0,7.38
184,car,no_noise,3,0,46.5515
184,car,no_noise,1,1,5.6823
184,car,no_noise,3,0,5.6838
184,car,no_noise,3,1,26.7881
184,car,no_noise,2,1,6.7541
184,car,no_noise,2,0,15.3237
184,car,no_noise,1,0,18.8986
184,car,no_noise,1,1,14.7794
184,car,no_noise,1,1,50.227
184,car,no_noise,3,1,4.4499
184,car,no_noise,1,0,3.0831
184,car,no_noise,3,1,2.7476
184,car,no_noise,1,0,3.5474
184,car,no_noise,2,1,4.5317
184,car,no_noise,2,0,11.0716
184,car,no_noise,2,1,3.1164
184,car,no_noise,2,0,4.5806
184,car,no_noise,3,0,3.9475
184,car,no_noise,2,1,9.2389
184,car,no_noise,1,1,5.138
184,car,no_noise,2,0,5.9647
184,car,no_noise,2,0,11.0056
184,car,no_noise,3,1,3.4324
184,car,no_noise,2,1,1.8944
184,car,no_noise,2,1,3.1139
184,car,no_noise,2,0,3.314
184,car,no_noise,2,1,6.3524
184,car,no_noise,2,1,5.4809
184,car,no_noise,3,0,3.3417
184,car,no_noise,1,1,7.6043
184,car,noise,2,1,3.8422
184,car,noise,1,0,7.7179
184,car,noise,3,1,3.5348
184,car,noise,2,0,3.3116
184,car,noise,2,1,2.5449
184,car,noise,2,1,2.3001
184,car,noise,3,0,6.2845
184,car,noise,2,0,3.5494
184,car,noise,1,0,2.0777
184,car,noise,1,1,1.3521
184,car,noise,2,0,2.9171
184,car,noise,3,1,2.6065
184,car,noise,3,0,4.5955
184,car,noise,2,0,5.6569
184,car,noise,2,0,3.7685
184,car,noise,2,1,3.1363
184,car,noise,2,1,2.8009
184,car,noise,1,0,4.247
184,car,noise,1,0,1.9147
184,car,noise,2,1,2.1347
184,car,noise,3,1,3.6777
184,car,noise,3,1,2.7943
184,car,noise,3,0,2.7876
184,car,noise,2,0,5.021
185,face,no_noise,1,1,2.5669
185,face,no_noise,1,0,2.4643
185,face,no_noise,1,1,3.3248
185,face,no_noise,3,1,3.2002
185,face,no_noise,2,0,3.6393
185,face,no_noise,3,0,2.8283
185,face,no_noise,2,0,3.3147
185,face,no_noise,3,1,3.3036
185,face,no_noise,2,1,2.3515
185,face,no_noise,3,1,4.8425
185,face,no_noise,2,1,4.9986
185,face,no_noise,3,1,3.4918
185,face,no_noise,3,0,4.4711
185,face,no_noise,1,1,3.3135
185,face,no_noise,2,1,5.5803
185,face,no_noise,2,1,5.9397
185,face,no_noise,2,1,3.7935
185,face,no_noise,1,0,3.2639
185,face,no_noise,1,1,4.5571
185,face,no_noise,3,1,6.3012
185,face,no_noise,1,1,5.9246
185,face,no_noise,2,1,5.9902
185,face,no_noise,2,1,3.3217
185,face,no_noise,3,0,3.7632
185,face,no_noise,3,1,5.052
185,face,no_noise,2,0,6.8631
185,face,no_noise,2,1,5.3055
185,face,no_noise,2,0,5.4813
185,face,no_noise,1,1,2.2119
185,face,no_noise,3,1,5.3884
185,face,noise,2,1,6.9303
185,face,noise,1,0,3.6719
185,face,noise,3,0,2.339
185,face,noise,3,0,4.8858
185,face,noise,1,0,4.7441
185,face,noise,1,1,3.6971
185,face,noise,3,0,1.9552
185,face,noise,1,1,3.3179
185,face,noise,3,0,3.2489
185,face,noise,2,1,4.7977
185,face,noise,1,0,3.0282
185,face,noise,1,0,5.1387
185,face,noise,3,0,4.3619
185,face,noise,3,0,5.4088
185,face,noise,1,1,6.6072
185,face,noise,3,0,2.8097
185,face,noise,3,1,4.3127
185,face,noise,3,0,3.6105
185,face,noise,3,1,2.3461
185,face,noise,2,0,4.2679
185,face,noise,3,0,5.5909
185,face,noise,1,1,4.764
185,face,noise,1,1,3.7322
185,face,noise,1,0,5.6854
185,car,no_noise,2,1,7.8179
185,car,no_noise,1,1,2.1409
185,car,no_noise,3,0,4.2062
185,car,no_noise,2,0,4.7568
185,car,no_noise,2,1,3.4759
185,car,no_noise,3,0,3.6156
185,car,no_noise,2,0,3.9906
185,car,no_noise,1,1,4.7973
185,car,no_noise,1,1,3.2515
185,car,no_noise,3,1,3.8411
185,car,no_noise,3,1,4.909
185,car,no_noise,3,1,2.1909
185,car,no_noise,1,0,3.6073
185,car,no_noise,2,1,5.7015
185,car,no_noise,3,1,4.6075
185,car,no_noise,2,1,9.7805
185,car,no_noise,2,0,9.1182
185,car,no_noise,1,1,3.9228
185,car,no_noise,2,1,3.9003
185,car,no_noise,3,0,3.2633
185,car,no_noise,3,0,2.1962
185,car,no_noise,1,1,3.3971
185,car,no_noise,1,0,5.2679
185,car,no_noise,3,0,4.5355
185,car,no_noise,2,1,5.5592
185,car,no_noise,2,0,2.7826
185,car,no_noise,1,0,6.0952
185,car,no_noise,3,0,5.503
185,car,no_noise,3,0,4.3849
185,car,no_noise,1,1,3.9276
185,car,noise,2,1,5.5453
185,car,noise,3,1,4.6407
185,car,noise,3,1,5.9092
185,car,noise,2,0,3.9972
185,car,noise,3,0,6.244
185,car,noise,1,0,9.2868
185,car,noise,1,1,5.4128
185,car,noise,1,1,4.1931
185,car,noise,2,1,3.2238
185,car,noise,1,1,5.9502
185,car,noise,2,0,3.1975
185,car,noise,1,0,5.8284
185,car,noise,2,1,8.7277
185,car,noise,3,1,7.3492
185,car,noise,3,1,6.5529
185,car,noise,2,1,4.264
185,car,noise,1,0,5.164
185,car,noise,1,0,4.9069
185,car,noise,2,1,3.3803
185,car,noise,2,1,2.9481
185,car,noise,3,1,2.1263
185,car,noise,3,1,5.3289
185,car,noise,1,1,4.6335
185,car,noise,3,1,6.8779
186,car,no_noise,2,1,4.792
186,car,no_noise,1,1,4.3347
186,car,no_noise,3,0,3.3675
186,car,no_noise,2,0,6.7163
186,car,no_noise,2,1,4.4117
186,car,no_noise,1,1,4.055
186,car,no_noise,3,1,4.6948
186,car,no_noise,1,1,5.0109
186,car,no_noise,1,1,5.6378
186,car,no_noise,3,1,1.8532
186,car,no_noise,1,0,2.1187
186,car,no_noise,3,1,2.0447
186,car,no_noise,3,0,5.4012
186,car,no_noise,2,1,2.5509
186,car,no_noise,2,0,2.9549
186,car,no_noise,3,0,3.0232
186,car,no_noise,2,0,3.4714
186,car,no_noise,2,0,3.1436
186,car,no_noise,3,0,2.8518
186,car,no_noise,3,0,3.6278
186,car,no_noise,2,0,2.9603
186,car,no_noise,2,0,3.2018
186,car,no_noise,1,0,4.7229
186,car,no_noise,1,0,4.6533
186,car,no_noise,2,1,1.7204
186,car,no_noise,2,0,4.0387
186,car,no_noise,2,1,3.2708
186,car,no_noise,1,0,2.3336
186,car,no_noise,3,0,2.2886
186,car,no_noise,2,0,2.9534
186,car,noise,1,0,2.629
186,car,noise,2,0,1.4329
186,car,noise,3,1,1.2782
186,car,noise,2,0,2.4127
186,car,noise,2,1,1.18
186,car,noise,1,0,1.9823
186,car,noise,3,0,2.4967
186,car,noise,1,1,1.5391
186,car,noise,3,0,1.5292
186,car,noise,1,1,1.6022
186,car,noise,2,0,1.063
186,car,noise,1,0,0.99
186,car,noise,2,1,2.2244
186,car,noise,2,0,2.4746
186,car,noise,3,1,1.8164
186,car,noise,2,1,0.9621
186,car,noise,1,0,1.8213
186,car,noise,2,1,1.5386
186,car,noise,1,0,4.1328
186,car,noise,3,0,3.5967
186,car,noise,1,0,4.8001
186,car,noise,2,0,1.4413
186,car,noise,3,0,1.6965
186,car,noise,2,0,1.0645
186,face,no_noise,1,1,2.8214
186,face,no_noise,2,1,3.5661
186,face,no_noise,1,1,3.0326
186,face,no_noise,3,1,2.5141
186,face,no_noise,2,0,2.0183
186,face,no_noise,2,1,1.5172
186,face,no_noise,1,1,2.5489
186,face,no_noise,3,1,7.0184
186,face,no_noise,1,0,0.2977
186,face,no_noise,3,1,1.5742
186,face,no_noise,2,1,0.8853
186,face,no_noise,3,1,1.2063
186,face,no_noise,2,1,1.0248
186,face,no_noise,1,1,1.5001
186,face,no_noise,2,1,3.6467
186,face,no_noise,2,1,2.2024
186,face,no_noise,2,1,1.7003
186,face,no_noise,2,1,1.3417
186,face,no_noise,3,0,1.2292
186,face,no_noise,3,1,1.2348
186,face,no_noise,2,0,1.4066
186,face,no_noise,2,1,1.2661
186,face,no_noise,3,0,1.3161
186,face,no_noise,1,1,3.857
186,face,no_noise,3,1,1.7837
186,face,no_noise,1,1,0.8492
186,face,no_noise,2,1,2.4223
186,face,no_noise,2,0,2.7022
186,face,no_noise,1,1,1.6981
186,face,no_noise,3,1,1.5176
186,face,noise,3,0,2.1043
186,face,noise,3,1,1.4637
186,face,noise,1,1,3.2352
186,face,noise,1,1,0.8845
186,face,noise,3,1,1.3316
186,face,noise,1,1,1.0639
186,face,noise,2,1,1.2826
186,face,noise,1,1,1.8958
186,face,noise,2,1,1.4493
186,face,noise,3,0,1.4673
186,face,noise,3,0,1.8169
186,face,noise,1,0,1.0127
186,face,noise,1,1,1.6669
186,face,noise,2,1,1.7457
186,face,noise,3,0,1.6399
186,face,noise,2,1,1.7806
186,face,noise,3,1,1.2889
186,face,noise,1,1,1.69
186,face,noise,2,0,3.2308
186,face,noise,3,0,1.1716
186,face,noise,2,0,1.4635
186,face,noise,2,0,1.7984
186,face,noise,1,1,2.096
186,face,noise,3,1,1.4966
187,face,no_noise,1,1,2.6848
187,face,no_noise,2,1,2.3509
187,face,no_noise,3,0,4.1086
187,face,no_noise,2,0,4.238
187,face,no_noise,3,1,3.1848
187,face,no_noise,3,0,2.5888
187,face,no_noise,2,0,3.1216
187,face,no_noise,3,1,4.0385
187,face,no_noise,2,1,2.1997
187,face,no_noise,2,0,3.7595
187,face,no_noise,2,1,1.353
187,face,no_noise,2,0,1.461
187,face,no_noise,2,1,3.4169
187,face,no_noise,2,0,3.0044
187,face,no_noise,2,1,1.4839
187,face,no_noise,2,1,1.6893
187,face,no_noise,3,0,2.153
187,face,no_noise,1,0,3.0423
187,face,no_noise,3,0,2.5549
187,face,no_noise,1,0,3.8339
187,face,no_noise,2,0,2.5007
187,face,no_noise,2,1,2.2838
187,face,no_noise,3,0,3.0834
187,face,no_noise,2,0,1.7086
187,face,no_noise,3,1,2.0844
187,face,no_noise,2,0,1.6549
187,face,no_noise,2,1,2.322
187,face,no_noise,2,0,2.5735
187,face,no_noise,1,1,2.2054
187,face,no_noise,2,0,1.7526
187,face,noise,1,0,2.6501
187,face,noise,3,1,1.9902
187,face,noise,3,0,1.3162
187,face,noise,3,0,2.301
187,face,noise,2,0,1.0017
187,face,noise,2,0,1.6172
187,face,noise,1,0,1.6504
187,face,noise,2,0,0.7005
187,face,noise,3,0,0.8749
187,face,noise,3,0,1.154
187,face,noise,3,0,1.8932
187,face,noise,1,0,0.8874
187,face,noise,1,1,2.4199
187,face,noise,1,0,1.017
187,face,noise,2,0,1.0917
187,face,noise,3,0,1.5719
187,face,noise,2,0,1.0838
187,face,noise,2,0,1.1166
187,face,noise,3,1,1.7843
187,face,noise,3,0,1.2673
187,face,noise,2,0,0.9168
187,face,noise,2,0,0.7063
187,face,noise,2,0,0.7677
187,face,noise,2,0,1.5561
187,car,no_noise,2,1,3.473
187,car,no_noise,2,0,1.9173
187,car,no_noise,3,0,2.4508
187,car,no_noise,1,0,2.568
187,car,no_noise,2,1,2.701
187,car,no_noise,3,0,3.2035
187,car,no_noise,2,0,2.7025
187,car,no_noise,1,1,2.6172
187,car,no_noise,1,1,4.8673
187,car,no_noise,2,0,3.221
187,car,no_noise,3,1,2.7682
187,car,no_noise,3,1,1.2737
187,car,no_noise,2,1,2.2229
187,car,no_noise,2,1,1.6176
187,car,no_noise,3,1,3.79
187,car,no_noise,2,1,3.5347
187,car,no_noise,3,0,1.534
187,car,no_noise,2,0,1.9677
187,car,no_noise,2,1,1.5939
187,car,no_noise,3,0,2.1833
187,car,no_noise,3,0,1.8337
187,car,no_noise,3,0,2.6999
187,car,no_noise,1,0,2.0903
187,car,no_noise,3,0,2.6345
187,car,no_noise,2,1,1.4854
187,car,no_noise,2,0,1.9167
187,car,no_noise,2,1,1.653
187,car,no_noise,2,1,1.8385
187,car,no_noise,3,0,1.2841
187,car,no_noise,1,1,1.6588
187,car,noise,2,1,1.7946
187,car,noise,3,1,2.6088
187,car,noise,2,0,3.009
187,car,noise,1,1,2.9169
187,car,noise,2,1,2.2742
187,car,noise,2,1,1.5006
187,car,noise,1,1,2.5679
187,car,noise,1,1,1.1372
187,car,noise,1,0,2.5839
187,car,noise,2,0,1.3506
187,car,noise,1,1,2.0906
187,car,noise,1,0,1.3365
187,car,noise,2,1,2.284
187,car,noise,1,0,2.0865
187,car,noise,2,0,1.3724
187,car,noise,2,1,2.5032
187,car,noise,1,0,3.2586
187,car,noise,2,1,2.2174
187,car,noise,3,0,2.4342
187,car,noise,3,0,2.3346
187,car,noise,1,0,2.4992
187,car,noise,1,0,1.2384
187,car,noise,2,0,1.3376
187,car,noise,3,1,1.3671
189,face,no_noise,1,1,2.9606
189,face,no_noise,2,1,3.3508
189,face,no_noise,1,1,5.4529
189,face,no_noise,3,1,2.8565
189,face,no_noise,3,1,3.7195
189,face,no_noise,2,1,7.8013
189,face,no_noise,1,1,2.6355
189,face,no_noise,3,1,3.0022
189,face,no_noise,2,1,6.076
189,face,no_noise,3,1,8.6596
189,face,no_noise,2,1,5.9178
189,face,no_noise,3,1,8.8037
189,face,no_noise,3,0,17.2345
189,face,no_noise,1,1,9.2013
189,face,no_noise,2,1,4.8864
189,face,no_noise,2,1,4.6732
189,face,no_noise,2,1,3.7377
189,face,no_noise,2,1,4.3009
189,face,no_noise,1,1,2.8188
189,face,no_noise,3,1,2.9557
189,face,no_noise,1,1,6.0437
189,face,no_noise,2,1,5.7203
189,face,no_noise,2,1,2.0343
189,face,no_noise,1,1,4.1522
189,face,no_noise,3,1,6.9135
189,face,no_noise,1,1,2.135
189,face,no_noise,2,1,3.94
189,face,no_noise,1,1,2.5676
189,face,no_noise,1,1,2.1058
189,face,no_noise,3,1,2.946
189,face,noise,2,1,3.4494
189,face,noise,3,1,4.6018
189,face,noise,1,1,3.2844
189,face,noise,1,1,2.9849
189,face,noise,3,1,2.5534
189,face,noise,1,1,5.9413
189,face,noise,2,1,2.2292
189,face,noise,3,0,2.2465
189,face,noise,2,1,2.8407
189,face,noise,2,1,3.9246
189,face,noise,2,1,9.3842
189,face,noise,2,1,1.9512
189,face,noise,3,0,10.2345
189,face,noise,2,1,2.2525
189,face,noise,1,1,1.4522
189,face,noise,2,1,9.8843
189,face,noise,3,1,4.6843
189,face,noise,1,1,2.9709
189,face,noise,3,1,3.1043
189,face,noise,1,1,6.3683
189,face,noise,3,0,5.4012
189,face,noise,1,1,3.9358
189,face,noise,1,1,2.721
189,face,noise,3,1,6.2796
189,car,no_noise,2,1,6.4059
189,car,no_noise,3,0,7.4253
189,car,no_noise,1,1,4.7108
189,car,no_noise,3,1,12.868
189,car,no_noise,2,1,3.8203
189,car,no_noise,3,0,11.2249
189,car,no_noise,1,0,5.3488
189,car,no_noise,2,0,4.5244
189,car,no_noise,1,1,2.6356
189,car,no_noise,3,1,4.4511
189,car,no_noise,1,0,2.7185
189,car,no_noise,3,1,2.5846
189,car,no_noise,3,0,10.5552
189,car,no_noise,1,0,2.2368
189,car,no_noise,2,0,11.6066
189,car,no_noise,2,1,10.2419
189,car,no_noise,2,0,4.2536
189,car,no_noise,2,0,4.4774
189,car,no_noise,2,1,4.2179
189,car,no_noise,3,0,6.6746
189,car,no_noise,3,0,2.658
189,car,no_noise,1,1,12.7013
189,car,no_noise,1,0,8.6054
189,car,no_noise,3,0,7.4756
189,car,no_noise,2,1,6.2002
189,car,no_noise,2,0,10.7354
189,car,no_noise,2,1,5.6206
189,car,no_noise,2,1,2.2483
189,car,no_noise,3,0,2.5831
189,car,no_noise,3,0,8.6953
189,car,noise,1,0,8.5242
189,car,noise,3,1,3.0694
189,car,noise,3,1,2.1755
189,car,noise,1,1,3.283
189,car,noise,2,1,5.2552
189,car,noise,2,1,2.09
189,car,noise,1,1,3.1972
189,car,noise,1,1,2.9368
189,car,noise,1,0,2.29
189,car,noise,1,1,4.9217
189,car,noise,1,1,2.0875
189,car,noise,2,0,4.7284
189,car,noise,2,1,4.9834
189,car,noise,1,0,3.2559
189,car,noise,3,1,1.5832
189,car,noise,2,1,5.1108
189,car,noise,2,1,7.0454
189,car,noise,2,1,5.0403
189,car,noise,2,1,3.1736
189,car,noise,2,1,2.8847
189,car,noise,1,0,5.1604
189,car,noise,3,1,5.3894
189,car,noise,2,0,5.4746
189,car,noise,3,1,2.0606
190,car,no_noise,2,1,16.9942
190,car,no_noise,1,1,76.5585
190,car,no_noise,3,0,1.6993
190,car,no_noise,3,1,3.8788
190,car,no_noise,3,0,3.0878
190,car,no_noise,3,0,36.7223
190,car,no_noise,3,1,7.6851
190,car,no_noise,1,1,6.5241
190,car,no_noise,1,1,6.4043
190,car,no_noise,1,0,40.6272
190,car,no_noise,3,1,44.8438
190,car,no_noise,1,0,3.4568
190,car,no_noise,2,1,1.5487
190,car,no_noise,1,0,11.9805
190,car,no_noise,2,0,10.0494
190,car,no_noise,3,0,6.8083
190,car,no_noise,1,1,6.2071
190,car,no_noise,2,0,9.7163
190,car,no_noise,3,0,16.2986
190,car,no_noise,3,0,2.2542
190,car,no_noise,3,0,5.0352
190,car,no_noise,1,1,6.4997
190,car,no_noise,3,1,7.0662
190,car,no_noise,1,0,5.2468
190,car,no_noise,2,1,5.5169
190,car,no_noise,2,0,3.4185
190,car,no_noise,2,1,6.7627
190,car,no_noise,3,0,7.3343
190,car,no_noise,3,0,2.4315
190,car,no_noise,2,0,3.2189
190,car,noise,2,1,3.6267
190,car,noise,3,1,2.2821
190,car,noise,2,0,4.0582
190,car,noise,2,0,2.3679
190,car,noise,2,1,2.1661
190,car,noise,2,1,1.9535
190,car,noise,3,0,3.4318
190,car,noise,1,1,40.5983
190,car,noise,1,0,2.1906
190,car,noise,1,1,6.5299
190,car,noise,1,1,5.4563
190,car,noise,3,1,2.0588
190,car,noise,2,1,2.6978
190,car,noise,3,1,5.2866
190,car,noise,3,1,1.8652
190,car,noise,2,1,2.8619
190,car,noise,2,1,4.2816
190,car,noise,2,1,23.2848
190,car,noise,3,0,6.1103
190,car,noise,3,0,6.6346
190,car,noise,1,0,4.2065
190,car,noise,1,0,4.2567
190,car,noise,3,0,42.4435
190,car,noise,1,0,6.1119
190,face,no_noise,1,1,2.4151
190,face,no_noise,2,1,1.7376
190,face,no_noise,1,1,3.5068
190,face,no_noise,3,1,4.2691
190,face,no_noise,3,1,6.1996
190,face,no_noise,2,1,6.9879
190,face,no_noise,1,1,15.1733
190,face,no_noise,3,1,5.6337
190,face,no_noise,2,1,3.2377
190,face,no_noise,3,1,1.8402
190,face,no_noise,2,1,1.3449
190,face,no_noise,3,1,2.9809
190,face,no_noise,2,1,1.6024
190,face,no_noise,1,1,1.6375
190,face,no_noise,2,1,1.1633
190,face,no_noise,3,0,3.8574
190,face,no_noise,2,1,16.0465
190,face,no_noise,2,1,4.3158
190,face,no_noise,1,1,54.4814
190,face,no_noise,3,1,39.9703
190,face,no_noise,2,0,17.0769
190,face,no_noise,2,1,5.8797
190,face,no_noise,2,1,13.7801
190,face,no_noise,1,1,24.1514
190,face,no_noise,3,1,28.5788
190,face,no_noise,1,1,6.4131
190,face,no_noise,2,1,1.4443
190,face,no_noise,1,1,2.508
190,face,no_noise,1,1,1.6752
190,face,no_noise,3,1,1.9014
190,face,noise,2,1,5.2268
190,face,noise,3,1,9.5821
190,face,noise,1,1,2.1578
190,face,noise,1,1,53.5783
190,face,noise,3,1,2.6487
190,face,noise,3,0,1.9869
190,face,noise,2,1,13.7509
190,face,noise,1,1,26.0284
190,face,noise,2,1,5.8424
190,face,noise,2,1,40.2462
190,face,noise,2,1,1.8845
190,face,noise,2,1,2.2519
190,face,noise,1,1,13.384
190,face,noise,2,1,2.2698
190,face,noise,1,1,1.821
190,face,noise,2,1,2.2017
190,face,noise,3,1,2.8389
190,face,noise,1,1,1.8625
190,face,noise,3,1,3.4055
190,face,noise,1,1,70.5793
190,face,noise,3,0,9.1037
190,face,noise,2,0,51.9476
190,face,noise,1,1,3.1301
190,face,noise,1,0,6.0841
192,car,no_noise,2,1,3.475
192,car,no_noise,1,1,3.6779
192,car,no_noise,3,0,4.6253
192,car,no_noise,1,0,5.6605
192,car,no_noise,2,1,3.2006
192,car,no_noise,3,0,5.5307
192,car,no_noise,2,0,5.2414
192,car,no_noise,1,1,6.0382
192,car,no_noise,1,1,4.4457
192,car,no_noise,3,1,4.574
192,car,no_noise,1,0,6.4166
192,car,no_noise,3,1,3.5779
192,car,no_noise,2,1,4.0081
192,car,no_noise,1,0,5.6488
192,car,no_noise,3,1,7.1327
192,car,no_noise,3,0,8.1824
192,car,no_noise,1,1,7.9328
192,car,no_noise,2,0,7.3335
192,car,no_noise,2,1,4.7274
192,car,no_noise,3,0,6.1092
192,car,no_noise,3,0,3.9063
192,car,no_noise,1,1,7.0552
192,car,no_noise,2,0,7.0785
192,car,no_noise,2,1,7.6549
192,car,no_noise,2,1,7.2789
192,car,no_noise,2,0,6.8558
192,car,no_noise,2,1,3.9783
192,car,no_noise,2,1,5.5434
192,car,no_noise,3,0,4.3133
192,car,no_noise,1,1,6.0379
192,car,noise,2,1,2.3929
192,car,noise,1,0,3.8633
192,car,noise,3,1,5.3517
192,car,noise,1,1,3.8547
192,car,noise,2,1,4.0017
192,car,noise,1,0,5.4221
192,car,noise,3,0,4.853
192,car,noise,1,1,4.7026
192,car,noise,1,0,5.6738
192,car,noise,3,0,6.11
192,car,noise,1,1,3.7333
192,car,noise,3,1,4.8563
192,car,noise,2,1,4.0233
192,car,noise,1,0,4.4586
192,car,noise,2,0,3.936
192,car,noise,1,0,3.7517
192,car,noise,2,1,3.5109
192,car,noise,2,1,3.1042
192,car,noise,2,1,4.7321
192,car,noise,2,1,4.7387
192,car,noise,3,1,4.3468
192,car,noise,3,1,6.1996
192,car,noise,3,0,4.368
192,car,noise,3,1,2.0393
192,face,no_noise,1,1,1.7925
192,face,no_noise,2,1,2.5774
192,face,no_noise,1,1,2.2883
192,face,no_noise,3,1,1.9883
192,face,no_noise,3,1,2.1378
192,face,no_noise,3,0,3.1179
192,face,no_noise,1,1,2.482
192,face,no_noise,3,1,1.8239
192,face,no_noise,2,1,1.8499
192,face,no_noise,2,0,3.0756
192,face,no_noise,2,1,2.4137
192,face,no_noise,3,1,4.0757
192,face,no_noise,2,1,2.8293
192,face,no_noise,1,1,2.3666
192,face,no_noise,2,1,2.4584
192,face,no_noise,2,1,2.2347
192,face,no_noise,2,1,1.7321
192,face,no_noise,1,0,2.183
192,face,no_noise,1,1,2.8927
192,face,no_noise,3,1,2.5384
192,face,no_noise,1,1,1.7827
192,face,no_noise,2,1,2.0827
192,face,no_noise,2,1,2.4093
192,face,no_noise,1,1,2.3486
192,face,no_noise,3,1,2.4404
192,face,no_noise,1,1,5.4785
192,face,no_noise,2,1,4.6269
192,face,no_noise,1,1,1.6116
192,face,no_noise,1,1,3.961
192,face,no_noise,3,1,3.7584
192,face,noise,2,1,3.6057
192,face,noise,3,1,3.0573
192,face,noise,1,1,4.7961
192,face,noise,1,1,3.6741
192,face,noise,1,0,4.675
192,face,noise,1,1,2.9402
192,face,noise,3,0,3.4447
192,face,noise,1,1,3.0664
192,face,noise,2,1,3.8523
192,face,noise,3,0,5.4855
192,face,noise,3,0,3.6645
192,face,noise,1,0,4.0424
192,face,noise,1,1,2.4314
192,face,noise,2,1,2.4111
192,face,noise,1,1,1.889
192,face,noise,2,1,2.385
192,face,noise,3,1,1.5283
192,face,noise,1,1,2.447
192,face,noise,3,1,2.5916
192,face,noise,1,1,2.631
192,face,noise,3,0,1.9296
192,face,noise,1,1,1.9426
192,face,noise,1,1,1.4743
192,face,noise,2,0,2.7096
193,face,no_noise,1,1,1.7469
193,face,no_noise,2,1,1.1888
193,face,no_noise,1,1,1.5226
193,face,no_noise,3,1,2.2975
193,face,no_noise,1,0,1.5354
193,face,no_noise,1,0,1.2655
193,face,no_noise,1,1,2.188
193,face,no_noise,3,1,1.2689
193,face,no_noise,2,1,1.3822
193,face,no_noise,3,1,2.2921
193,face,no_noise,2,1,1.3138
193,face,no_noise,3,1,1.3455
193,face,no_noise,2,1,1.6246
193,face,no_noise,1,1,1.4274
193,face,no_noise,2,1,1.3035
193,face,no_noise,3,0,1.9785
193,face,no_noise,2,1,1.8308
193,face,no_noise,1,0,2.0139
193,face,no_noise,3,0,3.0008
193,face,no_noise,3,1,1.7275
193,face,no_noise,2,0,1.8313
193,face,no_noise,2,1,2.2161
193,face,no_noise,2,1,1.5778
193,face,no_noise,3,0,4.4641
193,face,no_noise,3,1,3.2939
193,face,no_noise,1,1,2.0378
193,face,no_noise,2,1,1.4764
193,face,no_noise,1,1,2.7538
193,face,no_noise,1,1,1.6548
193,face,no_noise,3,1,2.8756
193,face,noise,2,1,2.5938
193,face,noise,3,1,2.2252
193,face,noise,3,0,3.3141
193,face,noise,1,1,0.8976
193,face,noise,3,1,1.4736
193,face,noise,1,1,1.2552
193,face,noise,3,0,2.1118
193,face,noise,1,1,3.4457
193,face,noise,2,1,2.0158
193,face,noise,2,1,1.4918
193,face,noise,2,1,1.6861
193,face,noise,1,0,3.7531
193,face,noise,1,1,1.8312
193,face,noise,2,1,0.7682
193,face,noise,1,1,2.5708
193,face,noise,2,1,3.5068
193,face,noise,3,1,1.5347
193,face,noise,1,1,2.401
193,face,noise,3,1,1.9244
193,face,noise,2,0,1.6196
193,face,noise,1,1,4.533
193,face,noise,1,1,2.167
193,face,noise,1,1,3.4734
193,face,noise,1,0,3.4114
193,car,no_noise,2,1,6.5304
193,car,no_noise,1,1,3.1635
193,car,no_noise,1,1,2.8493
193,car,no_noise,3,1,3.5518
193,car,no_noise,1,0,13.2699
193,car,no_noise,1,1,3.3521
193,car,no_noise,3,1,2.8603
193,car,no_noise,1,1,2.0795
193,car,no_noise,1,1,1.9092
193,car,no_noise,1,0,3.9755
193,car,no_noise,1,0,5.7159
193,car,no_noise,3,1,2.3638
193,car,no_noise,2,1,3.9033
193,car,no_noise,2,1,3.0845
193,car,no_noise,3,1,4.5039
193,car,no_noise,2,1,2.8209
193,car,no_noise,1,1,3.2378
193,car,no_noise,1,1,2.9663
193,car,no_noise,2,1,5.6833
193,car,no_noise,1,1,3.318
193,car,no_noise,3,0,6.1033
193,car,no_noise,3,0,14.6549
193,car,no_noise,2,0,7.8645
193,car,no_noise,2,1,2.055
193,car,no_noise,2,1,5.5816
193,car,no_noise,3,1,3.9541
193,car,no_noise,1,0,3.245
193,car,no_noise,2,1,4.4203
193,car,no_noise,3,0,2.4867
193,car,no_noise,1,1,6.1791
193,car,noise,2,1,3.1889
193,car,noise,3,1,2.1976
193,car,noise,2,0,5.6953
193,car,noise,1,1,3.9072
193,car,noise,2,1,2.4092
193,car,noise,2,1,3.9896
193,car,noise,1,1,2.9157
193,car,noise,1,1,3.3646
193,car,noise,2,1,2.7766
193,car,noise,1,1,3.569
193,car,noise,1,1,2.5571
193,car,noise,3,1,2.9841
193,car,noise,2,1,2.2118
193,car,noise,3,1,2.0985
193,car,noise,3,1,2.9132
193,car,noise,3,0,5.6535
193,car,noise,2,1,5.5256
193,car,noise,2,1,5.5696
193,car,noise,2,1,2.8391
193,car,noise,1,0,8.0201
193,car,noise,3,1,5.4224
193,car,noise,3,1,2.9606
193,car,noise,3,0,10.9825
193,car,noise,1,0,6.3983
194,car,no_noise,2,1,4.1817
194,car,no_noise,1,1,3.8737
194,car,no_noise,3,0,2.405
194,car,no_noise,2,0,2.6058
194,car,no_noise,1,0,3.5684
194,car,no_noise,2,0,4.7235
194,car,no_noise,1,0,4.094
194,car,no_noise,1,1,2.3176
194,car,no_noise,1,1,2.7046
194,car,no_noise,3,1,1.9727
194,car,no_noise,3,1,1.6934
194,car,no_noise,3,1,2.1468
194,car,no_noise,2,1,2.2214
194,car,no_noise,1,0,1.9631
194,car,no_noise,3,1,2.9031
194,car,no_noise,3,0,2.9698
194,car,no_noise,3,0,3.5808
194,car,no_noise,1,1,4.1711
194,car,no_noise,3,0,3.305
194,car,no_noise,1,1,2.238
194,car,no_noise,2,0,1.6177
194,car,no_noise,2,0,2.0022
194,car,no_noise,3,1,1.2871
194,car,no_noise,2,1,1.2726
194,car,no_noise,2,1,2.4197
194,car,no_noise,2,0,2.1934
194,car,no_noise,3,0,3.5544
194,car,no_noise,2,1,1.9851
194,car,no_noise,1,1,2.1703
194,car,no_noise,1,1,2.8178
194,car,noise,2,1,2.0695
194,car,noise,3,1,4.417
194,car,noise,3,1,5.011
194,car,noise,2,0,2.148
194,car,noise,2,1,2.5324
194,car,noise,3,0,2.4705
194,car,noise,3,0,3.5183
194,car,noise,1,1,1.5836
194,car,noise,1,0,2.0443
194,car,noise,1,1,2.7445
194,car,noise,2,0,2.8364
194,car,noise,3,1,3.1797
194,car,noise,2,1,2.4732
194,car,noise,1,0,2.8628
194,car,noise,3,1,2.8303
194,car,noise,2,1,1.986
194,car,noise,2,1,3.1828
194,car,noise,2,1,2.2393
194,car,noise,2,1,1.4973
194,car,noise,2,1,2.2137
194,car,noise,2,0,3.6022
194,car,noise,1,0,2.0228
194,car,noise,1,1,2.0558
194,car,noise,3,1,2.1797
194,face,no_noise,1,1,2.6259
194,face,no_noise,2,1,2.9634
194,face,no_noise,3,0,2.5634
194,face,no_noise,1,0,3.4757
194,face,no_noise,3,1,3.4927
194,face,no_noise,2,1,1.6151
194,face,no_noise,3,0,2.694
194,face,no_noise,3,1,2.0116
194,face,no_noise,2,1,2.336
194,face,no_noise,2,0,2.2441
194,face,no_noise,2,1,2.6939
194,face,no_noise,3,1,1.9764
194,face,no_noise,3,0,1.3776
194,face,no_noise,2,0,4.6249
194,face,no_noise,2,1,2.7112
194,face,no_noise,3,0,2.4107
194,face,no_noise,2,1,1.9961
194,face,no_noise,1,0,1.7775
194,face,no_noise,3,0,1.3446
194,face,no_noise,3,1,1.6779
194,face,no_noise,3,0,3.3603
194,face,no_noise,1,0,1.6105
194,face,no_noise,2,1,1.8281
194,face,no_noise,3,0,1.6947
194,face,no_noise,1,0,2.1442
194,face,no_noise,1,1,1.6113
194,face,no_noise,3,0,2.0762
194,face,no_noise,3,0,2.3575
194,face,no_noise,3,0,2.1779
194,face,no_noise,2,0,2.0436
194,face,noise,1,0,3.603
194,face,noise,2,0,3.5113
194,face,noise,2,0,3.7438
194,face,noise,1,1,2.0063
194,face,noise,3,1,2.297
194,face,noise,2,0,2.2519
194,face,noise,2,1,1.8824
194,face,noise,2,0,1.9791
194,face,noise,3,0,2.3655
194,face,noise,2,1,3.6113
194,face,noise,1,0,2.4661
194,face,noise,3,0,2.7639
194,face,noise,3,0,3.1885
194,face,noise,2,1,3.7817
194,face,noise,1,1,1.7203
194,face,noise,1,0,2.5776
194,face,noise,3,1,3.376
194,face,noise,2,0,2.7918
194,face,noise,3,1,1.399
194,face,noise,3,0,1.8928
194,face,noise,2,0,2.5427
194,face,noise,1,1,2.3637
194,face,noise,2,0,1.6435
194,face,noise,1,0,2.2617
195,face,no_noise,1,1,2.578
195,face,no_noise,2,1,3.435
195,face,no_noise,1,1,3.811
195,face,no_noise,1,0,4.788
195,face,no_noise,3,1,2.302
195,face,no_noise,2,1,1.764
195,face,no_noise,1,1,9.326
195,face,no_noise,3,1,2.46
195,face,no_noise,2,1,2.635
195,face,no_noise,3,1,2.645
195,face,no_noise,2,1,3.681
195,face,no_noise,3,1,2.143
195,face,no_noise,2,1,1.84
195,face,no_noise,1,1,2.368
195,face,no_noise,2,1,1.922
195,face,no_noise,3,0,3.845
195,face,no_noise,2,1,1.827
195,face,no_noise,2,1,3.228
195,face,no_noise,2,0,5.053
195,face,no_noise,3,1,1.451
195,face,no_noise,1,1,2.485
195,face,no_noise,2,1,1.601
195,face,no_noise,2,1,1.779
195,face,no_noise,1,1,2.986
195,face,no_noise,3,1,2.195
195,face,no_noise,1,1,2.19
195,face,no_noise,2,1,2.168
195,face,no_noise,3,0,2.192
195,face,no_noise,1,1,2.28
195,face,no_noise,3,1,1.926
195,face,noise,2,1,4.006
195,face,noise,3,1,2.874
195,face,noise,1,1,2.793
195,face,noise,1,1,2.092
195,face,noise,3,1,2.234
195,face,noise,1,1,2.625
195,face,noise,2,1,2.135
195,face,noise,1,1,3.011
195,face,noise,1,0,2.469
195,face,noise,3,0,2.895
195,face,noise,1,0,3.719
195,face,noise,2,1,2.355
195,face,noise,1,1,3.746
195,face,noise,2,1,1.219
195,face,noise,1,1,2.653
195,face,noise,2,1,2.225
195,face,noise,3,1,2.086
195,face,noise,1,1,4.256
195,face,noise,3,1,2.138
195,face,noise,2,0,3.779
195,face,noise,1,1,2.189
195,face,noise,1,1,2.874
195,face,noise,1,1,2.15
195,face,noise,3,1,3.287
195,car,no_noise,3,0,4.334
195,car,no_noise,1,1,5.465
195,car,no_noise,3,0,6.65
195,car,no_noise,3,1,3.899
195,car,no_noise,2,1,3.194
195,car,no_noise,1,1,6.16
195,car,no_noise,3,1,4.921
195,car,no_noise,1,1,3.683
195,car,no_noise,3,0,5.869
195,car,no_noise,3,1,4.85
195,car,no_noise,3,1,2.211
195,car,no_noise,3,1,6.455
195,car,no_noise,2,1,4.066
195,car,no_noise,2,1,3.197
195,car,no_noise,2,0,8.121
195,car,no_noise,2,1,6.956
195,car,no_noise,1,1,6.023
195,car,no_noise,1,1,5.736
195,car,no_noise,1,0,6.302
195,car,no_noise,1,1,3.142
195,car,no_noise,3,0,6.29
195,car,no_noise,1,1,3.743
195,car,no_noise,2,0,5.7
195,car,no_noise,2,1,2.781
195,car,no_noise,1,0,4.553
195,car,no_noise,1,0,3.001
195,car,no_noise,2,1,5.667
195,car,no_noise,2,1,5.485
195,car,no_noise,1,1,2.279
195,car,no_noise,1,1,3.861
195,car,noise,2,1,7.001
195,car,noise,3,1,4.97
195,car,noise,3,1,5.589
195,car,noise,2,0,4.48
195,car,noise,3,0,4.913
195,car,noise,2,1,2.749
195,car,noise,1,1,5.006
195,car,noise,1,1,2.798
195,car,noise,2,1,3.937
195,car,noise,1,1,1.731
195,car,noise,2,0,4.315
195,car,noise,3,1,4.342
195,car,noise,2,1,4.072
195,car,noise,1,0,5.883
195,car,noise,1,0,4.322
195,car,noise,1,0,4.914
195,car,noise,2,1,4.421
195,car,noise,2,1,2.732
195,car,noise,2,1,2.227
195,car,noise,2,1,2.813
195,car,noise,3,1,1.905
195,car,noise,3,1,4.347
195,car,noise,1,1,3.063
195,car,noise,3,1,5.841
197,face,no_noise,2,0,4.2675
197,face,no_noise,3,0,5.9009
197,face,no_noise,1,1,3.4038
197,face,no_noise,2,0,5.2559
197,face,no_noise,1,0,4.738
197,face,no_noise,2,1,1.6735
197,face,no_noise,3,0,2.5725
197,face,no_noise,3,1,2.3516
197,face,no_noise,1,0,3.3668
197,face,no_noise,3,1,2.3172
197,face,no_noise,2,1,7.4421
197,face,no_noise,2,0,3.1183
197,face,no_noise,2,1,1.1939
197,face,no_noise,1,1,5.2443
197,face,no_noise,2,1,2.2451
197,face,no_noise,3,0,5.8617
197,face,no_noise,3,0,4.0877
197,face,no_noise,1,0,5.7298
197,face,no_noise,2,0,3.2624
197,face,no_noise,3,1,6.7182
197,face,no_noise,2,0,1.3516
197,face,no_noise,2,1,1.9208
197,face,no_noise,2,1,1.0341
197,face,no_noise,3,0,2.5998
197,face,no_noise,1,0,2.5869
197,face,no_noise,1,1,1.4682
197,face,no_noise,2,1,1.9048
197,face,no_noise,2,0,2.3806
197,face,no_noise,1,1,4.4076
197,face,no_noise,1,0,2.3588
197,face,noise,2,1,9.5714
197,face,noise,2,0,3.9888
197,face,noise,2,0,1.8013
197,face,noise,2,0,2.1223
197,face,noise,2,0,1.1003
197,face,noise,3,0,5.2335
197,face,noise,3,0,3.089
197,face,noise,2,0,1.2346
197,face,noise,1,0,1.8669
197,face,noise,2,1,2.0344
197,face,noise,3,0,5.7605
197,face,noise,3,0,2.2548
197,face,noise,3,0,3.4351
197,face,noise,2,1,4.5033
197,face,noise,2,0,1.3533
197,face,noise,1,0,5.3081
197,face,noise,2,0,3.6522
197,face,noise,2,0,3.2672
197,face,noise,3,1,2.1992
197,face,noise,2,0,3.1461
197,face,noise,2,0,2.985
197,face,noise,1,1,3.1598
197,face,noise,3,0,2.2068
197,face,noise,1,0,1.8102
197,car,no_noise,2,1,20.6412
197,car,no_noise,1,1,14.4697
197,car,no_noise,3,0,6.0179
197,car,no_noise,2,0,7.7638
197,car,no_noise,3,0,33.2983
197,car,no_noise,1,1,10.4509
197,car,no_noise,3,1,12.4532
197,car,no_noise,1,1,3.8128
197,car,no_noise,1,1,10.82
197,car,no_noise,1,0,13.9549
197,car,no_noise,3,1,8.3341
197,car,no_noise,3,1,9.7148
197,car,no_noise,3,0,13.9654
197,car,no_noise,2,1,16.2379
197,car,no_noise,3,1,4.4132
197,car,no_noise,3,0,24.8667
197,car,no_noise,1,1,10.0895
197,car,no_noise,1,1,8.7096
197,car,no_noise,2,1,14.7883
197,car,no_noise,1,1,16.8263
197,car,no_noise,1,1,4.9338
197,car,no_noise,2,0,10.1579
197,car,no_noise,2,0,12.5453
197,car,no_noise,2,1,3.4475
197,car,no_noise,1,0,13.1535
197,car,no_noise,3,1,6.835
197,car,no_noise,2,1,18.1446
197,car,no_noise,2,1,9.6825
197,car,no_noise,3,0,22.1998
197,car,no_noise,1,1,14.4868
197,car,noise,2,1,15.1175
197,car,noise,3,1,3.9819
197,car,noise,3,1,17.9116
197,car,noise,1,1,3.3699
197,car,noise,2,1,4.7642
197,car,noise,2,1,8.3219
197,car,noise,1,1,8.4148
197,car,noise,1,1,2.3287
197,car,noise,2,1,2.1208
197,car,noise,1,1,1.6551
197,car,noise,1,1,6.5796
197,car,noise,3,1,22.0831
197,car,noise,2,1,2.6413
197,car,noise,1,0,1.8416
197,car,noise,3,1,7.0616
197,car,noise,1,0,16.6831
197,car,noise,2,1,1.8121
197,car,noise,2,1,4.3977
197,car,noise,2,1,1.9293
197,car,noise,2,1,2.2664
197,car,noise,3,1,3.2518
197,car,noise,3,1,1.9693
197,car,noise,2,0,3.5816
197,car,noise,3,1,4.6157
198,face,no_noise,1,1,2.402
198,face,no_noise,3,0,3.5468
198,face,no_noise,3,0,1.712
198,face,no_noise,3,1,2.4785
198,face,no_noise,2,0,3.4792
198,face,no_noise,2,1,1.3292
198,face,no_noise,1,1,2.5978
198,face,no_noise,3,1,2.2296
198,face,no_noise,2,1,1.9678
198,face,no_noise,3,1,1.5307
198,face,no_noise,2,1,2.1567
198,face,no_noise,3,1,1.8848
198,face,no_noise,2,1,3.046
198,face,no_noise,1,1,2.0453
198,face,no_noise,2,1,2.6454
198,face,no_noise,3,0,2.2738
198,face,no_noise,2,1,1.6972
198,face,no_noise,2,1,1.6036
198,face,no_noise,3,0,3.3073
198,face,no_noise,3,1,1.4242
198,face,no_noise,1,1,1.3084
198,face,no_noise,2,1,2.4461
198,face,no_noise,2,1,1.5408
198,face,no_noise,1,1,3.0159
198,face,no_noise,3,1,2.312
198,face,no_noise,1,1,1.8642
198,face,no_noise,2,1,2.468
198,face,no_noise,2,0,3.7841
198,face,no_noise,1,1,3.0276
198,face,no_noise,3,1,2.4759
198,face,noise,1,0,4.1237
198,face,noise,3,1,2.1453
198,face,noise,3,0,3.2441
198,face,noise,1,1,2.4612
198,face,noise,3,1,1.828
198,face,noise,1,1,1.8443
198,face,noise,2,1,2.5618
198,face,noise,1,1,2.2167
198,face,noise,1,0,3.2116
198,face,noise,2,1,2.2806
198,face,noise,2,1,2.8451
198,face,noise,2,1,1.8639
198,face,noise,3,0,2.7444
198,face,noise,2,1,1.8076
198,face,noise,1,1,2.1789
198,face,noise,2,1,1.5773
198,face,noise,3,1,3.7281
198,face,noise,1,1,2.4591
198,face,noise,2,0,3.2113
198,face,noise,3,0,2.8775
198,face,noise,3,0,2.9002
198,face,noise,1,1,2.1647
198,face,noise,1,1,1.6798
198,face,noise,2,0,3.045
198,car,no_noise,2,1,3.9288
198,car,no_noise,1,1,4.6056
198,car,no_noise,1,1,2.1879
198,car,no_noise,3,1,4.8228
198,car,no_noise,2,1,5.501
198,car,no_noise,2,0,4.8896
198,car,no_noise,1,0,9.7889
198,car,no_noise,1,1,4.7052
198,car,no_noise,2,0,6.0558
198,car,no_noise,3,1,7.0221
198,car,no_noise,3,1,6.4208
198,car,no_noise,3,1,4.5387
198,car,no_noise,1,0,6.756
198,car,no_noise,1,0,4.8887
198,car,no_noise,3,1,6.9394
198,car,no_noise,3,0,4.2408
198,car,no_noise,1,1,6.4882
198,car,no_noise,2,0,9.8947
198,car,no_noise,2,1,3.7873
198,car,no_noise,3,0,4.5221
198,car,no_noise,2,0,5.3392
198,car,no_noise,1,1,4.889
198,car,no_noise,3,1,4.1774
198,car,no_noise,1,0,5.706
198,car,no_noise,3,0,4.8212
198,car,no_noise,2,0,4.5499
198,car,no_noise,2,1,6.5382
198,car,no_noise,2,1,7.5051
198,car,no_noise,3,0,8.5779
198,car,no_noise,1,1,5.7889
198,car,noise,2,1,6.5485
198,car,noise,3,1,6.6609
198,car,noise,1,0,5.2984
198,car,noise,1,1,4.0807
198,car,noise,3,0,2.7125
198,car,noise,2,1,2.2012
198,car,noise,1,1,3.2866
198,car,noise,1,1,2.4985
198,car,noise,1,0,5.1622
198,car,noise,1,1,8.7001
198,car,noise,2,0,3.5672
198,car,noise,3,1,6.3709
198,car,noise,3,0,6.8636
198,car,noise,1,0,8.8499
198,car,noise,2,0,6.254
198,car,noise,2,1,10.0637
198,car,noise,2,1,5.7902
198,car,noise,3,0,8.0822
198,car,noise,2,1,6.7624
198,car,noise,1,0,10.9658
198,car,noise,3,1,9.3621
198,car,noise,2,0,4.4378
198,car,noise,3,0,9.5483
198,car,noise,3,1,4.6808
202,face,no_noise,1,1,5.5156
202,face,no_noise,2,1,3.2035
202,face,no_noise,3,0,2.693
202,face,no_noise,2,0,5.337
202,face,no_noise,3,1,3.1738
202,face,no_noise,3,0,3.8264
202,face,no_noise,2,0,2.6175
202,face,no_noise,3,1,1.8132
202,face,no_noise,2,1,3.0169
202,face,no_noise,2,0,2.8212
202,face,no_noise,1,0,2.6249
202,face,no_noise,3,1,1.9169
202,face,no_noise,3,0,1.6352
202,face,no_noise,1,1,1.8416
202,face,no_noise,1,0,2.0824
202,face,no_noise,3,0,3.9635
202,face,no_noise,2,1,1.2294
202,face,no_noise,1,0,1.9716
202,face,no_noise,2,0,1.7884
202,face,no_noise,1,0,2.4587
202,face,no_noise,2,0,2.7026
202,face,no_noise,3,0,4.1625
202,face,no_noise,2,1,4.4684
202,face,no_noise,3,0,2.5875
202,face,no_noise,3,1,2.1865
202,face,no_noise,3,0,1.425
202,face,no_noise,2,1,2.9642
202,face,no_noise,3,0,3.0378
202,face,no_noise,1,1,1.8445
202,face,no_noise,2,0,3.7332
202,face,noise,2,1,4.7515
202,face,noise,2,0,2.4308
202,face,noise,3,0,4.0293
202,face,noise,3,0,5.5966
202,face,noise,3,1,2.6765
202,face,noise,2,0,6.1468
202,face,noise,3,0,3.3312
202,face,noise,2,0,4.7407
202,face,noise,3,0,4.8415
202,face,noise,2,1,2.1954
202,face,noise,2,1,1.6019
202,face,noise,3,0,1.3547
202,face,noise,1,1,2.2091
202,face,noise,2,1,1.8582
202,face,noise,1,1,1.4299
202,face,noise,3,0,1.444
202,face,noise,3,1,1.6686
202,face,noise,1,1,1.8509
202,face,noise,3,1,1.4598
202,face,noise,3,0,2.775
202,face,noise,1,1,2.1394
202,face,noise,2,0,1.9349
202,face,noise,3,0,2.1628
202,face,noise,1,0,1.8998
202,car,no_noise,2,1,2.7715
202,car,no_noise,2,0,2.0611
202,car,no_noise,3,0,2.6092
202,car,no_noise,3,1,8.0505
202,car,no_noise,1,0,1.9441
202,car,no_noise,3,0,2.6275
202,car,no_noise,3,1,2.9305
202,car,no_noise,1,1,2.9722
202,car,no_noise,1,1,2.8798
202,car,no_noise,1,0,3.1851
202,car,no_noise,1,0,2.0932
202,car,no_noise,3,1,3.9772
202,car,no_noise,3,0,2.7416
202,car,no_noise,1,0,2.0256
202,car,no_noise,3,1,3.6212
202,car,no_noise,3,0,2.9616
202,car,no_noise,1,1,4.1632
202,car,no_noise,1,1,4.4051
202,car,no_noise,3,0,3.6631
202,car,no_noise,1,1,2.5711
202,car,no_noise,1,1,3.4847
202,car,no_noise,2,0,5.6222
202,car,no_noise,3,1,2.4353
202,car,no_noise,1,0,1.4737
202,car,no_noise,2,1,3.2798
202,car,no_noise,2,0,2.6895
202,car,no_noise,2,1,6.3229
202,car,no_noise,1,0,4.3579
202,car,no_noise,3,0,2.429
202,car,no_noise,1,1,3.1074
202,car,noise,1,0,4.0399
202,car,noise,2,0,2.9219
202,car,noise,3,1,3.4352
202,car,noise,2,0,2.4502
202,car,noise,3,0,1.9793
202,car,noise,2,1,3.263
202,car,noise,1,1,5.0594
202,car,noise,1,1,4.032
202,car,noise,1,0,5.1274
202,car,noise,1,1,1.4655
202,car,noise,2,0,1.4372
202,car,noise,3,1,2.4752
202,car,noise,2,1,3.5938
202,car,noise,2,0,4.0255
202,car,noise,3,1,3.5519
202,car,noise,1,0,5.9589
202,car,noise,3,0,4.5617
202,car,noise,2,1,3.468
202,car,noise,1,0,5.691
202,car,noise,3,0,3.621
202,car,noise,3,1,4.9454
202,car,noise,1,0,2.841
202,car,noise,1,1,2.4906
202,car,noise,3,1,4.1396
203,face,no_noise,1,1,3.2307
203,face,no_noise,2,1,3.4807
203,face,no_noise,1,1,1.9667
203,face,no_noise,3,1,3.0977
203,face,no_noise,3,1,4.6962
203,face,no_noise,2,1,2.5316
203,face,no_noise,1,1,3.264
203,face,no_noise,3,1,4.1977
203,face,no_noise,2,1,6.128
203,face,no_noise,3,1,5.1284
203,face,no_noise,2,1,5.0944
203,face,no_noise,3,1,3.8968
203,face,no_noise,2,1,3.9644
203,face,no_noise,1,1,2.5153
203,face,no_noise,2,1,3.8977
203,face,no_noise,3,0,7.1935
203,face,no_noise,2,1,6.0949
203,face,no_noise,2,1,3.547
203,face,no_noise,3,0,5.7616
203,face,no_noise,3,1,2.1652
203,face,no_noise,1,1,3.1809
203,face,no_noise,2,1,2.4334
203,face,no_noise,2,1,8.5933
203,face,no_noise,1,1,4.1291
203,face,no_noise,3,1,4.7123
203,face,no_noise,1,1,2.1319
203,face,no_noise,2,1,12.5559
203,face,no_noise,2,0,4.8803
203,face,no_noise,1,1,2.8153
203,face,no_noise,3,1,1.4658
203,face,noise,2,1,3.9865
203,face,noise,3,1,3.6762
203,face,noise,2,0,5.4761
203,face,noise,1,1,2.781
203,face,noise,3,1,2.1101
203,face,noise,1,1,2.0802
203,face,noise,2,1,3.4101
203,face,noise,1,1,4.4792
203,face,noise,3,0,8.5715
203,face,noise,2,1,1.9289
203,face,noise,2,1,5.4966
203,face,noise,2,1,2.1112
203,face,noise,1,1,2.6295
203,face,noise,2,1,2.6825
203,face,noise,1,1,2.2687
203,face,noise,2,1,1.9021
203,face,noise,3,1,2.2287
203,face,noise,1,1,3.4307
203,face,noise,3,1,1.5666
203,face,noise,1,1,6.4075
203,face,noise,1,1,5.7777
203,face,noise,1,1,4.2798
203,face,noise,1,1,4.8801
203,face,noise,2,0,5.9617000000000004
203,car,no_noise,3,0,7.4821
203,car,no_noise,2,0,8.4559
203,car,no_noise,3,0,3.9906
203,car,no_noise,3,1,8.1917
203,car,no_noise,2,1,4.9567
203,car,no_noise,3,0,4.3133
203,car,no_noise,1,0,6.1334
203,car,no_noise,1,1,3.2763
203,car,no_noise,1,1,7.1017
203,car,no_noise,1,0,4.4861
203,car,no_noise,1,0,8.6581
203,car,no_noise,2,0,4.5004
203,car,no_noise,3,0,4.4131
203,car,no_noise,3,0,8.0394
203,car,no_noise,2,0,4.6295
203,car,no_noise,2,1,6.02
203,car,no_noise,1,1,4.1441
203,car,no_noise,2,0,5.3051
203,car,no_noise,3,0,4.1124
203,car,no_noise,1,1,4.012
203,car,no_noise,1,1,2.348
203,car,no_noise,1,1,4.7261
203,car,no_noise,1,0,3.6288
203,car,no_noise,3,0,2.0082
203,car,no_noise,3,0,2.6162
203,car,no_noise,3,1,4.3467
203,car,no_noise,1,0,2.74
203,car,no_noise,1,0,2.9812
203,car,no_noise,2,0,3.9547
203,car,no_noise,2,0,6.9795
203,car,noise,3,0,11.6701
203,car,noise,2,0,5.8408
203,car,noise,3,1,4.519
203,car,noise,1,1,4.206
203,car,noise,1,0,7.0023
203,car,noise,2,1,3.0729
203,car,noise,1,1,3.3045
203,car,noise,3,0,4.3562
203,car,noise,3,0,5.369
203,car,noise,1,1,7.5273
203,car,noise,1,1,2.8728
203,car,noise,2,0,5.1307
203,car,noise,2,1,4.6882
203,car,noise,1,0,3.8411
203,car,noise,3,1,3.4587
203,car,noise,2,1,5.9067
203,car,noise,2,1,7.1832
203,car,noise,2,1,5.026
203,car,noise,3,0,6.7379
203,car,noise,2,1,4.8188
203,car,noise,2,0,3.5629
203,car,noise,2,0,3.7166
203,car,noise,1,1,6.1229
203,car,noise,3,1,3.4421
204,car,no_noise,3,0,2.5701
204,car,no_noise,1,1,5.2435
204,car,no_noise,3,0,2.4832
204,car,no_noise,2,0,5.4432
204,car,no_noise,1,0,6.2812
204,car,no_noise,3,0,5.1781
204,car,no_noise,3,1,1.3318
204,car,no_noise,1,1,5.3096
204,car,no_noise,1,1,4.5896
204,car,no_noise,3,1,5.9315
204,car,no_noise,3,1,2.3909
204,car,no_noise,3,1,3.1613
204,car,no_noise,2,1,2.6318
204,car,no_noise,2,1,5.665
204,car,no_noise,3,1,18.1102
204,car,no_noise,3,0,26.6245
204,car,no_noise,1,1,4.9041
204,car,no_noise,2,0,2.883
204,car,no_noise,2,1,6.3944
204,car,no_noise,3,0,9.1984
204,car,no_noise,1,1,5.2277
204,car,no_noise,2,0,8.5586
204,car,no_noise,3,1,2.6846
204,car,no_noise,2,1,8.7909
204,car,no_noise,3,0,2.3017
204,car,no_noise,2,0,96.301
204,car,no_noise,2,1,5.5368
204,car,no_noise,2,1,3.5478
204,car,no_noise,3,0,2.4481
204,car,no_noise,2,0,4.3545
204,car,noise,2,1,4.4554
204,car,noise,3,1,3.7067
204,car,noise,2,0,3.9723
204,car,noise,2,0,1.6581
204,car,noise,1,0,3.8078
204,car,noise,2,1,5.0333
204,car,noise,1,1,4.0327
204,car,noise,1,1,3.8154
204,car,noise,2,1,4.7006
204,car,noise,1,1,8.4655
204,car,noise,2,0,2.0803
204,car,noise,3,1,2.5052
204,car,noise,2,1,3.8909
204,car,noise,3,1,5.7273
204,car,noise,1,0,3.7527
204,car,noise,1,0,4.0583
204,car,noise,3,0,2.5443
204,car,noise,2,1,4.2628
204,car,noise,2,1,4.8818
204,car,noise,3,0,4.5204
204,car,noise,1,0,3.8883
204,car,noise,1,0,2.1245
204,car,noise,3,0,5.3061
204,car,noise,3,1,7.7668
204,face,no_noise,1,1,2.5843
204,face,no_noise,2,1,2.9482
204,face,no_noise,3,0,2.0631
204,face,no_noise,2,0,2.4475
204,face,no_noise,2,0,2.9667
204,face,no_noise,3,0,2.395
204,face,no_noise,2,0,1.4602
204,face,no_noise,3,1,2.4973
204,face,no_noise,1,0,2.0777
204,face,no_noise,2,0,2.898
204,face,no_noise,2,1,3.1062
204,face,no_noise,3,1,2.6978
204,face,no_noise,3,0,7.0769
204,face,no_noise,1,1,1.7112
204,face,no_noise,1,0,3.3454
204,face,no_noise,1,0,2.1373
204,face,no_noise,2,1,3.869
204,face,no_noise,3,0,5.185
204,face,no_noise,2,0,1.2933
204,face,no_noise,3,1,2.0978
204,face,no_noise,2,0,3.2883
204,face,no_noise,3,0,4.3458
204,face,no_noise,2,1,2.3254
204,face,no_noise,2,0,3.0261
204,face,no_noise,3,1,5.7048
204,face,no_noise,1,1,1.2723
204,face,no_noise,2,1,3.467
204,face,no_noise,2,0,2.5559
204,face,no_noise,1,1,1.5766
204,face,no_noise,2,0,1.5797
204,face,noise,1,0,4.0622
204,face,noise,2,0,1.63
204,face,noise,1,1,2.0632
204,face,noise,2,0,2.9952
204,face,noise,2,0,2.3604
204,face,noise,1,1,2.8933
204,face,noise,3,0,5.76
204,face,noise,2,0,1.5459
204,face,noise,1,0,1.8315
204,face,noise,1,0,1.9416
204,face,noise,2,1,4.3875
204,face,noise,1,0,33.3134
204,face,noise,1,1,1.4282
204,face,noise,3,0,2.2931
204,face,noise,1,1,3.2104
204,face,noise,2,1,2.6312
204,face,noise,2,0,1.5644
204,face,noise,3,0,1.4931
204,face,noise,1,0,5.767
204,face,noise,1,1,52.0923
204,face,noise,1,1,2.0001
204,face,noise,3,0,3.4957
204,face,noise,2,0,2.3127
204,face,noise,1,0,1.5155
205,car,no_noise,3,0,9.2333
205,car,no_noise,1,1,4.3712
205,car,no_noise,3,0,5.4361
205,car,no_noise,2,0,5.1363
205,car,no_noise,2,1,6.7121
205,car,no_noise,3,0,6.7127
205,car,no_noise,2,0,12.2177
205,car,no_noise,1,1,7.9884
205,car,no_noise,1,1,8.4886
205,car,no_noise,3,1,7.9417
205,car,no_noise,3,1,8.8762
205,car,no_noise,3,1,9.3564
205,car,no_noise,2,1,6.809
205,car,no_noise,2,1,6.6615
205,car,no_noise,1,0,11.6088
205,car,no_noise,2,1,7.0645
205,car,no_noise,2,0,7.8913
205,car,no_noise,1,1,4.2675
205,car,no_noise,1,0,7.1799
205,car,no_noise,1,1,3.5599
205,car,no_noise,1,1,3.8865
205,car,no_noise,1,1,6.4582
205,car,no_noise,2,0,2.9969
205,car,no_noise,2,1,2.6003
205,car,no_noise,3,0,6.7493
205,car,no_noise,2,0,6.9725
205,car,no_noise,2,1,7.7234
205,car,no_noise,2,1,9.4337
205,car,no_noise,3,0,2.6916
205,car,no_noise,1,1,6.0322
205,car,noise,1,0,6.5706
205,car,noise,3,1,2.8547
205,car,noise,3,1,2.7005
205,car,noise,2,0,3.2183
205,car,noise,3,0,3.471
205,car,noise,2,1,3.351
205,car,noise,1,1,3.0054
205,car,noise,3,0,2.9506
205,car,noise,2,1,4.6149
205,car,noise,1,1,5.1024
205,car,noise,1,1,2.4714
205,car,noise,3,1,4.0848
205,car,noise,1,0,4.9524
205,car,noise,3,1,3.2965
205,car,noise,2,0,3.1009
205,car,noise,2,1,4.8561
205,car,noise,2,1,5.9567
205,car,noise,2,1,3.5398
205,car,noise,3,0,4.2298
205,car,noise,2,1,5.2439
205,car,noise,2,0,5.0485
205,car,noise,3,1,6.0453
205,car,noise,1,1,3.1932
205,car,noise,3,1,2.1
205,face,no_noise,1,1,3.4861
205,face,no_noise,2,1,1.9056
205,face,no_noise,3,0,5.1261
205,face,no_noise,3,1,12.7271
205,face,no_noise,3,1,3.5224
205,face,no_noise,3,0,4.805
205,face,no_noise,1,1,4.4111
205,face,no_noise,3,1,2.1137
205,face,no_noise,2,1,2.017
205,face,no_noise,2,0,2.006
205,face,no_noise,1,0,10.7117
205,face,no_noise,3,1,2.3673
205,face,no_noise,2,1,5.9656
205,face,no_noise,2,0,3.5411
205,face,no_noise,2,1,2.1908
205,face,no_noise,2,1,6.4479
205,face,no_noise,2,1,1.8677
205,face,no_noise,3,0,4.8193
205,face,no_noise,3,0,8.4154
205,face,no_noise,2,0,2.1543
205,face,no_noise,1,1,1.8847
205,face,no_noise,2,1,2.1861
205,face,no_noise,2,1,4.3474
205,face,no_noise,3,0,3.7352
205,face,no_noise,3,1,4.5743
205,face,no_noise,1,1,6.2783
205,face,no_noise,2,1,2.1605
205,face,no_noise,2,0,3.7791
205,face,no_noise,1,1,1.4834
205,face,no_noise,2,0,2.4732
205,face,noise,2,1,2.2839
205,face,noise,3,1,1.9838
205,face,noise,1,1,2.8804
205,face,noise,3,0,2.2776
205,face,noise,2,0,1.8194
205,face,noise,1,1,2.3075
205,face,noise,2,1,2.9597
205,face,noise,2,0,1.2175
205,face,noise,1,0,2.402
205,face,noise,3,0,2.8744
205,face,noise,1,0,2.1676
205,face,noise,3,0,2.4413
205,face,noise,2,0,2.6175
205,face,noise,1,0,2.5514
205,face,noise,1,1,1.3455
205,face,noise,3,0,3.0774
205,face,noise,3,1,1.8906
205,face,noise,2,0,3.3758
205,face,noise,2,0,2.7614
205,face,noise,1,1,2.9345
205,face,noise,3,0,2.6855
205,face,noise,1,1,1.2903
205,face,noise,2,0,1.8882
205,face,noise,1,0,3.9574
207,car,no_noise,2,1,19.351
207,car,no_noise,1,1,24.7393
207,car,no_noise,2,0,13.0746
207,car,no_noise,3,1,24.8226
207,car,no_noise,1,0,8.3428
207,car,no_noise,2,0,5.9944
207,car,no_noise,2,0,1.4209
207,car,no_noise,3,0,0.9098
207,car,no_noise,3,0,0.3292
207,car,no_noise,2,0,0.1119
207,car,no_noise,3,1,0.081
207,car,no_noise,3,1,4.0578
207,car,no_noise,2,1,1.8469
207,car,no_noise,2,1,1.496
207,car,no_noise,3,1,2.1177
207,car,no_noise,3,0,2.1084
207,car,no_noise,2,0,2.2401
207,car,no_noise,3,0,2.1706
207,car,no_noise,2,1,1.7532
207,car,no_noise,3,0,0.9378
207,car,no_noise,3,0,1.7323
207,car,no_noise,3,0,1.5694
207,car,no_noise,2,0,1.5458
207,car,no_noise,2,1,1.8033
207,car,no_noise,3,0,2.0151
207,car,no_noise,2,0,1.259
207,car,no_noise,1,0,1.357
207,car,no_noise,2,1,1.5057
207,car,no_noise,1,1,1.3647
207,car,no_noise,2,0,1.7199
207,car,noise,2,1,116.5403
207,car,noise,3,1,1.5207
207,car,noise,1,0,0.4878
207,car,noise,2,0,0.47
207,car,noise,3,0,1.5049
207,car,noise,2,1,0.4813
207,car,noise,3,0,1.9827
207,car,noise,1,1,1.4748000000000001
207,car,noise,3,0,0.9847
207,car,noise,2,0,0.4398
207,car,noise,1,1,0.5177
207,car,noise,2,0,0.5048
207,car,noise,1,0,1.7203
207,car,noise,2,0,1.4629
207,car,noise,3,1,1.4635
207,car,noise,2,1,0.5152
207,car,noise,1,0,0.5338
207,car,noise,2,1,0.4753
207,car,noise,1,0,0.4707
207,car,noise,3,0,1.417
207,car,noise,2,0,1.4286
207,car,noise,1,0,1.5951
207,car,noise,2,0,0.4722
207,car,noise,1,0,0.4537
207,face,no_noise,1,1,6.9767
207,face,no_noise,2,1,1.6838
207,face,no_noise,1,1,3.9263
207,face,no_noise,2,0,1.9521
207,face,no_noise,1,0,1.539
207,face,no_noise,3,0,1.2638
207,face,no_noise,2,0,0.6165
207,face,no_noise,3,1,1.7304
207,face,no_noise,2,1,1.8023
207,face,no_noise,1,0,0.7313
207,face,no_noise,2,1,0.6501
207,face,no_noise,3,1,0.5885
207,face,no_noise,1,0,0.73740000000000006
207,face,no_noise,3,0,0.6415
207,face,no_noise,2,1,0.5863
207,face,no_noise,3,0,0.6313
207,face,no_noise,2,1,0.6517
207,face,no_noise,3,0,0.5589
207,face,no_noise,1,1,0.5669
207,face,no_noise,2,0,0.5248
207,face,no_noise,3,0,0.4725
207,face,no_noise,2,1,0.4593
207,face,no_noise,3,0,0.4578
207,face,no_noise,2,0,0.3273
207,face,no_noise,3,1,1.0978
207,face,no_noise,1,1,0.6587
207,face,no_noise,2,1,0.5514
207,face,no_noise,3,0,0.637
207,face,no_noise,2,0,0.681
207,face,no_noise,3,1,1.1012
207,face,noise,2,1,7.2847
207,face,noise,3,1,0.5489
207,face,noise,1,1,0.5317
207,face,noise,2,0,0.4387
207,face,noise,1,0,0.4368
207,face,noise,2,0,0.4271
207,face,noise,2,1,0.52
207,face,noise,3,0,0.4908
207,face,noise,2,1,0.4391
207,face,noise,1,0,0.6973
207,face,noise,1,0,0.5164
207,face,noise,1,0,0.4941
207,face,noise,2,0,0.4584
207,face,noise,3,0,0.4941
207,face,noise,1,1,0.592
207,face,noise,2,1,0.4345
207,face,noise,2,0,0.4869
207,face,noise,1,1,0.3794
207,face,noise,2,0,0.4428
207,face,noise,3,0,0.3933
207,face,noise,2,0,0.3548
207,face,noise,1,1,0.4606
207,face,noise,2,0,0.4018
207,face,noise,3,1,0.4009
208,face,no_noise,1,1,1.963
208,face,no_noise,2,1,1.2933
208,face,no_noise,1,1,1.5837
208,face,no_noise,3,1,1.2518
208,face,no_noise,3,1,2.2463
208,face,no_noise,2,1,1.717
208,face,no_noise,1,1,1.4523
208,face,no_noise,3,1,1.084
208,face,no_noise,2,1,2.7695
208,face,no_noise,3,1,1.6514
208,face,no_noise,2,1,1.6072
208,face,no_noise,2,0,1.3416
208,face,no_noise,2,1,2.6702
208,face,no_noise,1,1,2.3476
208,face,no_noise,2,1,0.8661
208,face,no_noise,2,1,1.001
208,face,no_noise,2,1,1.3309
208,face,no_noise,2,1,1.0348
208,face,no_noise,1,1,2.2385
208,face,no_noise,3,1,2.4002
208,face,no_noise,1,1,1.7834
208,face,no_noise,2,1,0.9183
208,face,no_noise,2,1,1.7408
208,face,no_noise,1,1,1.898
208,face,no_noise,3,1,2.9661
208,face,no_noise,1,1,1.6958
208,face,no_noise,2,1,1.7158
208,face,no_noise,1,1,1.3343
208,face,no_noise,1,1,1.4141
208,face,no_noise,3,1,1.5745
208,face,noise,2,1,1.9594
208,face,noise,2,0,0.8058
208,face,noise,1,1,2.0952
208,face,noise,3,0,3.2312
208,face,noise,3,1,1.7848
208,face,noise,1,1,1.5539
208,face,noise,2,1,2.7639
208,face,noise,2,0,2.5677
208,face,noise,3,0,2.9289
208,face,noise,2,1,1.0112
208,face,noise,1,0,1.6843
208,face,noise,1,0,2.0836
208,face,noise,2,0,1.8685
208,face,noise,2,1,0.9995
208,face,noise,1,1,1.534
208,face,noise,1,0,2.081
208,face,noise,3,1,2.1007
208,face,noise,1,1,1.213
208,face,noise,3,1,2.1647
208,face,noise,2,0,1.3168
208,face,noise,1,1,2.4458
208,face,noise,2,0,1.7468
208,face,noise,1,1,1.8169
208,face,noise,3,1,1.5507
208,car,no_noise,1,0,3.4
208,car,no_noise,2,0,3.0026
208,car,no_noise,3,0,1.872
208,car,no_noise,1,0,3.3874
208,car,no_noise,1,0,2.1304
208,car,no_noise,1,1,2.889
208,car,no_noise,1,0,2.0728
208,car,no_noise,1,1,2.953
208,car,no_noise,1,1,1.7222
208,car,no_noise,3,1,1.6196
208,car,no_noise,3,1,1.9062
208,car,no_noise,3,1,2.4393
208,car,no_noise,3,0,2.54
208,car,no_noise,2,1,1.4411
208,car,no_noise,2,0,3.3184
208,car,no_noise,2,1,2.0584
208,car,no_noise,1,1,2.4817
208,car,no_noise,2,0,1.8569
208,car,no_noise,2,1,4.0948
208,car,no_noise,1,1,1.8908
208,car,no_noise,1,1,3.0886
208,car,no_noise,1,1,2.3318
208,car,no_noise,1,0,2.149
208,car,no_noise,3,0,3.1364
208,car,no_noise,2,1,1.2516
208,car,no_noise,2,0,3.1882
208,car,no_noise,2,1,2.0751
208,car,no_noise,2,1,1.4535
208,car,no_noise,2,0,2.3399
208,car,no_noise,1,1,2.0632
208,car,noise,1,0,3.3327
208,car,noise,3,1,1.4952
208,car,noise,3,1,2.3705
208,car,noise,2,0,2.2315
208,car,noise,2,1,2.0249
208,car,noise,2,1,1.7469
208,car,noise,1,1,3.1317
208,car,noise,1,1,1.2906
208,car,noise,1,0,1.2434
208,car,noise,1,1,3.4318
208,car,noise,1,1,2.132
208,car,noise,3,1,1.9993
208,car,noise,2,1,1.4501
208,car,noise,2,0,1.9443
208,car,noise,3,1,1.9979
208,car,noise,2,1,2.253
208,car,noise,1,0,3.354
208,car,noise,2,1,1.2261
208,car,noise,3,0,1.699
208,car,noise,2,1,2.2595
208,car,noise,1,0,1.7451
208,car,noise,2,0,3.6828
208,car,noise,1,1,1.9352
208,car,noise,3,1,1.8443
210,face,no_noise,1,1,1.7223
210,face,no_noise,2,1,2.5226
210,face,no_noise,1,1,1.5354
210,face,no_noise,3,1,2.6169
210,face,no_noise,3,1,1.9372
210,face,no_noise,2,1,2.105
210,face,no_noise,1,1,1.9377
210,face,no_noise,3,1,1.8501
210,face,no_noise,2,1,1.2537
210,face,no_noise,3,1,1.6007
210,face,no_noise,2,1,1.5331
210,face,no_noise,3,1,2.2499
210,face,no_noise,2,1,1.4801
210,face,no_noise,1,1,1.2521
210,face,no_noise,2,1,2.1207
210,face,no_noise,2,1,2.9869
210,face,no_noise,2,1,1.7976
210,face,no_noise,2,1,1.8392
210,face,no_noise,3,0,1.7212
210,face,no_noise,3,1,1.2341
210,face,no_noise,1,1,2.0144
210,face,no_noise,2,1,1.2175
210,face,no_noise,2,1,0.9885
210,face,no_noise,1,1,1.7736
210,face,no_noise,1,0,1.1676
210,face,no_noise,1,1,1.3449
210,face,no_noise,2,1,1.8679
210,face,no_noise,2,0,2.0592
210,face,no_noise,1,1,2.2423
210,face,no_noise,3,1,1.6947
210,face,noise,2,1,1.6015
210,face,noise,3,1,2.2695
210,face,noise,3,0,2.256
210,face,noise,1,1,2.2456
210,face,noise,1,0,1.7786
210,face,noise,1,1,1.9013
210,face,noise,2,1,1.8194
210,face,noise,1,1,2.238
210,face,noise,3,0,2.9481
210,face,noise,2,1,1.0767
210,face,noise,3,0,1.6202
210,face,noise,3,0,1.9829
210,face,noise,1,1,2.8436
210,face,noise,2,1,1.683
210,face,noise,1,1,1.6317
210,face,noise,3,0,1.7397
210,face,noise,3,1,1.9526
210,face,noise,3,0,3.1006
210,face,noise,3,1,1.4823
210,face,noise,2,0,2.4887
210,face,noise,1,1,1.2053
210,face,noise,1,1,1.2466
210,face,noise,3,0,1.5006
210,face,noise,3,1,1.5885
210,car,no_noise,2,1,2.247
210,car,no_noise,1,1,1.693
210,car,no_noise,2,0,2.7601
210,car,no_noise,3,1,2.4271
210,car,no_noise,1,0,1.4183
210,car,no_noise,1,1,1.4483
210,car,no_noise,2,0,2.545
210,car,no_noise,3,0,2.3802
210,car,no_noise,1,1,1.7499
210,car,no_noise,1,0,1.1641
210,car,no_noise,1,0,1.7579
210,car,no_noise,3,1,1.4586
210,car,no_noise,2,1,2.0345
210,car,no_noise,2,1,1.2491
210,car,no_noise,3,1,1.543
210,car,no_noise,3,0,2.1116
210,car,no_noise,1,1,1.9559
210,car,no_noise,2,0,2.4216
210,car,no_noise,3,0,3.4348
210,car,no_noise,1,1,3.0431
210,car,no_noise,3,0,3.0858
210,car,no_noise,2,0,3.3792
210,car,no_noise,3,1,2.2757
210,car,no_noise,3,0,3.2759
210,car,no_noise,2,1,2.9449
210,car,no_noise,2,0,2.3318
210,car,no_noise,1,0,2.0881
210,car,no_noise,2,1,2.7949
210,car,no_noise,3,0,1.3648
210,car,no_noise,1,1,1.9281
210,car,noise,2,1,1.1559
210,car,noise,1,0,1.2121
210,car,noise,3,1,1.6699
210,car,noise,2,0,1.6179
210,car,noise,2,1,0.9704
210,car,noise,2,1,2.2225
210,car,noise,3,0,1.7793
210,car,noise,1,1,1.7942
210,car,noise,2,1,2.4584
210,car,noise,1,1,1.8734
210,car,noise,1,1,1.9973
210,car,noise,3,1,2.1058
210,car,noise,2,1,1.6574
210,car,noise,1,0,1.5155
210,car,noise,3,1,2.2306
210,car,noise,2,1,2.4879
210,car,noise,1,0,2.2714
210,car,noise,2,1,1.5707
210,car,noise,2,1,1.7166
210,car,noise,2,1,2.2406
210,car,noise,1,0,2.4481
210,car,noise,1,0,1.192
210,car,noise,3,0,2.6736
210,car,noise,2,0,3.1521
211,face,no_noise,1,1,2.6598
211,face,no_noise,2,1,4.16
211,face,no_noise,1,1,3.4575
211,face,no_noise,3,1,4.1476
211,face,no_noise,2,0,6.1749
211,face,no_noise,2,1,3.4308
211,face,no_noise,2,0,4.3901
211,face,no_noise,3,1,2.2525
211,face,no_noise,1,0,8.2611
211,face,no_noise,3,1,3.6621
211,face,no_noise,2,1,2.6706
211,face,no_noise,2,0,6.2732
211,face,no_noise,2,1,6.4443
211,face,no_noise,1,1,3.5974
211,face,no_noise,2,1,5.3105
211,face,no_noise,3,0,3.4412
211,face,no_noise,2,1,3.8539
211,face,no_noise,1,0,2.7069
211,face,no_noise,3,0,4.5414
211,face,no_noise,3,1,2.6973
211,face,no_noise,1,1,3.6969
211,face,no_noise,2,1,4.0223
211,face,no_noise,2,1,3.9559
211,face,no_noise,3,0,3.1617
211,face,no_noise,3,1,7.392
211,face,no_noise,1,1,4.2065
211,face,no_noise,2,1,6.2626
211,face,no_noise,3,0,3.9381
211,face,no_noise,1,1,2.6652
211,face,no_noise,2,0,2.957
211,face,noise,3,0,3.8913
211,face,noise,1,0,3.4446
211,face,noise,3,0,5.7514
211,face,noise,3,0,6.0065
211,face,noise,3,1,5.2419
211,face,noise,1,1,4.7297
211,face,noise,2,1,3.2784
211,face,noise,2,0,6.6826
211,face,noise,3,0,4.1843
211,face,noise,2,1,4.7657
211,face,noise,1,0,6.6238
211,face,noise,2,1,3.7983
211,face,noise,1,1,7.0035
211,face,noise,2,1,6.5181
211,face,noise,1,1,3.4092
211,face,noise,2,1,3.3274
211,face,noise,3,1,4.8179
211,face,noise,1,1,7.212
211,face,noise,3,1,6.9404
211,face,noise,2,0,4.0098
211,face,noise,2,0,5.2394
211,face,noise,2,0,5.4053
211,face,noise,1,1,6.2941
211,face,noise,3,1,8.3648
211,car,no_noise,3,0,6.7177
211,car,no_noise,2,0,2.8213
211,car,no_noise,1,1,7.6872
211,car,no_noise,3,1,4.9657
211,car,no_noise,1,0,5.8514
211,car,no_noise,3,0,4.0949
211,car,no_noise,3,1,9.2435
211,car,no_noise,1,1,3.6528
211,car,no_noise,1,1,6.2298
211,car,no_noise,3,1,10.3155
211,car,no_noise,1,0,4.8821
211,car,no_noise,3,1,6.0652
211,car,no_noise,2,1,4.4092
211,car,no_noise,1,0,4.7477
211,car,no_noise,1,0,5.579
211,car,no_noise,2,1,5.8234
211,car,no_noise,1,1,4.7212
211,car,no_noise,1,1,3.4902
211,car,no_noise,2,1,3.0948
211,car,no_noise,3,0,3.8959
211,car,no_noise,1,1,9.9973
211,car,no_noise,1,1,6.6805
211,car,no_noise,3,1,4.6245
211,car,no_noise,2,1,3.9126
211,car,no_noise,2,1,7.1685
211,car,no_noise,3,1,2.8115
211,car,no_noise,3,0,7.9702
211,car,no_noise,1,0,13.9981
211,car,no_noise,1,1,5.637
211,car,no_noise,1,1,5.5636
211,car,noise,1,0,2.8169
211,car,noise,3,1,8.3095
211,car,noise,2,0,8.7302
211,car,noise,1,1,4.4359
211,car,noise,2,1,5.2395
211,car,noise,2,1,6.5211
211,car,noise,1,1,4.0309
211,car,noise,1,1,2.9401
211,car,noise,1,0,3.562
211,car,noise,1,1,5.192
211,car,noise,1,1,5.1089
211,car,noise,3,1,4.4936
211,car,noise,2,1,8.9286
211,car,noise,2,0,5.6181
211,car,noise,3,1,7.0052
211,car,noise,1,0,4.4699
211,car,noise,3,0,8.4072
211,car,noise,3,0,7.8151
211,car,noise,1,0,7.0411
211,car,noise,3,0,4.961
211,car,noise,1,0,7.2603
211,car,noise,3,1,4.0331
211,car,noise,3,0,6.5909
211,car,noise,3,1,4.7696
212,face,no_noise,1,1,4.1888
212,face,no_noise,2,1,6.6493
212,face,no_noise,1,1,2.3193
212,face,no_noise,3,1,4.6637
212,face,no_noise,3,1,2.5717
212,face,no_noise,2,1,2.2357
212,face,no_noise,1,1,2.2021
212,face,no_noise,3,1,2.0219
212,face,no_noise,2,1,1.4836
212,face,no_noise,3,1,2.0039
212,face,no_noise,2,1,1.5004
212,face,no_noise,3,1,2.9528
212,face,no_noise,2,1,2.3468
212,face,no_noise,1,1,2.1779
212,face,no_noise,2,1,1.7444
212,face,no_noise,2,1,2.5113
212,face,no_noise,2,1,3.9934
212,face,no_noise,1,0,3.2987
212,face,no_noise,3,0,2.5961
212,face,no_noise,3,1,2.8508
212,face,no_noise,1,1,3.9474
212,face,no_noise,2,1,2.2887
212,face,no_noise,2,1,2.4213
212,face,no_noise,1,1,4.216
212,face,no_noise,3,1,3.8123
212,face,no_noise,1,1,3.0644
212,face,no_noise,2,1,2.7858
212,face,no_noise,1,1,2.996
212,face,no_noise,1,1,4.7888
212,face,no_noise,3,1,2.4815
212,face,noise,2,1,3.6211
212,face,noise,3,1,2.8008
212,face,noise,1,1,3.8008
212,face,noise,1,1,2.1839
212,face,noise,3,1,2.2961
212,face,noise,1,1,2.4456
212,face,noise,2,1,2.3594
212,face,noise,1,1,2.3058
212,face,noise,2,1,2.4718
212,face,noise,2,1,2.8078
212,face,noise,2,1,4.2778
212,face,noise,1,0,1.9472
212,face,noise,1,1,2.1107
212,face,noise,2,1,1.8762
212,face,noise,1,1,2.0282
212,face,noise,2,1,3.1321
212,face,noise,3,1,1.8933
212,face,noise,1,1,2.0665
212,face,noise,3,1,1.9293
212,face,noise,3,0,2.2345
212,face,noise,2,0,2.5934
212,face,noise,1,1,1.9059
212,face,noise,1,1,2.3411
212,face,noise,3,1,2.743
212,car,no_noise,2,1,4.619
212,car,no_noise,1,1,3.7732
212,car,no_noise,3,0,2.921
212,car,no_noise,3,1,3.9382
212,car,no_noise,2,1,4.6519
212,car,no_noise,1,1,2.6062
212,car,no_noise,1,0,3.3861
212,car,no_noise,3,0,4.2376
212,car,no_noise,1,1,3.4563
212,car,no_noise,3,1,3.9062
212,car,no_noise,3,1,4.7559
212,car,no_noise,3,1,3.4275
212,car,no_noise,2,1,2.6462
212,car,no_noise,1,0,4.4998
212,car,no_noise,3,1,2.6879
212,car,no_noise,2,1,3.522
212,car,no_noise,3,0,4.2361
212,car,no_noise,1,1,7.2175
212,car,no_noise,3,0,4.9202
212,car,no_noise,3,0,3.006
212,car,no_noise,3,0,5.6674
212,car,no_noise,1,1,3.2284
212,car,no_noise,3,1,2.7704
212,car,no_noise,2,1,3.9055
212,car,no_noise,2,1,3.6386
212,car,no_noise,2,0,2.8969
212,car,no_noise,1,0,2.6533
212,car,no_noise,2,1,2.3375
212,car,no_noise,3,0,1.9737
212,car,no_noise,1,1,2.8153
212,car,noise,2,1,4.0936
212,car,noise,3,1,2.5464
212,car,noise,3,1,2.5972
212,car,noise,1,1,3.081
212,car,noise,2,1,3.8667
212,car,noise,2,1,3.1807
212,car,noise,1,1,3.5349
212,car,noise,1,1,3.2316
212,car,noise,2,1,4.3125
212,car,noise,1,1,3.7368
212,car,noise,1,1,4.9875
212,car,noise,3,1,4.1691
212,car,noise,2,1,2.9948
212,car,noise,2,0,4.7357
212,car,noise,3,1,2.5517
212,car,noise,2,1,3.4605
212,car,noise,2,1,5.9783
212,car,noise,2,1,2.6971
212,car,noise,3,0,3.3353
212,car,noise,2,1,2.5613
212,car,noise,3,1,4.1143
212,car,noise,1,0,3.0509
212,car,noise,1,1,2.3159
212,car,noise,3,1,2.5649
214,face,no_noise,1,1,7.841
214,face,no_noise,3,0,4.844
214,face,no_noise,1,1,1.687
214,face,no_noise,2,0,6.126
214,face,no_noise,1,0,4.901
214,face,no_noise,2,1,1.935
214,face,no_noise,1,1,4.885
214,face,no_noise,3,1,2.078
214,face,no_noise,2,1,4.715
214,face,no_noise,1,0,1.263
214,face,no_noise,3,0,1.479
214,face,no_noise,3,1,1.161
214,face,no_noise,2,1,1.445
214,face,no_noise,1,1,1.462
214,face,no_noise,2,1,1.729
214,face,no_noise,3,0,1.911
214,face,no_noise,2,1,0.879
214,face,no_noise,3,0,1.845
214,face,no_noise,2,0,1.379
214,face,no_noise,3,1,1.301
214,face,no_noise,2,0,1.401
214,face,no_noise,2,1,1.51
214,face,no_noise,2,1,1.679
214,face,no_noise,3,0,1.854
214,face,no_noise,3,1,2.862
214,face,no_noise,1,1,1.243
214,face,no_noise,2,1,0.999
214,face,no_noise,3,0,2.104
214,face,no_noise,2,0,2.378
214,face,no_noise,3,1,2.127
214,face,noise,2,1,2.197
214,face,noise,2,0,2.295
214,face,noise,3,0,1.748
214,face,noise,1,1,2.278
214,face,noise,3,1,1.228
214,face,noise,2,0,2.329
214,face,noise,3,0,3.378
214,face,noise,1,1,1.794
214,face,noise,3,0,2.036
214,face,noise,2,1,1.296
214,face,noise,1,0,1.349
214,face,noise,3,0,1.449
214,face,noise,3,0,0.862
214,face,noise,2,1,1.211
214,face,noise,1,1,1.595
214,face,noise,1,0,2.629
214,face,noise,3,1,1.979
214,face,noise,1,1,1.129
214,face,noise,3,1,1.048
214,face,noise,2,0,1.011
214,face,noise,2,0,2.028
214,face,noise,1,1,0.971
214,face,noise,2,0,2.061
214,face,noise,2,0,1.934
214,car,no_noise,2,1,3.501
214,car,no_noise,1,1,1.444
214,car,no_noise,2,0,1.39
214,car,no_noise,2,0,0.91
214,car,no_noise,3,0,0.901
214,car,no_noise,2,0,1.378
214,car,no_noise,3,1,0.889
214,car,no_noise,2,0,0.731
214,car,no_noise,3,0,1.365
214,car,no_noise,1,0,1.127
214,car,no_noise,1,0,0.974
214,car,no_noise,3,1,1.474
214,car,no_noise,2,1,0.73
214,car,no_noise,2,1,0.974
214,car,no_noise,3,1,0.973
214,car,no_noise,3,0,1.025
214,car,no_noise,3,0,0.813
214,car,no_noise,3,0,0.924
214,car,no_noise,3,0,0.757
214,car,no_noise,2,0,1.291
214,car,no_noise,3,0,1.041
214,car,no_noise,2,0,0.908
214,car,no_noise,3,1,1.44
214,car,no_noise,2,1,0.607
214,car,no_noise,1,0,0.913
214,car,no_noise,2,0,1.194
214,car,no_noise,2,1,0.758
214,car,no_noise,1,0,0.6
214,car,no_noise,2,0,0.637
214,car,no_noise,2,0,0.648
214,car,noise,2,1,9.159
214,car,noise,1,0,3.74
214,car,noise,3,1,0.961
214,car,noise,2,0,1.287
214,car,noise,2,1,1.129
214,car,noise,2,1,1.892
214,car,noise,3,0,1.691
214,car,noise,1,1,0.804
214,car,noise,1,0,0.673
214,car,noise,1,1,0.737
214,car,noise,1,1,3.739
214,car,noise,3,1,2.99
214,car,noise,1,0,1.07
214,car,noise,1,0,0.738
214,car,noise,3,1,0.938
214,car,noise,2,1,1.404
214,car,noise,3,0,1.626
214,car,noise,2,1,1.185
214,car,noise,1,0,1.928
214,car,noise,2,1,1.027
214,car,noise,3,1,0.925
214,car,noise,3,1,0.939
214,car,noise,3,0,1.222
214,car,noise,1,0,1.32
215,face,no_noise,1,1,3.6647
215,face,no_noise,2,1,3.7245
215,face,no_noise,1,1,3.9343
215,face,no_noise,3,1,6.0778
215,face,no_noise,1,0,5.3753
215,face,no_noise,2,1,6.1308
215,face,no_noise,1,1,3.5609
215,face,no_noise,3,1,3.0458
215,face,no_noise,2,1,5.4672
215,face,no_noise,3,1,4.9001
215,face,no_noise,2,1,3.831
215,face,no_noise,3,1,4.3609
215,face,no_noise,1,0,5.1276
215,face,no_noise,1,1,3.7631
215,face,no_noise,2,1,3.5329
215,face,no_noise,2,1,5.2676
215,face,no_noise,2,1,4.5351
215,face,no_noise,3,0,5.3597
215,face,no_noise,3,0,4.1342
215,face,no_noise,3,1,5.4632
215,face,no_noise,1,1,4.0164
215,face,no_noise,2,1,4.8107
215,face,no_noise,2,1,4.866
215,face,no_noise,2,0,6.5817
215,face,no_noise,1,0,5.7625
215,face,no_noise,3,0,5.2791
215,face,no_noise,2,1,3.3761
215,face,no_noise,2,0,5.0596
215,face,no_noise,1,1,4.1951
215,face,no_noise,2,0,5.4258
215,face,noise,2,1,3.5091
215,face,noise,3,1,3.775
215,face,noise,1,1,4.5034
215,face,noise,1,1,3.4476
215,face,noise,3,1,3.7037
215,face,noise,1,1,5.1346
215,face,noise,3,0,3.9817
215,face,noise,2,0,3.5611
215,face,noise,1,0,3.6381
215,face,noise,2,1,2.536
215,face,noise,1,0,4.9427
215,face,noise,3,0,3.3152
215,face,noise,2,0,3.2175
215,face,noise,2,1,3.7165
215,face,noise,1,1,3.5958
215,face,noise,3,0,5.2709
215,face,noise,3,1,2.8873
215,face,noise,1,1,4.3192
215,face,noise,3,1,3.399
215,face,noise,2,0,3.6339
215,face,noise,3,0,4.7634
215,face,noise,2,0,3.6805
215,face,noise,1,1,3.2934
215,face,noise,2,0,3.3525
215,car,no_noise,2,1,4.1262
215,car,no_noise,1,1,5.0817
215,car,no_noise,1,1,4.382
215,car,no_noise,3,1,6.341
215,car,no_noise,2,1,2.4801
215,car,no_noise,1,1,3.3626
215,car,no_noise,3,1,3.9009
215,car,no_noise,1,1,2.5669
215,car,no_noise,1,1,3.4979
215,car,no_noise,3,1,4.2965
215,car,no_noise,3,1,4.6934
215,car,no_noise,3,1,3.3865
215,car,no_noise,2,1,3.8988
215,car,no_noise,2,1,5.1148
215,car,no_noise,3,1,8.4426
215,car,no_noise,2,1,3.4808
215,car,no_noise,1,1,2.8491
215,car,no_noise,2,0,4.4429
215,car,no_noise,3,0,6.3906
215,car,no_noise,3,0,4.2407
215,car,no_noise,1,1,3.497
215,car,no_noise,1,1,5.1627
215,car,no_noise,3,1,4.064
215,car,no_noise,2,1,4.2788
215,car,no_noise,2,1,3.3055
215,car,no_noise,3,1,4.0929
215,car,no_noise,2,1,3.826
215,car,no_noise,2,1,3.5811
215,car,no_noise,2,0,3.3651
215,car,no_noise,1,1,4.5853
215,car,noise,2,1,6.691
215,car,noise,3,1,3.3629
215,car,noise,3,1,4.9804
215,car,noise,1,1,2.6926
215,car,noise,2,1,3.4592
215,car,noise,2,1,2.4684
215,car,noise,1,1,2.6839
215,car,noise,2,0,4.5819
215,car,noise,2,1,4.4122
215,car,noise,1,1,3.0795
215,car,noise,1,1,3.496
215,car,noise,3,1,3.4124
215,car,noise,2,1,3.1628
215,car,noise,3,1,6.8293
215,car,noise,3,1,3.5978
215,car,noise,2,1,3.7296
215,car,noise,2,1,3.4454
215,car,noise,2,1,3.2009
215,car,noise,2,1,3.2794
215,car,noise,2,1,3.1804
215,car,noise,3,1,3.8583
215,car,noise,3,1,3.33
215,car,noise,1,1,4.1625
215,car,noise,3,1,2.6991
216,car,no_noise,3,0,6.527
216,car,no_noise,1,1,3.4801
216,car,no_noise,3,0,6.858
216,car,no_noise,3,1,5.6124
216,car,no_noise,2,1,4.3803
216,car,no_noise,3,0,3.6126
216,car,no_noise,3,1,3.7998
216,car,no_noise,1,1,3.3595
216,car,no_noise,1,1,4.0021
216,car,no_noise,3,1,4.4256
216,car,no_noise,1,0,3.393
216,car,no_noise,2,0,3.2602
216,car,no_noise,3,0,2.8493
216,car,no_noise,2,1,3.3081
216,car,no_noise,3,1,6.642
216,car,no_noise,2,1,5.0103
216,car,no_noise,2,0,2.179
216,car,no_noise,1,1,2.2792
216,car,no_noise,3,0,2.855
216,car,no_noise,1,1,2.2097
216,car,no_noise,1,1,4.9911
216,car,no_noise,3,0,4.8628
216,car,no_noise,2,0,2.4752
216,car,no_noise,2,1,3.192
216,car,no_noise,2,1,4.9111
216,car,no_noise,1,0,2.7552
216,car,no_noise,2,1,5.7258
216,car,no_noise,2,1,2.3374
216,car,no_noise,1,1,2.5677
216,car,no_noise,1,1,2.7022
216,car,noise,1,0,4.8281
216,car,noise,3,1,2.4009
216,car,noise,3,1,2.6473
216,car,noise,2,0,2.5897
216,car,noise,3,0,2.5866
216,car,noise,2,1,3.1221
216,car,noise,3,0,3.7418
216,car,noise,1,1,3.5086
216,car,noise,2,1,1.8709
216,car,noise,1,1,2.394
216,car,noise,1,1,4.1279
216,car,noise,1,0,3.9221
216,car,noise,2,1,3.6107
216,car,noise,1,0,3.7388
216,car,noise,1,0,4.0004
216,car,noise,2,1,3.1882
216,car,noise,2,1,3.7119
216,car,noise,1,0,3.1858
216,car,noise,2,1,1.7074
216,car,noise,2,1,2.8197
216,car,noise,3,1,2.6696
216,car,noise,1,0,4.704
216,car,noise,1,1,1.9553
216,car,noise,3,1,4.0567
216,face,no_noise,1,1,2.2944
216,face,no_noise,2,1,2.3999
216,face,no_noise,1,1,1.7841
216,face,no_noise,2,0,2.5195
216,face,no_noise,2,0,2.6018
216,face,no_noise,3,0,5.2311
216,face,no_noise,1,1,2.9621
216,face,no_noise,3,1,1.9165
216,face,no_noise,1,0,4.1197
216,face,no_noise,3,1,2.8005
216,face,no_noise,1,0,4.1986
216,face,no_noise,2,0,3.1468
216,face,no_noise,2,1,2.2398
216,face,no_noise,1,1,2.0524
216,face,no_noise,2,1,2.0615
216,face,no_noise,2,1,2.0883
216,face,no_noise,2,1,1.8487
216,face,no_noise,1,0,1.7838
216,face,no_noise,3,0,4.0509
216,face,no_noise,2,0,4.182
216,face,no_noise,3,0,5.1323
216,face,no_noise,2,1,1.6018
216,face,no_noise,2,1,2.9514
216,face,no_noise,3,0,2.0047
216,face,no_noise,3,1,5.2811
216,face,no_noise,1,1,3.1807
216,face,no_noise,2,1,1.5849
216,face,no_noise,3,0,1.8198
216,face,no_noise,1,1,1.468
216,face,no_noise,2,0,2.6744
216,face,noise,2,1,2.0613
216,face,noise,3,1,5.2792
216,face,noise,1,1,3.8818
216,face,noise,1,1,2.1903
216,face,noise,3,1,4.9139
216,face,noise,1,1,2.0375
216,face,noise,3,0,4.5042
216,face,noise,1,1,4.9339
216,face,noise,1,0,4.0811
216,face,noise,3,0,6.4703
216,face,noise,2,1,3.8146
216,face,noise,1,0,4.1124
216,face,noise,3,0,2.4841
216,face,noise,1,0,5.0816
216,face,noise,1,1,6.7798
216,face,noise,3,0,2.8669
216,face,noise,3,1,2.5073
216,face,noise,1,1,4.5967
216,face,noise,3,1,2.1031
216,face,noise,2,0,2.2635
216,face,noise,3,0,5.4701
216,face,noise,1,1,2.0914
216,face,noise,2,0,2.8883
216,face,noise,3,1,3.1573
217,face,no_noise,1,1,3.3689
217,face,no_noise,2,1,2.7624
217,face,no_noise,3,0,7.3312
217,face,no_noise,1,0,4.7885
217,face,no_noise,1,0,5.2691
217,face,no_noise,2,1,2.7948
217,face,no_noise,1,1,3.8845
217,face,no_noise,3,1,2.5791
217,face,no_noise,2,1,2.5466
217,face,no_noise,3,1,6.9535
217,face,no_noise,2,1,2.4396
217,face,no_noise,3,1,2.3956
217,face,no_noise,3,0,3.168
217,face,no_noise,1,1,2.7834
217,face,no_noise,3,0,5.9128
217,face,no_noise,3,0,3.6454
217,face,no_noise,2,1,2.2125
217,face,no_noise,2,1,7.0366
217,face,no_noise,3,0,3.2486
217,face,no_noise,3,1,2.8413
217,face,no_noise,1,1,2.2746
217,face,no_noise,2,1,4.9638
217,face,no_noise,1,0,6.1981
217,face,no_noise,1,1,2.6122
217,face,no_noise,3,1,3.1138
217,face,no_noise,3,0,5.1966
217,face,no_noise,2,1,3.9286
217,face,no_noise,3,0,6.3805
217,face,no_noise,1,1,4.3301
217,face,no_noise,3,1,4.4583
217,face,noise,3,0,3.2087
217,face,noise,3,1,2.1794
217,face,noise,2,0,3.8335
217,face,noise,1,1,2.3949
217,face,noise,2,0,3.2805
217,face,noise,1,1,3.4664
217,face,noise,2,1,4.416
217,face,noise,1,1,3.6949
217,face,noise,1,0,5.4795
217,face,noise,2,1,2.8336
217,face,noise,3,0,3.6382
217,face,noise,1,0,3.6963
217,face,noise,1,1,2.0134
217,face,noise,3,0,2.4945
217,face,noise,1,1,2.6628
217,face,noise,1,0,3.4968
217,face,noise,3,1,2.6624
217,face,noise,3,0,4.546
217,face,noise,3,1,3.5123
217,face,noise,3,0,3.0295
217,face,noise,1,1,8.0795
217,face,noise,2,0,6.0116
217,face,noise,1,1,4.8295
217,face,noise,3,1,3.0618
217,car,no_noise,2,1,10.3492
217,car,no_noise,2,0,8.7189
217,car,no_noise,3,0,4.0721
217,car,no_noise,2,0,3.0034
217,car,no_noise,1,0,4.6041
217,car,no_noise,1,1,3.918
217,car,no_noise,3,1,5.1519
217,car,no_noise,1,1,4.203
217,car,no_noise,3,0,5.2853
217,car,no_noise,1,0,2.4358
217,car,no_noise,3,1,5.8927
217,car,no_noise,3,1,3.9683
217,car,no_noise,2,1,4.6811
217,car,no_noise,3,0,4.6072
217,car,no_noise,1,0,3.3419
217,car,no_noise,2,1,7.0352
217,car,no_noise,2,0,4.3019
217,car,no_noise,2,0,4.0189
217,car,no_noise,2,1,2.5704
217,car,no_noise,3,0,8.3032
217,car,no_noise,1,1,3.5229
217,car,no_noise,2,0,3.4369
217,car,no_noise,2,0,3.4842
217,car,no_noise,3,0,3.3682
217,car,no_noise,1,0,3.8232
217,car,no_noise,3,1,4.0878
217,car,no_noise,1,0,6.5699
217,car,no_noise,2,1,3.6355
217,car,no_noise,3,0,4.4675
217,car,no_noise,3,0,3.1849
217,car,noise,2,1,5.6784
217,car,noise,2,0,2.7806
217,car,noise,3,1,2.8488
217,car,noise,1,1,5.7314
217,car,noise,2,1,4.4656
217,car,noise,2,1,5.3058
217,car,noise,1,1,5.7994
217,car,noise,1,1,5.5491
217,car,noise,2,1,3.6293
217,car,noise,3,0,4.3509
217,car,noise,2,0,2.7566
217,car,noise,3,1,2.4833
217,car,noise,1,0,1.6935
217,car,noise,2,0,2.917
217,car,noise,3,1,3.9848
217,car,noise,3,0,2.9311
217,car,noise,2,1,4.9632
217,car,noise,2,1,3.5772
217,car,noise,3,0,2.9146
217,car,noise,2,1,4.1184
217,car,noise,1,0,2.6806
217,car,noise,1,0,3.6008
217,car,noise,2,0,2.4499
217,car,noise,1,0,2.8987
218,face,no_noise,1,1,2.5452
218,face,no_noise,2,1,2.9118
218,face,no_noise,1,1,2.1125
218,face,no_noise,3,1,1.9809
218,face,no_noise,3,1,1.4717
218,face,no_noise,2,1,1.6979
218,face,no_noise,1,1,1.6078
218,face,no_noise,3,1,1.7064
218,face,no_noise,2,1,1.4404
218,face,no_noise,3,1,1.8094
218,face,no_noise,2,1,1.8436
218,face,no_noise,3,1,1.6194
218,face,no_noise,2,1,1.5579
218,face,no_noise,1,1,1.6707
218,face,no_noise,2,1,1.7644
218,face,no_noise,2,1,1.2349
218,face,no_noise,2,1,1.2618
218,face,no_noise,2,1,1.5656
218,face,no_noise,1,1,2.0116
218,face,no_noise,3,1,1.7284
218,face,no_noise,1,1,1.5534
218,face,no_noise,2,1,1.9357
218,face,no_noise,2,1,2.051
218,face,no_noise,1,1,2.1852
218,face,no_noise,3,1,2.0667
218,face,no_noise,1,1,2.1103
218,face,no_noise,2,1,2.0415
218,face,no_noise,1,1,1.5857
218,face,no_noise,1,1,2.0849
218,face,no_noise,3,1,1.7197
218,face,noise,2,1,2.8627
218,face,noise,3,1,1.6738
218,face,noise,1,1,4.2848
218,face,noise,1,1,2.2799
218,face,noise,3,1,2.2979
218,face,noise,3,0,2.6315
218,face,noise,2,1,2.2033
218,face,noise,1,1,2.3444
218,face,noise,2,1,3.1026
218,face,noise,2,1,1.8739
218,face,noise,2,1,2.407
218,face,noise,2,1,1.9093
218,face,noise,1,1,1.6816
218,face,noise,2,1,2.2206
218,face,noise,1,1,2.1205
218,face,noise,2,1,1.8294
218,face,noise,3,1,1.8918
218,face,noise,1,1,1.854
218,face,noise,3,1,1.6944
218,face,noise,3,0,2.7201
218,face,noise,3,0,1.9281
218,face,noise,1,1,2.2451
218,face,noise,1,1,1.4215
218,face,noise,3,1,2.1261
218,car,no_noise,1,0,2.1074
218,car,no_noise,3,0,3.1263
218,car,no_noise,3,0,2.792
218,car,no_noise,3,1,2.8182
218,car,no_noise,1,0,2.778
218,car,no_noise,3,0,2.5707
218,car,no_noise,1,0,3.1106
218,car,no_noise,1,1,2.8647
218,car,no_noise,1,1,3.108
218,car,no_noise,1,0,4.2769
218,car,no_noise,3,1,2.8915
218,car,no_noise,2,0,4.5497
218,car,no_noise,3,0,2.4563
218,car,no_noise,3,0,3.6405
218,car,no_noise,1,0,2.3441
218,car,no_noise,3,0,3.8774
218,car,no_noise,2,0,4.6963
218,car,no_noise,2,0,2.3802
218,car,no_noise,2,1,2.4249
218,car,no_noise,1,1,5.611
218,car,no_noise,3,0,3.9278
218,car,no_noise,3,0,3.9152
218,car,no_noise,1,0,4.2713
218,car,no_noise,1,0,3.9566
218,car,no_noise,3,0,3.2778
218,car,no_noise,2,0,3.9958
218,car,no_noise,1,0,4.2494
218,car,no_noise,1,0,3.1747
218,car,no_noise,2,0,2.8671
218,car,no_noise,2,0,2.7925
218,car,noise,3,0,3.9077
218,car,noise,3,1,1.8498000000000001
218,car,noise,2,0,4.3053
218,car,noise,3,0,3.5623
218,car,noise,2,1,3.2099
218,car,noise,2,1,3.8573
218,car,noise,3,0,3.1204
218,car,noise,3,0,3.8184
218,car,noise,2,1,3.4663
218,car,noise,2,0,5.7445
218,car,noise,1,1,4.2659
218,car,noise,3,1,5.2436
218,car,noise,1,0,3.1252
218,car,noise,3,1,3.8439
218,car,noise,1,0,4.3279
218,car,noise,2,1,4.7982
218,car,noise,2,1,1.83
218,car,noise,1,0,3.674
218,car,noise,2,1,5.1883
218,car,noise,3,0,3.8243
218,car,noise,1,0,3.2354
218,car,noise,3,1,2.4501
218,car,noise,3,0,2.1099
218,car,noise,2,0,4.815
221,car,no_noise,2,1,9.9426
221,car,no_noise,1,1,5.4791
221,car,no_noise,1,1,3.1653
221,car,no_noise,2,0,5.5377
221,car,no_noise,2,1,11.178
221,car,no_noise,1,1,4.7053
221,car,no_noise,3,1,7.8149
221,car,no_noise,1,1,3.9028
221,car,no_noise,2,0,4.7629
221,car,no_noise,3,1,4.138
221,car,no_noise,3,1,4.4028
221,car,no_noise,1,0,5.3718
221,car,no_noise,2,1,8.8312
221,car,no_noise,1,0,9.7618
221,car,no_noise,3,1,5.7362
221,car,no_noise,1,0,10.1372
221,car,no_noise,3,0,4.3629
221,car,no_noise,1,1,4.3609
221,car,no_noise,2,1,5.0254
221,car,no_noise,1,1,4.6854
221,car,no_noise,2,0,5.5312
221,car,no_noise,3,0,5.7151
221,car,no_noise,3,1,5.7309
221,car,no_noise,2,1,1.3714
221,car,no_noise,2,1,2.2806
221,car,no_noise,1,0,1.3883
221,car,no_noise,3,0,3.9813
221,car,no_noise,2,1,4.1728
221,car,no_noise,1,1,3.2478
221,car,no_noise,3,0,3.7141
221,car,noise,3,0,2.817
221,car,noise,3,1,8.0729
221,car,noise,3,1,3.3238
221,car,noise,1,1,5.7728
221,car,noise,2,1,6.3815
221,car,noise,3,0,5.9885
221,car,noise,1,1,5.926
221,car,noise,1,1,3.831
221,car,noise,2,1,4.5247
221,car,noise,1,1,6.8768
221,car,noise,3,0,3.6161
221,car,noise,1,0,5.3468
221,car,noise,2,1,5.3394
221,car,noise,1,0,3.8697
221,car,noise,2,0,4.5126
221,car,noise,2,1,4.2468
221,car,noise,1,0,4.0974
221,car,noise,3,0,2.551
221,car,noise,2,1,1.9693
221,car,noise,2,1,6.0003
221,car,noise,3,1,2.6513
221,car,noise,3,1,4.137
221,car,noise,1,1,6.0898
221,car,noise,3,1,10.1192
221,face,no_noise,1,1,2.087
221,face,no_noise,3,0,3.5081
221,face,no_noise,1,1,1.4991
221,face,no_noise,3,1,2.2324
221,face,no_noise,2,0,1.8017
221,face,no_noise,3,0,1.7331
221,face,no_noise,3,0,4.3765
221,face,no_noise,3,1,3.2636
221,face,no_noise,2,1,3.839
221,face,no_noise,3,1,1.7261
221,face,no_noise,1,0,2.5331
221,face,no_noise,2,0,1.6
221,face,no_noise,2,1,1.7705
221,face,no_noise,2,0,1.2495
221,face,no_noise,2,1,2.7319
221,face,no_noise,2,1,1.1651
221,face,no_noise,2,1,2.2216
221,face,no_noise,1,0,3.6032
221,face,no_noise,1,1,2.2702
221,face,no_noise,2,0,4.6389
221,face,no_noise,2,0,3.5799
221,face,no_noise,2,1,2.1987
221,face,no_noise,2,1,2.6549
221,face,no_noise,3,0,3.0405
221,face,no_noise,3,1,1.7265
221,face,no_noise,2,0,0.8686
221,face,no_noise,2,1,1.681
221,face,no_noise,1,1,1.6863
221,face,no_noise,3,0,2.1022
221,face,no_noise,2,0,1.167
221,face,noise,3,0,2.9369
221,face,noise,2,0,1.3709
221,face,noise,1,1,1.8715
221,face,noise,2,0,2.3856
221,face,noise,1,0,2.6817
221,face,noise,3,0,2.905
221,face,noise,3,0,5.2812
221,face,noise,3,0,4.656
221,face,noise,1,0,7.4421
221,face,noise,1,0,3.5663
221,face,noise,1,0,3.4993
221,face,noise,1,0,1.6905
221,face,noise,3,0,4.7787
221,face,noise,2,1,3.9286
221,face,noise,3,0,1.7874
221,face,noise,1,0,4.3269
221,face,noise,3,1,2.6456
221,face,noise,3,0,2.9671
221,face,noise,2,0,1.79
221,face,noise,2,0,11.1673
221,face,noise,2,0,0.383
221,face,noise,2,0,1.0006
221,face,noise,2,0,1.6421
221,face,noise,2,0,3.4122
223,face,no_noise,1,1,6.1084
223,face,no_noise,3,0,4.4617000000000004
223,face,no_noise,3,0,4.1147
223,face,no_noise,2,0,3.5341
223,face,no_noise,2,0,3.3912
223,face,no_noise,2,1,3.1811
223,face,no_noise,1,1,3.1847
223,face,no_noise,2,0,3.2748
223,face,no_noise,1,0,2.7497
223,face,no_noise,3,1,2.5996
223,face,no_noise,1,0,2.8481
223,face,no_noise,2,0,2.307
223,face,no_noise,3,0,3.1704
223,face,no_noise,1,1,2.7429
223,face,no_noise,3,0,2.544
223,face,no_noise,3,0,3.8597
223,face,no_noise,2,1,2.0107
223,face,no_noise,1,0,1.8369
223,face,no_noise,3,0,2.7356
223,face,no_noise,2,0,2.0867
223,face,no_noise,2,0,1.4933
223,face,no_noise,1,0,2.3594
223,face,no_noise,1,0,1.7837
223,face,no_noise,3,0,2.9683
223,face,no_noise,3,1,3.3361
223,face,no_noise,1,1,2.4941
223,face,no_noise,2,1,2.4434
223,face,no_noise,1,1,2.3577
223,face,no_noise,1,1,3.4175
223,face,no_noise,2,0,2.5854
223,face,noise,3,0,3.2101
223,face,noise,2,0,1.5938
223,face,noise,1,1,1.411
223,face,noise,2,0,0.9496
223,face,noise,3,1,0.5797
223,face,noise,2,0,0.6759
223,face,noise,1,0,0.6216
223,face,noise,1,1,1.1976
223,face,noise,2,1,0.6881
223,face,noise,2,1,1.6863
223,face,noise,1,0,1.0148
223,face,noise,1,0,0.8699
223,face,noise,1,1,0.8277
223,face,noise,2,1,0.3976
223,face,noise,2,0,0.8836
223,face,noise,1,0,0.255
223,face,noise,2,0,0.4433
223,face,noise,3,0,0.1571
223,face,noise,3,1,0.5408
223,face,noise,2,0,1.5414
223,face,noise,2,0,0.9178
223,face,noise,1,1,0.6344
223,face,noise,1,1,0.6809
223,face,noise,1,0,0.3945
223,car,no_noise,1,0,4.3204
223,car,no_noise,2,0,3.3501
223,car,no_noise,2,0,1.5118
223,car,no_noise,2,0,1.9575
223,car,no_noise,1,0,1.1663
223,car,no_noise,2,0,0.9213
223,car,no_noise,3,1,1.6125
223,car,no_noise,3,0,1.4268
223,car,no_noise,3,0,1.3141
223,car,no_noise,2,0,0.9308
223,car,no_noise,2,0,1.3558
223,car,no_noise,1,0,1.93
223,car,no_noise,2,1,1.7527
223,car,no_noise,1,0,1.67
223,car,no_noise,2,0,2.3813
223,car,no_noise,2,1,2.2163
223,car,no_noise,1,1,2.3396
223,car,no_noise,3,0,2.2856
223,car,no_noise,3,0,1.3785
223,car,no_noise,2,0,1.0307
223,car,no_noise,1,1,0.9273
223,car,no_noise,1,1,1.0341
223,car,no_noise,2,0,1.2019
223,car,no_noise,3,0,1.9983
223,car,no_noise,1,0,1.749
223,car,no_noise,2,0,1.4604
223,car,no_noise,1,0,2.401
223,car,no_noise,2,1,1.1226
223,car,no_noise,3,0,1.4601
223,car,no_noise,2,0,2.0036
223,car,noise,1,0,1.8094
223,car,noise,3,1,2.8709
223,car,noise,1,0,1.6177
223,car,noise,2,0,1.2246
223,car,noise,2,1,1.2313
223,car,noise,3,0,3.2252
223,car,noise,3,0,4.0172
223,car,noise,1,1,1.2819
223,car,noise,1,0,0.8848
223,car,noise,1,1,1.2268
223,car,noise,1,1,1.5174
223,car,noise,1,0,1.7485
223,car,noise,3,0,2.7313
223,car,noise,2,0,1.5942
223,car,noise,3,1,1.9093
223,car,noise,1,0,1.7759
223,car,noise,3,0,2.0021
223,car,noise,2,1,1.7699
223,car,noise,2,1,1.3223
223,car,noise,1,0,1.3693
223,car,noise,3,1,1.1238
223,car,noise,3,1,1.6222
223,car,noise,1,1,1.3753
223,car,noise,1,0,1.9147
224,car,no_noise,1,0,5.2717
224,car,no_noise,1,1,4.6441
224,car,no_noise,3,0,2.5177
224,car,no_noise,3,1,2.9087
224,car,no_noise,2,1,4.7302
224,car,no_noise,3,0,5.2727
224,car,no_noise,3,1,4.6711
224,car,no_noise,1,1,3.1523
224,car,no_noise,1,1,5.7311
224,car,no_noise,1,0,7.3085
224,car,no_noise,3,1,5.0618
224,car,no_noise,3,1,4.1577
224,car,no_noise,2,1,3.7714
224,car,no_noise,2,1,6.0903
224,car,no_noise,2,0,3.974
224,car,no_noise,3,0,4.1953
224,car,no_noise,1,1,1.5601
224,car,no_noise,1,1,1.666
224,car,no_noise,3,0,2.8705
224,car,no_noise,1,1,3.5322
224,car,no_noise,3,0,4.7747
224,car,no_noise,3,0,3.4084
224,car,no_noise,1,0,6.2188
224,car,no_noise,2,1,1.3217
224,car,no_noise,2,1,3.1678
224,car,no_noise,1,0,2.3838
224,car,no_noise,2,1,3.6875
224,car,no_noise,2,1,3.0697
224,car,no_noise,2,0,4.9283
224,car,no_noise,1,1,6.7257
224,car,noise,2,1,3.8349
224,car,noise,3,1,1.9546
224,car,noise,3,1,3.3173
224,car,noise,2,0,2.76
224,car,noise,2,1,2.7018
224,car,noise,1,0,5.2914
224,car,noise,3,0,3.3007
224,car,noise,1,1,2.2649
224,car,noise,2,1,1.4136
224,car,noise,1,1,1.9133
224,car,noise,1,1,2.7202
224,car,noise,1,0,5.3889
224,car,noise,2,1,4.6354
224,car,noise,1,0,2.2615
224,car,noise,1,0,3.6737
224,car,noise,2,1,1.9763
224,car,noise,2,1,5.0225
224,car,noise,2,1,2.7648
224,car,noise,3,0,2.8743
224,car,noise,2,1,2.4811
224,car,noise,3,1,4.118
224,car,noise,1,0,2.82
224,car,noise,2,0,3.6168
224,car,noise,1,0,3.9759
224,face,no_noise,1,1,1.7316
224,face,no_noise,2,1,1.5018
224,face,no_noise,1,1,2.2107
224,face,no_noise,3,1,2.6055
224,face,no_noise,3,1,1.3623
224,face,no_noise,2,1,1.0187
224,face,no_noise,1,1,3.5243
224,face,no_noise,3,1,1.7905
224,face,no_noise,2,1,1.5578
224,face,no_noise,3,1,1.7528
224,face,no_noise,2,1,0.7988
224,face,no_noise,3,1,2.1246
224,face,no_noise,2,1,1.0144
224,face,no_noise,1,1,1.5929
224,face,no_noise,2,1,1.0831
224,face,no_noise,2,1,2.4841
224,face,no_noise,2,1,1.1792
224,face,no_noise,2,1,1.1274
224,face,no_noise,1,1,1.4824
224,face,no_noise,3,1,2.4826
224,face,no_noise,1,1,1.5702
224,face,no_noise,2,1,1.2598
224,face,no_noise,2,1,1.1411
224,face,no_noise,1,1,2.1199
224,face,no_noise,1,0,2.7173
224,face,no_noise,3,0,1.574
224,face,no_noise,2,1,1.7829
224,face,no_noise,3,0,3.9492
224,face,no_noise,1,1,1.4096
224,face,no_noise,3,1,2.0599
224,face,noise,2,1,1.7368
224,face,noise,3,1,1.9929
224,face,noise,1,1,3.6786
224,face,noise,1,1,1.8412
224,face,noise,3,1,1.7119
224,face,noise,1,1,1.879
224,face,noise,2,1,1.4762
224,face,noise,1,1,1.6467
224,face,noise,3,0,2.5125
224,face,noise,2,1,1.1178
224,face,noise,2,1,0.8721
224,face,noise,2,1,0.9543
224,face,noise,1,1,2.4199
224,face,noise,2,1,1.3001
224,face,noise,1,1,1.2951
224,face,noise,2,1,1.7024
224,face,noise,3,1,1.3992
224,face,noise,1,1,1.8722
224,face,noise,3,1,2.1651
224,face,noise,1,1,2.9973
224,face,noise,1,1,1.907
224,face,noise,1,1,2.034
224,face,noise,1,1,2.106
224,face,noise,3,1,2.6694
225,car,no_noise,1,0,14.2202
225,car,no_noise,1,1,15.1858
225,car,no_noise,1,1,8.0076
225,car,no_noise,3,1,13.8531
225,car,no_noise,1,0,12.1992
225,car,no_noise,2,0,18.8024
225,car,no_noise,2,0,8.3352
225,car,no_noise,1,1,7.3074
225,car,no_noise,1,1,4.2176
225,car,no_noise,3,1,6.2185
225,car,no_noise,3,1,7.6668
225,car,no_noise,3,1,6.6887
225,car,no_noise,3,0,8.8026
225,car,no_noise,1,0,11.1743
225,car,no_noise,2,0,4.9412
225,car,no_noise,2,1,7.9555
225,car,no_noise,2,0,8.6181
225,car,no_noise,1,1,11.0502
225,car,no_noise,2,1,15.8205
225,car,no_noise,1,1,6.4374
225,car,no_noise,3,0,25.7523
225,car,no_noise,1,1,7.5245
225,car,no_noise,3,1,8.5843
225,car,no_noise,3,0,2.9506
225,car,no_noise,2,1,38.9236
225,car,no_noise,3,1,7.2994
225,car,no_noise,3,0,15.6174
225,car,no_noise,2,1,9.353
225,car,no_noise,3,0,10.3886
225,car,no_noise,3,0,11.5241
225,car,noise,2,1,6.8173
225,car,noise,3,1,9.7863
225,car,noise,2,0,19.0165
225,car,noise,1,1,11.3665
225,car,noise,2,1,7.7832
225,car,noise,1,0,11.1375
225,car,noise,1,1,4.4507
225,car,noise,1,1,5.8661
225,car,noise,2,1,7.4212
225,car,noise,1,1,18.8019
225,car,noise,1,1,9.3186
225,car,noise,3,1,11.8513
225,car,noise,3,0,9.6503
225,car,noise,1,0,23.598
225,car,noise,1,0,22.6171
225,car,noise,1,0,12.2902
225,car,noise,2,1,7.9836
225,car,noise,2,1,4.57
225,car,noise,2,1,4.602
225,car,noise,3,0,5.2175
225,car,noise,3,1,2.5984
225,car,noise,3,1,16.1344
225,car,noise,1,1,24.2836
225,car,noise,3,1,6.4241
225,face,no_noise,1,1,5.4022
225,face,no_noise,2,1,4.687
225,face,no_noise,1,1,2.9386
225,face,no_noise,3,1,5.6731
225,face,no_noise,3,1,5.6904
225,face,no_noise,1,0,6.0379
225,face,no_noise,1,1,3.2993
225,face,no_noise,3,1,3.8332
225,face,no_noise,2,1,6.4715
225,face,no_noise,3,1,5.8848
225,face,no_noise,2,1,8.1491
225,face,no_noise,3,1,10.5704
225,face,no_noise,2,1,4.2063
225,face,no_noise,1,1,3.1681
225,face,no_noise,2,1,1.819
225,face,no_noise,2,1,8.351
225,face,no_noise,2,1,6.8489
225,face,no_noise,3,0,6.0001
225,face,no_noise,3,0,7.2519
225,face,no_noise,3,1,2.6219
225,face,no_noise,3,0,8.2511
225,face,no_noise,2,1,3.917
225,face,no_noise,3,0,9.0158
225,face,no_noise,2,0,18.2538
225,face,no_noise,3,1,11.1499
225,face,no_noise,1,1,6.4716
225,face,no_noise,2,1,5.3858
225,face,no_noise,1,1,3.6007
225,face,no_noise,1,1,7.503
225,face,no_noise,3,1,10.1332
225,face,noise,2,1,5.2996
225,face,noise,1,0,6.8402
225,face,noise,3,0,4.454
225,face,noise,2,0,10.2172
225,face,noise,2,0,6.4666
225,face,noise,1,1,2.6171
225,face,noise,2,1,22.9546
225,face,noise,1,1,10.4387
225,face,noise,2,1,6.22
225,face,noise,3,0,3.074
225,face,noise,1,0,3.3205
225,face,noise,1,0,3.8176
225,face,noise,1,1,4.4338
225,face,noise,1,0,14.7027
225,face,noise,1,1,3.8501
225,face,noise,2,1,4.7025
225,face,noise,1,0,6.9183
225,face,noise,1,1,4.4568
225,face,noise,2,0,3.3907
225,face,noise,1,1,3.4688
225,face,noise,2,0,4.3339
225,face,noise,2,0,15.3669
225,face,noise,1,1,6.6752
225,face,noise,1,0,3.6506
226,car,no_noise,2,1,9.7795
226,car,no_noise,1,1,10.7231
226,car,no_noise,2,0,9.5968
226,car,no_noise,2,0,14.0675
226,car,no_noise,3,0,10.1381
226,car,no_noise,3,0,8.3386
226,car,no_noise,2,0,12.9885
226,car,no_noise,3,0,13.5738
226,car,no_noise,1,1,6.6039
226,car,no_noise,3,1,19.0058
226,car,no_noise,3,1,14.6772
226,car,no_noise,2,0,10.2317
226,car,no_noise,2,1,9.2431
226,car,no_noise,1,0,5.4341
226,car,no_noise,3,1,8.0723
226,car,no_noise,3,0,6.416
226,car,no_noise,1,1,9.1234
226,car,no_noise,3,0,8.7678
226,car,no_noise,2,1,12.6965
226,car,no_noise,1,1,6.6229
226,car,no_noise,3,0,8.3951
226,car,no_noise,1,1,12.6215
226,car,no_noise,3,1,8.2576
226,car,no_noise,2,1,14.0757
226,car,no_noise,1,0,9.3556
226,car,no_noise,3,1,12.3601
226,car,no_noise,2,1,5.6108
226,car,no_noise,2,1,6.1423
226,car,no_noise,3,0,6.9566
226,car,no_noise,1,1,15.6733
226,car,noise,2,1,4.9971
226,car,noise,3,1,6.6635
226,car,noise,2,0,7.0519
226,car,noise,3,0,8.2816
226,car,noise,2,1,6.0701
226,car,noise,2,1,6.9714
226,car,noise,3,0,11.957
226,car,noise,1,1,2.8697
226,car,noise,1,0,3.2831
226,car,noise,3,0,9.7916
226,car,noise,1,1,4.4231
226,car,noise,3,1,5.5132
226,car,noise,2,1,9.6939
226,car,noise,1,0,6.2196
226,car,noise,3,1,4.1871
226,car,noise,1,0,9.4753
226,car,noise,3,0,5.9332
226,car,noise,2,1,4.5648
226,car,noise,2,1,7.4014
226,car,noise,1,0,22.6568
226,car,noise,3,1,7.0357
226,car,noise,1,0,7.0645
226,car,noise,2,0,13.0928
226,car,noise,3,1,12.7943
226,face,no_noise,1,1,3.983
226,face,no_noise,2,1,8.8337
226,face,no_noise,1,1,5.5705
226,face,no_noise,2,0,10.5594
226,face,no_noise,2,0,8.6003
226,face,no_noise,3,0,4.897
226,face,no_noise,1,1,12.5406
226,face,no_noise,3,1,4.3049
226,face,no_noise,2,1,3.6985
226,face,no_noise,3,1,4.9245
226,face,no_noise,2,1,5.4777
226,face,no_noise,3,1,5.0571
226,face,no_noise,2,1,7.1164
226,face,no_noise,1,1,4.2023
226,face,no_noise,2,1,5.0077
226,face,no_noise,3,0,4.7453
226,face,no_noise,2,1,7.6427
226,face,no_noise,1,0,9.3906
226,face,no_noise,3,0,4.3255
226,face,no_noise,3,1,3.657
226,face,no_noise,2,0,4.5827
226,face,no_noise,2,1,5.6729
226,face,no_noise,2,1,6.1412
226,face,no_noise,3,0,4.8967
226,face,no_noise,1,0,5.6067
226,face,no_noise,1,1,3.8331
226,face,no_noise,2,1,3.1171
226,face,no_noise,2,0,4.9266
226,face,no_noise,1,1,2.2972
226,face,no_noise,2,0,6.2906
226,face,noise,2,1,4.1037
226,face,noise,1,0,4.6995
226,face,noise,3,0,4.7238
226,face,noise,1,1,5.2927
226,face,noise,3,1,7.9825
226,face,noise,1,1,3.2892
226,face,noise,1,0,5.6636
226,face,noise,3,0,4.3229
226,face,noise,1,0,5.2664
226,face,noise,2,1,4.3935
226,face,noise,2,1,2.8609
226,face,noise,1,0,5.7094
226,face,noise,3,0,5.9553
226,face,noise,2,1,1.8928
226,face,noise,1,1,4.6094
226,face,noise,3,0,7.5368
226,face,noise,3,1,4.9669
226,face,noise,2,0,7.8599
226,face,noise,3,1,3.9117
226,face,noise,2,0,10.8499
226,face,noise,2,0,6.4729
226,face,noise,1,1,5.5937
226,face,noise,3,0,6.173
226,face,noise,3,1,11.2494
227,face,no_noise,1,1,4.5714
227,face,no_noise,1,0,6.3529
227,face,no_noise,1,1,7.0332
227,face,no_noise,1,0,11.9014
227,face,no_noise,3,1,4.2002
227,face,no_noise,2,1,7.6173
227,face,no_noise,2,0,4.7784
227,face,no_noise,3,1,3.4755
227,face,no_noise,2,1,4.9523
227,face,no_noise,3,1,3.1012
227,face,no_noise,2,1,4.9502
227,face,no_noise,3,1,3.2698
227,face,no_noise,2,1,7.8498
227,face,no_noise,1,1,3.952
227,face,no_noise,2,1,2.8003
227,face,no_noise,3,0,3.8347
227,face,no_noise,2,1,3.8363
227,face,no_noise,2,1,1.9851
227,face,no_noise,2,0,8.9173
227,face,no_noise,3,1,4.0706
227,face,no_noise,1,1,3.1185
227,face,no_noise,2,1,6.5731
227,face,no_noise,2,1,6.2672
227,face,no_noise,1,1,4.6848
227,face,no_noise,1,0,2.4851
227,face,no_noise,2,0,2.7359
227,face,no_noise,2,1,2.6671
227,face,no_noise,1,1,2.3907
227,face,no_noise,1,1,3.0289
227,face,no_noise,3,1,4.4835
227,face,noise,2,1,5.8368
227,face,noise,3,1,5.0917
227,face,noise,1,1,4.2332
227,face,noise,2,0,5.1229
227,face,noise,3,1,3.2848
227,face,noise,1,1,4.5684
227,face,noise,2,1,5.8003
227,face,noise,2,0,3.5347
227,face,noise,3,0,3.1158
227,face,noise,2,1,4.0505
227,face,noise,3,0,3.5402
227,face,noise,2,1,3.7321
227,face,noise,1,1,2.2838
227,face,noise,2,1,2.9976
227,face,noise,1,1,2.555
227,face,noise,2,1,3.3241
227,face,noise,3,1,3.3389
227,face,noise,2,0,5.0247
227,face,noise,3,1,4.8582
227,face,noise,1,1,3.6351
227,face,noise,2,0,3.8956
227,face,noise,1,1,1.9008
227,face,noise,1,1,2.3711
227,face,noise,2,0,2.3861
227,car,no_noise,1,0,5.2324
227,car,no_noise,2,0,5.412
227,car,no_noise,2,0,13.7726
227,car,no_noise,3,1,3.7651
227,car,no_noise,1,0,4.1689
227,car,no_noise,1,1,9.5458
227,car,no_noise,3,1,10.3465
227,car,no_noise,1,1,7.0892
227,car,no_noise,3,0,8.1654
227,car,no_noise,3,1,4.0177
227,car,no_noise,3,1,6.3412
227,car,no_noise,3,1,6.1456
227,car,no_noise,3,0,11.7112
227,car,no_noise,2,1,9.2527
227,car,no_noise,1,0,4.9496
227,car,no_noise,1,0,13.263
227,car,no_noise,3,0,9.9339
227,car,no_noise,1,1,5.9666
227,car,no_noise,3,0,5.3642
227,car,no_noise,1,1,6.5807
227,car,no_noise,1,1,10.767
227,car,no_noise,1,1,9.7338
227,car,no_noise,2,0,4.3705
227,car,no_noise,2,1,5.3736
227,car,no_noise,3,0,11.1816
227,car,no_noise,1,0,5.3688
227,car,no_noise,2,1,4.8971
227,car,no_noise,2,1,9.5643
227,car,no_noise,3,0,5.1961
227,car,no_noise,1,1,7.2672
227,car,noise,3,0,8.8284
227,car,noise,1,0,7.492
227,car,noise,3,1,5.6899
227,car,noise,2,0,3.8226
227,car,noise,3,0,6.4737
227,car,noise,1,0,6.2867
227,car,noise,1,1,5.1367
227,car,noise,1,1,3.3436
227,car,noise,2,1,2.5724
227,car,noise,2,0,2.8781
227,car,noise,2,0,3.6327
227,car,noise,3,1,3.944
227,car,noise,2,1,5.6244
227,car,noise,3,1,3.3427
227,car,noise,1,0,3.825
227,car,noise,1,0,3.9784
227,car,noise,3,0,4.2928
227,car,noise,1,0,5.2963
227,car,noise,2,1,5.1437
227,car,noise,3,0,8.2553
227,car,noise,3,1,4.7709
227,car,noise,1,0,7.0754
227,car,noise,3,0,7.6877
227,car,noise,3,1,7.5934
228,car,no_noise,3,0,49.814
228,car,no_noise,1,1,10.2454
228,car,no_noise,3,0,6.3164
228,car,no_noise,1,0,18.2487
228,car,no_noise,1,0,11.1162
228,car,no_noise,3,0,7.4925
228,car,no_noise,3,1,4.6006
228,car,no_noise,1,1,4.6505
228,car,no_noise,1,1,9.5071
228,car,no_noise,1,0,7.8467
228,car,no_noise,1,0,3.0996
228,car,no_noise,3,1,3.6741
228,car,no_noise,1,0,5.6203
228,car,no_noise,2,1,5.5327
228,car,no_noise,3,1,8.1847
228,car,no_noise,3,0,9.8214
228,car,no_noise,1,1,15.1629
228,car,no_noise,1,1,7.0111
228,car,no_noise,3,0,3.9217
228,car,no_noise,1,1,4.4296
228,car,no_noise,2,0,9.7492
228,car,no_noise,1,1,39.2764
228,car,no_noise,1,0,5.8981
228,car,no_noise,2,1,3.6673
228,car,no_noise,2,1,2.7828
228,car,no_noise,1,0,4.351
228,car,no_noise,2,1,2.9817
228,car,no_noise,2,1,2.4868
228,car,no_noise,3,0,4.3461
228,car,no_noise,1,1,12.6719
228,car,noise,2,1,20.7591
228,car,noise,3,1,4.7045
228,car,noise,3,1,4.769
228,car,noise,2,0,3.118
228,car,noise,2,1,6.395
228,car,noise,1,0,8.2836
228,car,noise,1,1,6.0987
228,car,noise,2,0,3.1187
228,car,noise,2,1,1.6642
228,car,noise,1,1,1.8359
228,car,noise,2,0,2.9046
228,car,noise,1,0,3.7228
228,car,noise,2,1,4.1957
228,car,noise,3,1,2.2205
228,car,noise,1,0,1.8672
228,car,noise,1,0,1.5822
228,car,noise,3,0,2.2117
228,car,noise,2,1,1.8176
228,car,noise,2,1,1.7885
228,car,noise,2,1,3.2429
228,car,noise,3,1,1.8613
228,car,noise,1,0,4.4975
228,car,noise,2,0,3.8021
228,car,noise,2,0,3.2708
228,face,no_noise,1,1,3.2844
228,face,no_noise,2,1,2.7954
228,face,no_noise,3,0,6.374
228,face,no_noise,2,0,4.1775
228,face,no_noise,1,0,14.548
228,face,no_noise,2,1,4.2429
228,face,no_noise,2,0,3.7908
228,face,no_noise,2,0,6.4271
228,face,no_noise,2,1,5.0772
228,face,no_noise,3,1,2.7247
228,face,no_noise,2,1,1.2429
228,face,no_noise,2,0,2.0769
228,face,no_noise,2,1,4.29
228,face,no_noise,1,1,3.1097
228,face,no_noise,2,1,4.1647
228,face,no_noise,3,0,4.5306
228,face,no_noise,2,1,2.7936
228,face,no_noise,1,0,2.3481
228,face,no_noise,3,0,2.5931
228,face,no_noise,3,1,3.4609
228,face,no_noise,2,0,2.429
228,face,no_noise,2,1,2.9459
228,face,no_noise,2,1,1.2431
228,face,no_noise,3,0,4.4291
228,face,no_noise,3,1,2.5262
228,face,no_noise,1,1,3.0988
228,face,no_noise,2,1,6.8111
228,face,no_noise,3,0,2.7109
228,face,no_noise,1,1,1.7567
228,face,no_noise,2,0,2.6467
228,face,noise,3,0,21.2015
228,face,noise,1,0,3.3909
228,face,noise,1,1,1.4739
228,face,noise,1,1,2.7091
228,face,noise,1,0,1.8411
228,face,noise,1,1,3.1427
228,face,noise,1,0,3.3075
228,face,noise,1,1,2.7587
228,face,noise,2,1,5.6868
228,face,noise,2,1,1.7741
228,face,noise,2,1,2.0533
228,face,noise,3,0,2.3017
228,face,noise,1,1,5.0753
228,face,noise,2,1,1.6363
228,face,noise,1,1,2.5741
228,face,noise,3,0,1.6196
228,face,noise,3,1,2.6575
228,face,noise,1,1,3.1862
228,face,noise,1,0,3.8686
228,face,noise,2,0,1.8615
228,face,noise,1,1,2.0092
228,face,noise,1,1,2.4742
228,face,noise,2,0,1.5868
228,face,noise,3,1,1.8221
229,face,no_noise,1,1,5.7357
229,face,no_noise,2,1,3.7995
229,face,no_noise,1,1,2.5953
229,face,no_noise,2,0,2.2794
229,face,no_noise,3,1,2.0866
229,face,no_noise,2,1,2.7014
229,face,no_noise,1,1,1.7992
229,face,no_noise,3,1,1.815
229,face,no_noise,2,1,3.1683
229,face,no_noise,3,1,1.7469
229,face,no_noise,2,1,2.6513
229,face,no_noise,3,1,3.5936
229,face,no_noise,2,1,0.8855
229,face,no_noise,1,1,4.7484
229,face,no_noise,2,1,2.5179
229,face,no_noise,2,1,3.0317
229,face,no_noise,2,1,1.8631
229,face,no_noise,2,1,7.6664
229,face,no_noise,1,1,1.8432
229,face,no_noise,3,1,1.5377
229,face,no_noise,1,1,1.5527
229,face,no_noise,2,1,1.8386
229,face,no_noise,2,1,2.0023
229,face,no_noise,1,1,2.835
229,face,no_noise,3,1,2.0944
229,face,no_noise,1,1,2.2539
229,face,no_noise,2,1,1.9356
229,face,no_noise,1,1,1.689
229,face,no_noise,1,1,1.5039
229,face,no_noise,3,1,1.2394
229,face,noise,2,1,3.6438
229,face,noise,3,1,7.3784
229,face,noise,3,0,5.5029
229,face,noise,1,1,1.6783
229,face,noise,3,1,2.2377
229,face,noise,1,1,1.5401
229,face,noise,2,1,3.3192
229,face,noise,1,1,2.8036
229,face,noise,3,0,5.0104
229,face,noise,2,1,1.0441
229,face,noise,2,1,1.2213
229,face,noise,2,1,0.844
229,face,noise,2,0,3.1185
229,face,noise,2,1,3.1111
229,face,noise,1,1,1.9606
229,face,noise,2,1,1.9309
229,face,noise,3,1,1.2751
229,face,noise,1,1,3.9969
229,face,noise,2,0,2.7122
229,face,noise,1,1,1.978
229,face,noise,1,1,4.0271
229,face,noise,1,1,1.3608
229,face,noise,1,1,0.9464
229,face,noise,3,1,6.0481
229,car,no_noise,3,0,3.1267
229,car,no_noise,1,1,1.5203
229,car,no_noise,3,0,1.7493
229,car,no_noise,1,0,2.8656
229,car,no_noise,2,1,2.1626
229,car,no_noise,2,0,1.9453
229,car,no_noise,3,1,2.5969
229,car,no_noise,1,1,2.8129
229,car,no_noise,1,1,2.0136
229,car,no_noise,1,0,2.0954
229,car,no_noise,1,0,3.1977
229,car,no_noise,3,1,2.5305
229,car,no_noise,3,0,5.689
229,car,no_noise,2,1,3.5648
229,car,no_noise,3,1,2.9473
229,car,no_noise,3,0,2.1791
229,car,no_noise,1,1,2.0486
229,car,no_noise,1,1,2.4821
229,car,no_noise,3,0,3.9003
229,car,no_noise,1,1,2.1811
229,car,no_noise,3,0,6.2199
229,car,no_noise,1,1,3.5868
229,car,no_noise,3,1,1.9251
229,car,no_noise,2,1,3.237
229,car,no_noise,2,1,1.5302
229,car,no_noise,2,0,3.8315
229,car,no_noise,2,1,3.4184
229,car,no_noise,2,1,1.7621
229,car,no_noise,1,1,2.3458
229,car,no_noise,1,1,2.0162
229,car,noise,1,0,2.9638
229,car,noise,1,0,2.365
229,car,noise,3,1,1.7712
229,car,noise,1,1,1.8568
229,car,noise,2,1,1.6204
229,car,noise,2,1,1.4194
229,car,noise,3,0,4.0192
229,car,noise,1,1,1.8367
229,car,noise,2,1,2.0195
229,car,noise,1,1,1.2704
229,car,noise,1,1,2.2762
229,car,noise,3,1,2.482
229,car,noise,2,1,3.3371
229,car,noise,2,0,3.0052
229,car,noise,3,1,1.8448
229,car,noise,2,1,2.7236
229,car,noise,2,1,4.3506
229,car,noise,2,1,2.0049
229,car,noise,2,1,2.0198
229,car,noise,3,0,3.1415
229,car,noise,3,1,2.2524
229,car,noise,2,0,1.8298
229,car,noise,2,0,5.9736
229,car,noise,3,1,2.4571
230,face,no_noise,1,1,4.4385
230,face,no_noise,2,1,5.2315
230,face,no_noise,1,1,2.3945
230,face,no_noise,1,0,4.0663
230,face,no_noise,2,0,4.377
230,face,no_noise,3,0,4.3576
230,face,no_noise,2,0,4.7437
230,face,no_noise,3,1,2.7916
230,face,no_noise,1,0,3.6152
230,face,no_noise,2,0,4.6789
230,face,no_noise,1,0,3.0952
230,face,no_noise,3,1,3.5002
230,face,no_noise,3,0,3.0286
230,face,no_noise,1,1,5.9296
230,face,no_noise,2,1,2.5985
230,face,no_noise,2,1,4.0967
230,face,no_noise,2,1,4.2661
230,face,no_noise,3,0,3.2597
230,face,no_noise,1,1,3.3742
230,face,no_noise,3,1,4.7081
230,face,no_noise,3,0,4.0567
230,face,no_noise,2,1,2.5936
230,face,no_noise,2,1,5.5568
230,face,no_noise,3,0,4.6537
230,face,no_noise,1,0,5.2771
230,face,no_noise,1,1,3.2935
230,face,no_noise,2,1,2.926
230,face,no_noise,2,0,6.8804
230,face,no_noise,1,1,3.1403
230,face,no_noise,2,0,2.799
230,face,noise,2,1,2.8463
230,face,noise,1,0,2.8608
230,face,noise,3,0,3.8667
230,face,noise,1,1,2.5744
230,face,noise,3,1,1.9934
230,face,noise,1,1,2.9732
230,face,noise,2,1,3.2797
230,face,noise,1,1,2.3417
230,face,noise,1,0,3.247
230,face,noise,3,0,2.7921
230,face,noise,1,0,2.5247
230,face,noise,2,1,3.0579
230,face,noise,3,0,2.1807
230,face,noise,2,1,3.5675
230,face,noise,3,0,2.0414
230,face,noise,3,0,3.3233
230,face,noise,2,0,4.1648
230,face,noise,1,1,3.6739
230,face,noise,3,1,2.1475
230,face,noise,1,1,3.0088
230,face,noise,3,0,3.1579
230,face,noise,1,1,4.0071
230,face,noise,3,0,3.0578
230,face,noise,1,0,2.4342
230,car,no_noise,1,0,4.0713
230,car,no_noise,1,1,2.8064
230,car,no_noise,2,0,2.5746000000000002
230,car,no_noise,2,0,4.2175
230,car,no_noise,2,1,5.5412
230,car,no_noise,1,1,2.7193
230,car,no_noise,2,0,3.6809
230,car,no_noise,2,0,3.6069
230,car,no_noise,3,0,4.3387
230,car,no_noise,1,0,3.4031
230,car,no_noise,1,0,2.1521
230,car,no_noise,3,1,3.3218
230,car,no_noise,2,1,2.177
230,car,no_noise,1,0,1.9422
230,car,no_noise,3,1,3.686
230,car,no_noise,3,0,3.5633
230,car,no_noise,2,0,2.0944
230,car,no_noise,3,0,3.5578
230,car,no_noise,3,0,2.6099
230,car,no_noise,3,0,1.6639
230,car,no_noise,2,0,3.4624
230,car,no_noise,1,1,2.5386
230,car,no_noise,1,0,2.5634
230,car,no_noise,1,0,2.5763
230,car,no_noise,2,1,3.9092
230,car,no_noise,1,0,2.2772
230,car,no_noise,1,0,2.8579
230,car,no_noise,3,0,2.7329
230,car,no_noise,3,0,1.853
230,car,no_noise,1,1,1.4371
230,car,noise,3,0,3.7122
230,car,noise,1,0,2.6998
230,car,noise,1,0,3.2555
230,car,noise,2,0,2.4313
230,car,noise,2,1,3.0421
230,car,noise,1,0,3.8479
230,car,noise,2,0,3.1086
230,car,noise,1,1,2.1494
230,car,noise,1,0,1.4339
230,car,noise,1,1,1.9602
230,car,noise,2,0,3.7356
230,car,noise,3,1,2.7848
230,car,noise,2,1,2.1498
230,car,noise,2,0,1.2899
230,car,noise,2,0,2.1325
230,car,noise,1,0,2.9151
230,car,noise,3,0,1.799
230,car,noise,2,1,1.8472
230,car,noise,2,1,1.1955
230,car,noise,3,0,2.3868
230,car,noise,3,1,1.1045
230,car,noise,2,0,1.2616
230,car,noise,2,0,1.4354
230,car,noise,1,0,2.0031
231,car,no_noise,2,1,3.8053
231,car,no_noise,1,1,4.626
231,car,no_noise,1,1,4.8876
231,car,no_noise,3,1,2.8863
231,car,no_noise,2,1,3.5864
231,car,no_noise,1,1,2.2008
231,car,no_noise,3,1,3.9603
231,car,no_noise,1,1,2.7374
231,car,no_noise,1,1,6.0313
231,car,no_noise,1,0,4.3173
231,car,no_noise,3,1,4.1354
231,car,no_noise,3,1,3.006
231,car,no_noise,2,1,1.8114
231,car,no_noise,1,0,4.936
231,car,no_noise,3,1,3.9626
231,car,no_noise,3,0,4.5131
231,car,no_noise,1,1,3.6447
231,car,no_noise,2,0,4.5731
231,car,no_noise,1,0,4.1568
231,car,no_noise,1,1,5.3904
231,car,no_noise,1,1,2.4557
231,car,no_noise,1,1,3.3617
231,car,no_noise,2,0,4.1079
231,car,no_noise,2,1,4.3365
231,car,no_noise,2,1,4.1522
231,car,no_noise,2,0,3.2373
231,car,no_noise,2,1,2.4247
231,car,no_noise,2,1,4.562
231,car,no_noise,1,1,2.8406
231,car,no_noise,1,1,3.4715
231,car,noise,2,1,3.8979
231,car,noise,2,0,5.0671
231,car,noise,3,1,3.844
231,car,noise,1,1,3.6603
231,car,noise,2,1,1.474
231,car,noise,1,0,2.6894
231,car,noise,1,1,3.4739
231,car,noise,1,1,1.3552
231,car,noise,2,1,3.6177
231,car,noise,1,1,3.3117
231,car,noise,1,1,3.1685
231,car,noise,3,1,2.5203
231,car,noise,1,0,3.3832
231,car,noise,3,1,3.7933
231,car,noise,2,0,2.971
231,car,noise,1,0,3.0193
231,car,noise,2,1,3.479
231,car,noise,1,0,2.9362
231,car,noise,2,1,4.2247
231,car,noise,2,1,3.4222
231,car,noise,1,0,2.9046
231,car,noise,2,0,3.1185
231,car,noise,1,1,3.4728
231,car,noise,3,1,2.3739
231,face,no_noise,1,1,3.642
231,face,no_noise,2,1,2.8313
231,face,no_noise,1,1,3.4203
231,face,no_noise,2,0,3.3595
231,face,no_noise,3,1,2.8118
231,face,no_noise,2,1,1.4173
231,face,no_noise,2,0,2.3041
231,face,no_noise,3,1,1.9083
231,face,no_noise,2,1,1.5303
231,face,no_noise,3,1,2.4446
231,face,no_noise,2,1,1.6453
231,face,no_noise,2,0,2.0831
231,face,no_noise,2,1,1.5937
231,face,no_noise,2,0,2.163
231,face,no_noise,2,1,2.3455
231,face,no_noise,2,1,2.0179
231,face,no_noise,2,1,2.3042
231,face,no_noise,1,0,3.1017
231,face,no_noise,2,0,1.9766
231,face,no_noise,2,0,2.3014
231,face,no_noise,2,0,3.7501
231,face,no_noise,2,1,1.1998
231,face,no_noise,2,1,1.8249
231,face,no_noise,1,1,1.7796
231,face,no_noise,3,1,2.0546
231,face,no_noise,1,1,1.4158
231,face,no_noise,1,0,2.4691
231,face,no_noise,3,0,1.4399
231,face,no_noise,1,1,2.0126
231,face,no_noise,1,0,3.0676
231,face,noise,2,1,2.8124
231,face,noise,1,0,2.1569
231,face,noise,1,1,2.8992
231,face,noise,3,0,2.2295
231,face,noise,3,1,1.8532
231,face,noise,1,1,1.647
231,face,noise,2,1,2.53
231,face,noise,1,1,1.4893
231,face,noise,3,0,1.8063
231,face,noise,3,0,2.1711
231,face,noise,2,1,2.0944
231,face,noise,1,0,2.0222
231,face,noise,2,0,1.8492
231,face,noise,1,0,2.2632
231,face,noise,3,0,1.9517
231,face,noise,2,1,2.2141
231,face,noise,3,1,2.1771
231,face,noise,3,0,2.0736
231,face,noise,1,0,1.596
231,face,noise,2,0,2.4999
231,face,noise,1,1,2.1309
231,face,noise,1,1,1.59
231,face,noise,2,0,2.027
231,face,noise,2,0,2.1511
232,car,no_noise,2,1,4.1866
232,car,no_noise,1,1,4.7027
232,car,no_noise,1,1,4.4001
232,car,no_noise,3,1,5.4306
232,car,no_noise,1,0,3.7181
232,car,no_noise,1,1,2.9741
232,car,no_noise,3,1,3.7563
232,car,no_noise,1,1,2.6555
232,car,no_noise,3,0,3.7746
232,car,no_noise,3,1,4.6459
232,car,no_noise,3,1,3.6118
232,car,no_noise,3,1,2.4571
232,car,no_noise,2,1,2.9069
232,car,no_noise,2,1,1.8875
232,car,no_noise,2,0,3.1008
232,car,no_noise,2,1,4.502
232,car,no_noise,2,0,1.7788
232,car,no_noise,1,1,2.5555
232,car,no_noise,1,0,4.0458
232,car,no_noise,1,1,2.3615
232,car,no_noise,3,0,2.1536
232,car,no_noise,2,0,2.956
232,car,no_noise,3,1,2.1036
232,car,no_noise,1,0,1.7945
232,car,no_noise,2,1,1.8756
232,car,no_noise,2,0,1.797
232,car,no_noise,2,1,1.8941
232,car,no_noise,3,0,2.3063
232,car,no_noise,3,0,2.3541
232,car,no_noise,1,1,1.8211
232,car,noise,2,1,3.3665
232,car,noise,3,1,2.239
232,car,noise,2,0,3.7775
232,car,noise,1,1,3.067
232,car,noise,2,1,1.4683
232,car,noise,1,0,2.3627
232,car,noise,1,1,3.616
232,car,noise,1,1,1.2542
232,car,noise,1,0,2.0034
232,car,noise,1,1,3.5735
232,car,noise,1,1,3.6543
232,car,noise,3,1,3.0577
232,car,noise,2,1,2.2332
232,car,noise,3,1,2.7899
232,car,noise,1,0,2.8426
232,car,noise,2,1,1.8402
232,car,noise,2,1,2.6797
232,car,noise,1,0,1.4846
232,car,noise,2,1,2.4471
232,car,noise,2,1,2.4583
232,car,noise,3,1,1.9394
232,car,noise,3,1,2.1161
232,car,noise,1,1,1.5619
232,car,noise,1,0,1.7417
232,face,no_noise,1,1,1.6001
232,face,no_noise,2,1,2.6859
232,face,no_noise,1,1,1.0852
232,face,no_noise,3,1,1.9527
232,face,no_noise,3,1,3.3482
232,face,no_noise,2,1,1.7654
232,face,no_noise,1,1,1.5215
232,face,no_noise,3,1,1.4165
232,face,no_noise,2,1,1.2036
232,face,no_noise,3,1,1.2521
232,face,no_noise,2,1,1.919
232,face,no_noise,3,1,1.3646
232,face,no_noise,2,1,1.2416
232,face,no_noise,1,1,1.9214
232,face,no_noise,2,1,1.1272
232,face,no_noise,2,1,1.9341
232,face,no_noise,2,1,0.8692
232,face,no_noise,2,1,1.537
232,face,no_noise,1,1,1.4391
232,face,no_noise,3,1,1.4212
232,face,no_noise,1,1,2.5691
232,face,no_noise,2,1,1.0924
232,face,no_noise,2,1,1.4293
232,face,no_noise,1,1,1.6356
232,face,no_noise,3,1,1.6319
232,face,no_noise,1,1,1.4536
232,face,no_noise,2,1,1.0856
232,face,no_noise,1,1,2.6277
232,face,no_noise,1,1,1.4186
232,face,no_noise,3,1,1.2488
232,face,noise,2,1,1.7356
232,face,noise,3,1,1.1792
232,face,noise,3,0,2.8884
232,face,noise,1,1,1.1689
232,face,noise,3,1,1.6001
232,face,noise,1,1,1.4512
232,face,noise,2,1,1.7941
232,face,noise,1,1,1.236
232,face,noise,1,0,2.1025
232,face,noise,2,1,0.9505
232,face,noise,2,1,2.6536
232,face,noise,2,1,1.9724
232,face,noise,1,1,1.2275
232,face,noise,2,1,1.0617
232,face,noise,1,1,1.4164
232,face,noise,2,1,1.7669
232,face,noise,3,1,1.0823
232,face,noise,1,1,2.0111
232,face,noise,3,1,1.1304
232,face,noise,1,1,1.6609
232,face,noise,2,0,2.8545
232,face,noise,1,1,1.1799
232,face,noise,1,1,1.1466
232,face,noise,3,1,1.9671
234,car,no_noise,2,1,1.5647
234,car,no_noise,1,1,1.8671
234,car,no_noise,1,1,0.7802
234,car,no_noise,2,0,1.0347
234,car,no_noise,3,0,0.9735
234,car,no_noise,1,1,1.3286
234,car,no_noise,1,0,1.6224
234,car,no_noise,1,1,1.024
234,car,no_noise,2,0,1.1061
234,car,no_noise,3,1,1.3381
234,car,no_noise,1,0,1.1742
234,car,no_noise,1,0,1.0269
234,car,no_noise,2,1,1.7845
234,car,no_noise,1,0,3.0339
234,car,no_noise,2,0,2.1529
234,car,no_noise,1,0,1.6453
234,car,no_noise,1,1,1.8182
234,car,no_noise,2,0,1.5445
234,car,no_noise,3,0,1.7515
234,car,no_noise,3,0,0.4431
234,car,no_noise,1,1,1.4124
234,car,no_noise,2,0,3.557
234,car,no_noise,1,0,3.6188
234,car,no_noise,1,0,1.6469
234,car,no_noise,2,1,2.5189
234,car,no_noise,1,0,2.3012
234,car,no_noise,2,1,3.0509
234,car,no_noise,2,1,2.1086
234,car,no_noise,3,0,1.1076
234,car,no_noise,1,1,1.7296
234,car,noise,2,1,1.3878
234,car,noise,3,1,1.4897
234,car,noise,2,0,1.441
234,car,noise,3,0,1.2831
234,car,noise,2,1,0.6803
234,car,noise,2,1,1.0483
234,car,noise,1,1,1.5305
234,car,noise,1,1,1.3184
234,car,noise,1,0,0.8297
234,car,noise,2,0,1.3668
234,car,noise,1,1,2.7651
234,car,noise,3,1,3.4974
234,car,noise,2,1,1.9251
234,car,noise,2,0,1.6516
234,car,noise,3,1,2.6999
234,car,noise,2,1,1.3063
234,car,noise,1,0,2.3841
234,car,noise,2,1,3.2512
234,car,noise,2,1,2.5968
234,car,noise,2,1,2.3797
234,car,noise,3,1,2.9285
234,car,noise,1,0,1.0647
234,car,noise,1,1,2.3979
234,car,noise,2,0,2.2309
234,face,no_noise,1,1,1.2846
234,face,no_noise,2,1,1.1525
234,face,no_noise,1,1,0.8676
234,face,no_noise,2,0,1.184
234,face,no_noise,3,1,1.3257
234,face,no_noise,2,1,0.8515
234,face,no_noise,1,1,1.6135
234,face,no_noise,3,1,2.4047
234,face,no_noise,2,1,0.8498
234,face,no_noise,3,1,1.1199
234,face,no_noise,2,1,0.7166
234,face,no_noise,3,1,1.5649
234,face,no_noise,2,1,0.9442
234,face,no_noise,1,1,1.5834
234,face,no_noise,2,1,1.2842
234,face,no_noise,2,1,0.921
234,face,no_noise,2,1,6.0851
234,face,no_noise,2,1,2.6282
234,face,no_noise,1,1,1.4869
234,face,no_noise,2,0,1.2038
234,face,no_noise,1,1,1.0984
234,face,no_noise,2,1,1.0279
234,face,no_noise,2,1,0.7477
234,face,no_noise,1,1,1.4295
234,face,no_noise,3,1,4.264
234,face,no_noise,1,1,2.9348
234,face,no_noise,2,1,0.7666
234,face,no_noise,1,1,3.1385
234,face,no_noise,1,1,2.5333
234,face,no_noise,3,1,3.1712
234,face,noise,2,1,3.0003
234,face,noise,3,1,1.6002
234,face,noise,1,1,1.8674
234,face,noise,1,1,1.8004
234,face,noise,3,1,2.367
234,face,noise,3,0,1.8336
234,face,noise,2,1,1.2337
234,face,noise,2,0,0.8427
234,face,noise,2,1,1.321
234,face,noise,1,0,1.9656
234,face,noise,2,1,2.7662
234,face,noise,2,1,1.1492
234,face,noise,3,0,1.6962
234,face,noise,2,1,1.2736
234,face,noise,1,1,1.897
234,face,noise,2,1,3.6575
234,face,noise,2,0,2.4944
234,face,noise,1,1,1.1184
234,face,noise,2,0,0.9117
234,face,noise,2,0,1.8964
234,face,noise,2,0,1.8124
234,face,noise,1,1,0.9656
234,face,noise,1,1,1.8331
234,face,noise,3,1,3.1806
236,face,no_noise,1,1,6.4279
236,face,no_noise,3,0,8.1225
236,face,no_noise,1,1,3.983
236,face,no_noise,3,1,6.5435
236,face,no_noise,3,1,12.0939
236,face,no_noise,1,0,11.5374
236,face,no_noise,1,1,6.8527
236,face,no_noise,3,1,6.3472
236,face,no_noise,2,1,2.7847
236,face,no_noise,3,1,14.7218
236,face,no_noise,2,1,4.5937
236,face,no_noise,3,1,2.8863
236,face,no_noise,2,1,7.4844
236,face,no_noise,1,1,12.8449
236,face,no_noise,2,1,2.4346
236,face,no_noise,2,1,3.0815
236,face,no_noise,2,1,6.9699
236,face,no_noise,1,0,6.0166
236,face,no_noise,1,1,2.9311
236,face,no_noise,3,1,2.4503
236,face,no_noise,2,0,5.0299
236,face,no_noise,2,1,2.4998
236,face,no_noise,2,1,2.6687
236,face,no_noise,1,1,3.5689
236,face,no_noise,3,1,3.0013
236,face,no_noise,3,0,4.5498
236,face,no_noise,2,1,2.7527
236,face,no_noise,1,1,4.4388
236,face,no_noise,1,1,1.6599
236,face,no_noise,3,1,3.1986
236,face,noise,2,1,3.2607
236,face,noise,3,1,3.4656
236,face,noise,3,0,4.722
236,face,noise,2,0,4.2845
236,face,noise,1,0,5.5469
236,face,noise,1,1,3.4066
236,face,noise,2,1,3.8298
236,face,noise,1,1,2.2162
236,face,noise,2,1,5.2413
236,face,noise,2,1,4.3813
236,face,noise,2,1,9.5232
236,face,noise,1,0,4.4804
236,face,noise,1,1,1.5687
236,face,noise,2,1,4.7943
236,face,noise,1,1,2.0645
236,face,noise,3,0,2.9463
236,face,noise,3,1,2.4687
236,face,noise,1,1,2.3282
236,face,noise,3,1,2.8171
236,face,noise,3,0,5.6386
236,face,noise,1,1,2.1663
236,face,noise,1,1,3.8666
236,face,noise,1,1,3.4539
236,face,noise,3,1,4.572
236,car,no_noise,3,0,14.9707
236,car,no_noise,2,0,6.1423
236,car,no_noise,1,1,8.6548
236,car,no_noise,1,0,7.3984
236,car,no_noise,1,0,6.0639
236,car,no_noise,1,1,1.237
236,car,no_noise,1,0,6.407
236,car,no_noise,1,1,10.5572
236,car,no_noise,2,0,3.7483
236,car,no_noise,2,0,3.808
236,car,no_noise,1,0,7.0486
236,car,no_noise,1,0,4.8492
236,car,no_noise,1,0,1.2983
236,car,no_noise,1,0,1.3287
236,car,no_noise,2,0,3.419
236,car,no_noise,2,1,4.7162
236,car,no_noise,2,0,5.3506
236,car,no_noise,2,0,3.3152
236,car,no_noise,2,1,1.9466
236,car,no_noise,1,1,8.6131
236,car,no_noise,1,1,7.2934
236,car,no_noise,1,1,8.7756
236,car,no_noise,1,0,3.4817
236,car,no_noise,1,0,10.2426
236,car,no_noise,2,1,6.5961
236,car,no_noise,2,0,5.1987
236,car,no_noise,1,0,4.3302
236,car,no_noise,1,0,3.1496
236,car,no_noise,1,1,9.5103
236,car,no_noise,1,1,1.9311
236,car,noise,1,0,2.8379
236,car,noise,1,0,5.2875
236,car,noise,2,0,3.6872
236,car,noise,2,0,2.9194
236,car,noise,2,1,1.6392
236,car,noise,1,0,3.1512
236,car,noise,1,1,2.1204
236,car,noise,1,1,1.2936
236,car,noise,1,0,1.2731
236,car,noise,1,1,1.1944
236,car,noise,1,1,1.6692
236,car,noise,2,0,2.1348
236,car,noise,2,1,2.2794
236,car,noise,2,0,1.9717
236,car,noise,2,0,2.2469
236,car,noise,2,1,2.6984
236,car,noise,2,1,2.1468
236,car,noise,1,0,2.0264
236,car,noise,2,1,2.0029
236,car,noise,1,0,2.2568
236,car,noise,3,1,4.353
236,car,noise,1,0,2.7324
236,car,noise,1,1,2.0624
236,car,noise,2,0,3.5936
237,car,no_noise,1,0,15.0896
237,car,no_noise,1,1,11.1331
237,car,no_noise,1,1,14.5786
237,car,no_noise,3,1,6.7662
237,car,no_noise,3,0,7.2216
237,car,no_noise,3,0,15.2118
237,car,no_noise,2,0,8.2651
237,car,no_noise,1,1,4.4302
237,car,no_noise,1,1,12.2337
237,car,no_noise,2,0,12.0437
237,car,no_noise,3,1,5.3758
237,car,no_noise,3,1,5.3253
237,car,no_noise,3,0,3.5117
237,car,no_noise,2,1,5.1326
237,car,no_noise,2,0,11.6665
237,car,no_noise,2,1,7.1018
237,car,no_noise,2,0,8.1373
237,car,no_noise,3,0,9.4962
237,car,no_noise,2,1,3.5039
237,car,no_noise,1,1,13.3199
237,car,no_noise,3,0,13.4327
237,car,no_noise,1,1,6.6629
237,car,no_noise,2,0,8.0117
237,car,no_noise,3,0,17.467
237,car,no_noise,2,1,6.3086
237,car,no_noise,3,1,8.1728
237,car,no_noise,2,1,7.7833
237,car,no_noise,3,0,11.5661
237,car,no_noise,2,0,3.8872
237,car,no_noise,2,0,5.6684
237,car,noise,1,0,40.6549
237,car,noise,1,0,5.1624
237,car,noise,3,1,4.0744
237,car,noise,1,1,5.3268
237,car,noise,3,0,2.9511
237,car,noise,2,1,5.6484
237,car,noise,1,1,5.8145
237,car,noise,3,0,7.1133
237,car,noise,2,1,51.7499
237,car,noise,1,1,8.0778
237,car,noise,2,0,5.3627
237,car,noise,2,0,13.1407
237,car,noise,2,1,5.9502
237,car,noise,3,1,5.8793
237,car,noise,3,1,7.0111
237,car,noise,2,1,14.923
237,car,noise,3,0,7.8535
237,car,noise,2,1,13.0423
237,car,noise,3,0,6.1042
237,car,noise,3,0,6.2482
237,car,noise,1,0,6.6667
237,car,noise,3,1,4.3662
237,car,noise,3,0,4.6984
237,car,noise,3,1,16.4662
237,face,no_noise,1,1,16.2746
237,face,no_noise,1,0,9.3106
237,face,no_noise,1,1,9.2714
237,face,no_noise,3,1,7.665
237,face,no_noise,2,0,4.8604
237,face,no_noise,3,0,2.132
237,face,no_noise,1,1,6.6395
237,face,no_noise,3,1,5.3456
237,face,no_noise,2,1,3.172
237,face,no_noise,3,1,4.4712
237,face,no_noise,1,0,2.4804
237,face,no_noise,2,0,4.554
237,face,no_noise,3,0,4.1576
237,face,no_noise,3,0,2.388
237,face,no_noise,2,1,2.464
237,face,no_noise,2,1,5.0645
237,face,no_noise,2,1,1.952
237,face,no_noise,1,0,4.978
237,face,no_noise,3,0,3.1804
237,face,no_noise,3,1,4.0096
237,face,no_noise,2,0,3.4181
237,face,no_noise,3,0,9.1307
237,face,no_noise,2,1,10.4497
237,face,no_noise,3,0,3.334
237,face,no_noise,3,1,5.3783
237,face,no_noise,2,0,7.9829
237,face,no_noise,1,0,3.0961
237,face,no_noise,3,0,9.3067
237,face,no_noise,3,0,3.8152
237,face,no_noise,2,0,5.6836
237,face,noise,3,0,4.7102
237,face,noise,2,0,5.4945
237,face,noise,2,0,3.9409
237,face,noise,1,1,2.5148
237,face,noise,1,0,2.3202
237,face,noise,1,1,5.9733
237,face,noise,3,0,2.4133
237,face,noise,1,1,6.755
237,face,noise,2,1,3.1301
237,face,noise,3,0,2.3394
237,face,noise,3,0,2.9266
237,face,noise,3,0,5.6392
237,face,noise,3,0,6.0162
237,face,noise,2,1,1.7323
237,face,noise,1,1,4.6056
237,face,noise,3,0,5.2308
237,face,noise,3,1,3.4464
237,face,noise,1,1,6.5264
237,face,noise,1,0,5.6799
237,face,noise,3,0,2.466
237,face,noise,3,0,2.043
237,face,noise,3,0,2.9533
237,face,noise,1,1,3.3301
237,face,noise,2,0,5.205
238,car,no_noise,2,1,5.6518
238,car,no_noise,2,0,3.0435
238,car,no_noise,1,1,4.2396
238,car,no_noise,3,1,2.2192
238,car,no_noise,1,0,4.5098
238,car,no_noise,1,1,2.1579
238,car,no_noise,3,1,3.1924
238,car,no_noise,1,1,2.4899
238,car,no_noise,1,1,3.6216
238,car,no_noise,1,0,2.4517
238,car,no_noise,3,1,3.0747
238,car,no_noise,3,1,2.94
238,car,no_noise,2,1,2.757
238,car,no_noise,2,1,2.6689
238,car,no_noise,3,1,3.2781
238,car,no_noise,1,0,3.2413
238,car,no_noise,1,1,2.6747
238,car,no_noise,1,1,2.8586
238,car,no_noise,3,0,2.7578
238,car,no_noise,1,1,4.5464
238,car,no_noise,1,1,2.6913
238,car,no_noise,2,0,3.3926
238,car,no_noise,3,1,3.0746000000000002
238,car,no_noise,3,0,2.8909
238,car,no_noise,2,1,2.959
238,car,no_noise,3,1,4.1612
238,car,no_noise,2,1,4.3789
238,car,no_noise,2,1,2.9559
238,car,no_noise,3,0,2.0375
238,car,no_noise,1,1,4.9796
238,car,noise,1,0,3.2764
238,car,noise,3,1,4.0186
238,car,noise,3,1,2.5436
238,car,noise,1,1,3.5802
238,car,noise,2,1,3.2641
238,car,noise,3,0,3.5161
238,car,noise,1,1,2.0319
238,car,noise,1,1,3.1621
238,car,noise,2,1,2.4418
238,car,noise,1,1,3.5125
238,car,noise,1,1,2.2773
238,car,noise,2,0,2.9577
238,car,noise,2,1,2.6285
238,car,noise,1,0,3.1126
238,car,noise,3,1,4.0995
238,car,noise,3,0,2.4778
238,car,noise,1,0,2.5145
238,car,noise,1,0,2.0583
238,car,noise,2,1,2.4269
238,car,noise,1,0,2.8608
238,car,noise,3,1,3.6824
238,car,noise,3,1,2.9133
238,car,noise,1,1,3.747
238,car,noise,1,0,3.4803
238,face,no_noise,1,1,1.8386
238,face,no_noise,2,1,1.9403
238,face,no_noise,1,1,1.7752
238,face,no_noise,2,0,2.7922
238,face,no_noise,1,0,3.2282
238,face,no_noise,2,1,1.3184
238,face,no_noise,1,1,2.3576
238,face,no_noise,3,1,1.7863
238,face,no_noise,2,1,1.6546
238,face,no_noise,3,1,1.8691
238,face,no_noise,2,1,1.6872
238,face,no_noise,3,1,2.1575
238,face,no_noise,2,1,2.6873
238,face,no_noise,2,0,2.5536
238,face,no_noise,2,1,2.0697
238,face,no_noise,3,0,2.2909
238,face,no_noise,2,1,2.8217
238,face,no_noise,2,1,2.0352
238,face,no_noise,1,1,2.721
238,face,no_noise,3,1,3.6066
238,face,no_noise,2,0,2.2086
238,face,no_noise,2,1,2.0419
238,face,no_noise,2,1,1.5907
238,face,no_noise,3,0,3.526
238,face,no_noise,2,0,2.6548
238,face,no_noise,1,1,2.7529
238,face,no_noise,2,1,2.7867
238,face,no_noise,3,0,3.9411
238,face,no_noise,2,0,1.5171
238,face,no_noise,2,0,3.0936
238,face,noise,2,1,2.2368
238,face,noise,3,1,1.6013
238,face,noise,3,0,1.8166
238,face,noise,1,1,2.2264
238,face,noise,2,0,1.7687
238,face,noise,3,0,3.1563
238,face,noise,2,1,2.47
238,face,noise,1,1,2.3678
238,face,noise,3,0,2.295
238,face,noise,2,1,2.2526
238,face,noise,1,0,2.2676
238,face,noise,2,1,2.6186
238,face,noise,2,0,2.3425
238,face,noise,2,1,2.4868
238,face,noise,1,1,2.6373
238,face,noise,2,1,2.0049
238,face,noise,3,1,1.7701
238,face,noise,1,1,3.2457
238,face,noise,3,1,2.454
238,face,noise,3,0,2.2221
238,face,noise,1,1,2.788
238,face,noise,1,1,1.7855
238,face,noise,1,1,2.7437
238,face,noise,3,1,2.1389
239,car,no_noise,2,1,5.2017
239,car,no_noise,2,0,4.3647
239,car,no_noise,1,1,3.3666
239,car,no_noise,2,0,2.8519
239,car,no_noise,1,0,2.3481
239,car,no_noise,3,0,3.5512
239,car,no_noise,1,0,2.2833
239,car,no_noise,1,1,3.6874
239,car,no_noise,1,1,2.5175
239,car,no_noise,2,0,4.5489
239,car,no_noise,1,0,1.7204
239,car,no_noise,3,1,3.5699
239,car,no_noise,2,1,1.9977
239,car,no_noise,1,0,1.8688
239,car,no_noise,3,1,3.4652
239,car,no_noise,1,0,3.4347
239,car,no_noise,1,1,3.1362
239,car,no_noise,1,1,2.6662
239,car,no_noise,2,1,1.3883
239,car,no_noise,3,0,2.5413
239,car,no_noise,1,1,2.8381
239,car,no_noise,1,1,2.8824
239,car,no_noise,3,1,3.5015
239,car,no_noise,3,0,2.6844
239,car,no_noise,2,1,1.6503
239,car,no_noise,3,1,2.5018
239,car,no_noise,2,1,3.1826
239,car,no_noise,2,1,2.7477
239,car,no_noise,3,0,2.6496
239,car,no_noise,1,1,4.0297
239,car,noise,2,1,2.3277
239,car,noise,3,1,2.2608
239,car,noise,3,1,4.5474
239,car,noise,1,1,2.6784
239,car,noise,2,1,2.0324
239,car,noise,2,1,2.2163
239,car,noise,1,1,3.7298
239,car,noise,1,1,1.0706
239,car,noise,1,0,1.3957
239,car,noise,2,0,2.4832
239,car,noise,1,1,3.8066
239,car,noise,3,1,2.4682
239,car,noise,2,1,3.197
239,car,noise,3,1,2.5656
239,car,noise,3,1,1.9877
239,car,noise,2,1,3.4448
239,car,noise,2,1,3.4261
239,car,noise,2,1,3.3823
239,car,noise,2,1,2.2323
239,car,noise,2,1,2.1491
239,car,noise,3,1,2.5101
239,car,noise,1,0,1.5087
239,car,noise,1,1,3.1684
239,car,noise,3,1,2.4474
239,face,no_noise,1,1,7.778
239,face,no_noise,2,1,4.2696
239,face,no_noise,2,0,1.9647
239,face,no_noise,3,1,2.7338
239,face,no_noise,2,0,2.6809
239,face,no_noise,3,0,2.6146
239,face,no_noise,2,0,3.0796
239,face,no_noise,3,1,2.9106
239,face,no_noise,1,0,2.7133
239,face,no_noise,3,1,2.3974
239,face,no_noise,2,1,1.2642
239,face,no_noise,2,0,1.7632
239,face,no_noise,3,0,1.8946
239,face,no_noise,2,0,1.8007
239,face,no_noise,2,1,1.8304
239,face,no_noise,3,0,2.3151
239,face,no_noise,3,0,3.0298
239,face,no_noise,2,1,1.1135
239,face,no_noise,3,0,2.5959
239,face,no_noise,3,1,1.8808
239,face,no_noise,1,1,2.1473
239,face,no_noise,2,1,1.9645
239,face,no_noise,2,1,1.8143
239,face,no_noise,1,1,1.8133
239,face,no_noise,1,0,2.1352
239,face,no_noise,2,0,1.4965
239,face,no_noise,1,0,1.3802
239,face,no_noise,3,0,1.9629
239,face,no_noise,1,1,1.2342
239,face,no_noise,1,0,1.5686
239,face,noise,2,1,1.5937
239,face,noise,2,0,1.4508
239,face,noise,3,0,1.8533
239,face,noise,3,0,2.2772
239,face,noise,2,0,1.912
239,face,noise,1,1,2.1951
239,face,noise,2,1,1.1283
239,face,noise,2,0,1.4463
239,face,noise,1,0,3.9117
239,face,noise,2,1,2.2965
239,face,noise,2,1,0.8673
239,face,noise,2,1,2.2614
239,face,noise,2,0,2.5448
239,face,noise,1,0,2.4616
239,face,noise,2,0,1.0465
239,face,noise,2,1,1.9108
239,face,noise,2,0,1.4791
239,face,noise,1,1,1.6845
239,face,noise,3,1,2.218
239,face,noise,2,0,2.7171
239,face,noise,3,0,3.2674
239,face,noise,2,0,1.1073
239,face,noise,3,0,2.284
239,face,noise,3,1,1.7016
240,face,no_noise,1,1,4.9303
240,face,no_noise,2,1,2.689
240,face,no_noise,1,1,2.7224
240,face,no_noise,3,1,3.1295
240,face,no_noise,2,0,2.9388
240,face,no_noise,2,1,2.5292
240,face,no_noise,1,1,2.5334
240,face,no_noise,2,0,3.3955
240,face,no_noise,2,1,1.9492
240,face,no_noise,2,0,3.0285
240,face,no_noise,1,0,3.8671
240,face,no_noise,3,1,4.6911
240,face,no_noise,2,1,1.2447
240,face,no_noise,1,1,3.3808
240,face,no_noise,2,1,1.0289
240,face,no_noise,2,1,1.3494
240,face,no_noise,2,1,2.6617
240,face,no_noise,2,1,1.8559
240,face,no_noise,3,0,2.2801
240,face,no_noise,3,1,2.5304
240,face,no_noise,2,0,2.1243
240,face,no_noise,2,1,1.7271
240,face,no_noise,2,1,1.4954
240,face,no_noise,2,0,6.1961
240,face,no_noise,1,0,6.0026
240,face,no_noise,1,1,1.058
240,face,no_noise,2,1,1.7055
240,face,no_noise,2,0,1.3067
240,face,no_noise,1,1,2.029
240,face,no_noise,2,0,2.6124
240,face,noise,2,1,1.5559
240,face,noise,2,0,2.7451
240,face,noise,1,1,1.9351
240,face,noise,1,1,1.217
240,face,noise,3,1,2.346
240,face,noise,3,0,3.4246
240,face,noise,2,1,3.4114
240,face,noise,3,0,2.935
240,face,noise,1,0,2.6152
240,face,noise,2,1,2.6214
240,face,noise,2,1,1.4892
240,face,noise,2,1,2.9082
240,face,noise,1,1,5.362
240,face,noise,2,1,1.6679
240,face,noise,1,1,3.7586
240,face,noise,2,1,3.1571
240,face,noise,3,1,1.9651
240,face,noise,1,1,2.0053
240,face,noise,1,0,2.2115
240,face,noise,2,0,2.9731
240,face,noise,2,0,1.7883
240,face,noise,2,0,4.4626
240,face,noise,1,1,2.9151
240,face,noise,3,1,3.1279
240,car,no_noise,2,1,4.7381
240,car,no_noise,1,1,3.0334
240,car,no_noise,2,0,2.7738
240,car,no_noise,2,0,4.2398
240,car,no_noise,1,0,3.4655
240,car,no_noise,2,0,7.1837
240,car,no_noise,2,0,6.5599
240,car,no_noise,2,0,14.6271
240,car,no_noise,1,1,3.109
240,car,no_noise,1,0,15.6572
240,car,no_noise,1,0,1.4676
240,car,no_noise,3,1,4.4097
240,car,no_noise,2,1,2.4274
240,car,no_noise,1,0,1.6392
240,car,no_noise,3,1,2.3668
240,car,no_noise,3,0,4.1961
240,car,no_noise,1,1,3.1929
240,car,no_noise,3,0,2.6901
240,car,no_noise,2,1,2.6153
240,car,no_noise,3,0,2.1791
240,car,no_noise,2,0,14.4671
240,car,no_noise,1,1,3.9918
240,car,no_noise,1,0,4.4617000000000004
240,car,no_noise,2,1,2.5025
240,car,no_noise,2,1,2.7893
240,car,no_noise,1,0,2.3062
240,car,no_noise,2,1,2.617
240,car,no_noise,2,1,5.2568
240,car,no_noise,3,0,2.2998
240,car,no_noise,1,1,3.5294
240,car,noise,1,0,3.3688
240,car,noise,3,1,2.4686
240,car,noise,3,1,2.4783
240,car,noise,2,0,1.8547
240,car,noise,2,1,1.6738
240,car,noise,2,1,2.9338
240,car,noise,1,1,4.1445
240,car,noise,1,1,1.3034
240,car,noise,1,0,2.6521
240,car,noise,2,0,6.5874
240,car,noise,2,0,2.1456
240,car,noise,3,1,1.9469
240,car,noise,2,1,3.2032
240,car,noise,3,1,2.7455
240,car,noise,2,0,2.6684
240,car,noise,1,0,10.1014
240,car,noise,3,0,2.8023
240,car,noise,2,1,2.4189
240,car,noise,2,1,2.8019
240,car,noise,3,0,3.9678
240,car,noise,3,1,2.3953
240,car,noise,2,0,4.4271
240,car,noise,3,0,3.1173
240,car,noise,2,0,4.2705
241,face,no_noise,1,1,1.818
241,face,no_noise,2,1,1.083
241,face,no_noise,1,1,2.543
241,face,no_noise,3,1,1.228
241,face,no_noise,2,0,1.835
241,face,no_noise,2,1,1.222
241,face,no_noise,1,1,1.351
241,face,no_noise,2,0,0.877
241,face,no_noise,3,0,1.055
241,face,no_noise,3,1,1.964
241,face,no_noise,2,1,0.779
241,face,no_noise,2,0,1.359
241,face,no_noise,2,1,1.099
241,face,no_noise,1,1,1.423
241,face,no_noise,2,1,0.965
241,face,no_noise,2,1,1.179
241,face,no_noise,2,1,1.579
241,face,no_noise,2,1,1.611
241,face,no_noise,2,0,0.945
241,face,no_noise,3,1,1.211
241,face,no_noise,1,1,1.279
241,face,no_noise,2,1,0.657
241,face,no_noise,2,1,1.418
241,face,no_noise,1,1,1.529
241,face,no_noise,3,1,1.112
241,face,no_noise,1,1,1.751
241,face,no_noise,2,1,1.179
241,face,no_noise,2,0,1.029
241,face,no_noise,1,1,1.01
241,face,no_noise,2,0,1.419
241,face,noise,2,1,1.325
241,face,noise,3,1,1.078
241,face,noise,2,0,0.729
241,face,noise,1,1,0.678
241,face,noise,2,0,0.735
241,face,noise,1,1,0.918
241,face,noise,3,0,0.911
241,face,noise,2,0,0.48
241,face,noise,1,0,0.63
241,face,noise,2,1,0.662
241,face,noise,1,0,1.445
241,face,noise,3,0,1.02
241,face,noise,2,0,0.803
241,face,noise,1,0,0.884
241,face,noise,2,0,0.498
241,face,noise,1,0,0.742
241,face,noise,3,1,1.029
241,face,noise,1,1,0.824
241,face,noise,3,1,0.814
241,face,noise,2,0,0.929
241,face,noise,3,0,1.096
241,face,noise,1,1,0.891
241,face,noise,2,0,1.562
241,face,noise,3,1,1.191
241,car,no_noise,2,1,3.388
241,car,no_noise,3,0,1.324
241,car,no_noise,1,1,0.586
241,car,no_noise,1,0,1.106
241,car,no_noise,3,0,1.13
241,car,no_noise,1,1,1.006
241,car,no_noise,2,0,1.282
241,car,no_noise,1,1,0.59
241,car,no_noise,1,1,1.859
241,car,no_noise,2,0,0.917
241,car,no_noise,3,1,0.978
241,car,no_noise,1,0,0.774
241,car,no_noise,2,1,0.838
241,car,no_noise,3,0,1.371
241,car,no_noise,2,0,0.792
241,car,no_noise,1,0,1.072
241,car,no_noise,2,0,0.793
241,car,no_noise,3,0,1.142
241,car,no_noise,1,0,1.567
241,car,no_noise,2,0,1.05
241,car,no_noise,3,0,1.315
241,car,no_noise,1,1,1.683
241,car,no_noise,3,1,0.725
241,car,no_noise,1,0,1.183
241,car,no_noise,2,1,1.491
241,car,no_noise,1,0,1.064
241,car,no_noise,3,0,1.252
241,car,no_noise,2,1,0.99
241,car,no_noise,3,0,1.791
241,car,no_noise,1,1,0.572
241,car,noise,1,0,1.748
241,car,noise,1,0,0.906
241,car,noise,3,1,0.8
241,car,noise,1,1,0.692
241,car,noise,2,1,0.907
241,car,noise,2,1,1.043
241,car,noise,1,1,0.879
241,car,noise,3,0,0.923
241,car,noise,1,0,0.517
241,car,noise,2,0,0.479
241,car,noise,3,0,0.509
241,car,noise,1,0,1.037
241,car,noise,1,0,0.668
241,car,noise,3,1,1.184
241,car,noise,2,0,0.495
241,car,noise,2,1,0.658
241,car,noise,3,0,0.354
241,car,noise,2,1,0.472
241,car,noise,2,1,0.801
241,car,noise,3,0,0.593
241,car,noise,2,0,0.448
241,car,noise,2,0,0.47
241,car,noise,1,1,0.461
241,car,noise,3,1,0.561
242,car,no_noise,2,1,2.8655
242,car,no_noise,2,0,2.7003
242,car,no_noise,1,1,2.5076
242,car,no_noise,2,0,2.2401
242,car,no_noise,2,1,2.421
242,car,no_noise,1,1,3.3172
242,car,no_noise,2,0,4.3742
242,car,no_noise,1,1,1.9936
242,car,no_noise,1,1,3.2825
242,car,no_noise,3,1,2.8601
242,car,no_noise,1,0,3.5268
242,car,no_noise,3,1,2.4029
242,car,no_noise,2,1,1.4657
242,car,no_noise,2,1,5.3404
242,car,no_noise,3,1,5.1414
242,car,no_noise,2,1,5.4822
242,car,no_noise,1,1,3.3827
242,car,no_noise,1,1,5.2246
242,car,no_noise,2,1,2.7417
242,car,no_noise,3,0,3.4987
242,car,no_noise,1,1,3.7396
242,car,no_noise,1,1,2.1715
242,car,no_noise,3,1,4.9838
242,car,no_noise,3,0,4.2401
242,car,no_noise,2,1,3.5658
242,car,no_noise,3,1,2.9986
242,car,no_noise,2,1,3.3823
242,car,no_noise,2,1,4.6175
242,car,no_noise,3,0,1.9438
242,car,no_noise,1,1,2.0664
242,car,noise,2,1,2.4325
242,car,noise,3,1,3.2906
242,car,noise,3,1,2.7309
242,car,noise,1,1,2.8393
242,car,noise,2,1,1.3491
242,car,noise,2,1,2.4007
242,car,noise,1,1,4.8485
242,car,noise,1,1,1.7579
242,car,noise,2,1,3.7744
242,car,noise,1,1,2.7354
242,car,noise,1,1,2.3731
242,car,noise,3,1,2.4408
242,car,noise,2,1,3.2328
242,car,noise,1,0,2.8988
242,car,noise,3,1,3.9919
242,car,noise,2,1,2.2213
242,car,noise,2,1,2.1935
242,car,noise,2,1,2.4922
242,car,noise,2,1,4.3319
242,car,noise,2,1,3.6012
242,car,noise,3,1,2.7987
242,car,noise,3,1,3.6519
242,car,noise,2,0,4.4396
242,car,noise,3,1,3.5211
242,face,no_noise,1,1,2.3522
242,face,no_noise,2,1,2.2331
242,face,no_noise,3,0,2.3895
242,face,no_noise,2,0,1.9497
242,face,no_noise,2,0,1.9852
242,face,no_noise,2,1,1.9463
242,face,no_noise,3,0,2.224
242,face,no_noise,3,1,2.017
242,face,no_noise,2,1,2.4589
242,face,no_noise,3,1,2.2868
242,face,no_noise,2,1,1.1861
242,face,no_noise,2,0,1.9167
242,face,no_noise,2,1,2.9763
242,face,no_noise,1,1,1.9495
242,face,no_noise,1,0,1.9873
242,face,no_noise,3,0,2.329
242,face,no_noise,2,1,1.443
242,face,no_noise,2,1,1.0497
242,face,no_noise,3,0,2.141
242,face,no_noise,3,1,2.1998
242,face,no_noise,1,1,1.9158
242,face,no_noise,2,1,1.9997
242,face,no_noise,2,1,1.2726
242,face,no_noise,1,1,2.144
242,face,no_noise,3,1,2.4027
242,face,no_noise,1,1,1.8085
242,face,no_noise,2,1,2.3833
242,face,no_noise,3,0,2.2518
242,face,no_noise,1,1,2.3953
242,face,no_noise,3,1,2.2663
242,face,noise,2,1,1.4461
242,face,noise,3,1,1.8663
242,face,noise,3,0,2.0079
242,face,noise,3,0,1.588
242,face,noise,3,1,1.6526
242,face,noise,1,1,2.0163
242,face,noise,3,0,1.803
242,face,noise,3,0,1.8091
242,face,noise,1,0,2.6733
242,face,noise,1,0,2.3296
242,face,noise,3,0,2.3586
242,face,noise,2,1,1.8834
242,face,noise,1,1,1.833
242,face,noise,1,0,1.7781
242,face,noise,1,1,1.9343
242,face,noise,1,0,2.5033
242,face,noise,3,1,2.0329
242,face,noise,2,0,2.2078
242,face,noise,3,1,1.7678
242,face,noise,3,0,1.252
242,face,noise,2,0,2.2998
242,face,noise,1,1,2.2775
242,face,noise,3,0,2.1328
242,face,noise,3,1,2.0538
243,face,no_noise,1,1,2.5588
243,face,no_noise,2,1,1.8253
243,face,no_noise,1,1,1.9249
243,face,no_noise,3,1,1.9777
243,face,no_noise,1,0,3.7988
243,face,no_noise,2,1,2.2496
243,face,no_noise,1,1,3.0725
243,face,no_noise,3,1,1.8833
243,face,no_noise,2,1,1.7609
243,face,no_noise,3,1,1.4062
243,face,no_noise,2,1,1.3381
243,face,no_noise,3,1,1.3268
243,face,no_noise,2,1,2.7825
243,face,no_noise,1,1,1.8705
243,face,no_noise,2,1,1.4125
243,face,no_noise,3,0,5.1304
243,face,no_noise,2,1,2.6873
243,face,no_noise,1,0,5.9929
243,face,no_noise,3,0,1.7595
243,face,no_noise,3,1,1.9407
243,face,no_noise,2,0,4.0973
243,face,no_noise,2,1,0.9857
243,face,no_noise,2,1,2.8982
243,face,no_noise,1,1,6.6168
243,face,no_noise,3,1,1.3863
243,face,no_noise,1,1,2.2828
243,face,no_noise,2,1,1.5346
243,face,no_noise,2,0,4.5018
243,face,no_noise,1,1,2.0238
243,face,no_noise,3,1,2.0128
243,face,noise,2,1,3.2319
243,face,noise,1,0,2.0292
243,face,noise,3,0,3.3128
243,face,noise,1,1,1.618
243,face,noise,3,1,1.7412
243,face,noise,3,0,1.4886
243,face,noise,3,0,2.3724
243,face,noise,1,1,1.491
243,face,noise,1,0,1.7025
243,face,noise,2,1,2.4521
243,face,noise,2,1,2.368
243,face,noise,2,1,2.0596
243,face,noise,2,0,1.1509
243,face,noise,2,1,1.1175
243,face,noise,1,1,1.5649
243,face,noise,2,1,2.0115
243,face,noise,3,1,1.218
243,face,noise,3,0,2.3515
243,face,noise,2,0,0.4034
243,face,noise,2,0,2.5187
243,face,noise,1,1,1.9646
243,face,noise,1,1,1.1451
243,face,noise,2,0,2.7038
243,face,noise,3,1,1.6857
243,car,no_noise,1,0,1.3598
243,car,no_noise,2,0,1.1789
243,car,no_noise,3,0,0.8363
243,car,no_noise,1,0,1.7362
243,car,no_noise,3,0,0.5542
243,car,no_noise,1,1,0.3162
243,car,no_noise,2,0,0.4058
243,car,no_noise,3,0,0.2826
243,car,no_noise,1,1,0.1818
243,car,no_noise,2,0,0.2411
243,car,no_noise,3,1,0.1733
243,car,no_noise,1,0,0.3852
243,car,no_noise,2,1,0.3795
243,car,no_noise,1,0,0.5943
243,car,no_noise,1,0,1.3697
243,car,no_noise,2,1,0.4368
243,car,no_noise,1,1,0.3375
243,car,no_noise,3,0,0.1182
243,car,no_noise,2,1,0.3396
243,car,no_noise,1,1,0.4315
243,car,no_noise,3,0,0.4027
243,car,no_noise,2,0,0.355
243,car,no_noise,1,0,0.3011
243,car,no_noise,3,0,0.3706
243,car,no_noise,2,1,0.5822
243,car,no_noise,1,0,0.5057
243,car,no_noise,1,0,1.0993
243,car,no_noise,1,0,0.9084
243,car,no_noise,1,1,0.9745
243,car,no_noise,1,1,0.8227
243,car,noise,2,1,1.1286
243,car,noise,1,0,0.4868
243,car,noise,3,1,0.3475
243,car,noise,2,0,0.5451
243,car,noise,1,0,0.4307
243,car,noise,2,1,0.5512
243,car,noise,3,0,0.2421
243,car,noise,1,1,0.5846
243,car,noise,2,1,0.2935
243,car,noise,3,0,0.3168
243,car,noise,2,0,0.4691
243,car,noise,1,0,0.5716
243,car,noise,2,1,0.5096
243,car,noise,2,0,0.6036
243,car,noise,1,0,0.3558
243,car,noise,1,0,0.4832
243,car,noise,2,1,0.4869
243,car,noise,3,0,0.3803
243,car,noise,1,0,0.3608
243,car,noise,2,1,0.366
243,car,noise,3,1,0.2748
243,car,noise,1,0,0.2624
243,car,noise,2,0,0.3816
243,car,noise,1,0,0.5452
244,car,no_noise,3,0,5.3237
244,car,no_noise,1,1,3.4834
244,car,no_noise,3,0,2.9536
244,car,no_noise,3,1,2.3907
244,car,no_noise,1,0,2.4419
244,car,no_noise,1,1,3.404
244,car,no_noise,3,1,1.6671
244,car,no_noise,1,1,3.1837
244,car,no_noise,1,1,3.5837
244,car,no_noise,1,0,2.4391
244,car,no_noise,1,0,1.7524
244,car,no_noise,3,1,1.4507
244,car,no_noise,2,1,1.0706
244,car,no_noise,2,1,3.684
244,car,no_noise,3,1,1.7264
244,car,no_noise,2,1,5.1832
244,car,no_noise,1,1,1.7527
244,car,no_noise,1,1,2.0534
244,car,no_noise,3,0,2.9746
244,car,no_noise,1,1,2.3548
244,car,no_noise,2,0,2.7841
244,car,no_noise,2,0,5.6515
244,car,no_noise,3,1,1.8691
244,car,no_noise,2,1,3.0001
244,car,no_noise,1,0,2.1204
244,car,no_noise,2,0,1.9747
244,car,no_noise,2,1,3.0027
244,car,no_noise,2,1,1.9184
244,car,no_noise,1,1,1.767
244,car,no_noise,2,0,3.5341
244,car,noise,2,1,4.2919
244,car,noise,3,1,1.3088
244,car,noise,2,0,3.6037
244,car,noise,2,0,1.5028
244,car,noise,3,0,1.854
244,car,noise,1,0,1.8226
244,car,noise,3,0,2.177
244,car,noise,1,1,1.6052
244,car,noise,2,1,2.5342
244,car,noise,1,1,1.4168
244,car,noise,2,0,1.3516
244,car,noise,3,1,1.6007
244,car,noise,2,1,1.4838
244,car,noise,2,0,2
244,car,noise,3,1,1.6347
244,car,noise,1,0,3.0758
244,car,noise,2,1,2.1564
244,car,noise,2,1,1.2573
244,car,noise,2,1,1.3705
244,car,noise,2,1,1.4843
244,car,noise,3,1,1.5372
244,car,noise,2,0,1.9714
244,car,noise,1,1,1.5004
244,car,noise,2,0,1.6003
244,face,no_noise,1,1,2.1265
244,face,no_noise,2,1,2.0847
244,face,no_noise,1,1,1.3244
244,face,no_noise,3,1,1.4672
244,face,no_noise,3,1,3.1172
244,face,no_noise,3,0,2.6253
244,face,no_noise,1,1,1.5717
244,face,no_noise,3,1,1.2842
244,face,no_noise,2,1,1.8005
244,face,no_noise,3,1,1.6347
244,face,no_noise,1,0,1.6009
244,face,no_noise,3,1,1.3028
244,face,no_noise,2,1,2.9897
244,face,no_noise,1,1,2.4737
244,face,no_noise,2,1,1.4505
244,face,no_noise,2,1,1.8183
244,face,no_noise,2,1,1.4177
244,face,no_noise,2,1,2.8003
244,face,no_noise,3,0,1.2018
244,face,no_noise,3,1,1.5337
244,face,no_noise,1,1,1.917
244,face,no_noise,2,1,1.9673
244,face,no_noise,3,0,1.9094
244,face,no_noise,3,0,2.3403
244,face,no_noise,1,0,2.7697
244,face,no_noise,3,0,2.3344
244,face,no_noise,2,1,1.6759
244,face,no_noise,2,0,1.3723
244,face,no_noise,3,0,2.2007
244,face,no_noise,2,0,1.6918
244,face,noise,3,0,3.0839
244,face,noise,1,0,1.9931
244,face,noise,3,0,1.0205
244,face,noise,3,0,1.3268
244,face,noise,1,0,2.6337
244,face,noise,1,1,1.4708
244,face,noise,3,0,1.2004
244,face,noise,2,0,1.7677
244,face,noise,3,0,1.1743
244,face,noise,2,1,1.2006
244,face,noise,3,0,1.1179
244,face,noise,1,0,1.1505
244,face,noise,2,0,1.0172
244,face,noise,2,1,1.9173
244,face,noise,2,0,1.1926
244,face,noise,3,0,2.4844
244,face,noise,1,0,2.1337
244,face,noise,2,0,1.3056
244,face,noise,3,1,1.3043
244,face,noise,2,0,1.3912
244,face,noise,2,0,1.9865
244,face,noise,1,1,0.8342
244,face,noise,2,0,1.5175
244,face,noise,3,1,1.5585
245,face,no_noise,2,0,2.8244
245,face,no_noise,3,0,3.283
245,face,no_noise,1,1,3.4464
245,face,no_noise,1,0,2.5609
245,face,no_noise,3,1,2.2503
245,face,no_noise,2,1,2.2964
245,face,no_noise,2,0,3.7131
245,face,no_noise,1,0,2.7727
245,face,no_noise,2,1,4.8126
245,face,no_noise,2,0,2.5338
245,face,no_noise,1,0,2.3439
245,face,no_noise,2,0,4.6104
245,face,no_noise,3,0,2.5929
245,face,no_noise,1,1,6.1425
245,face,no_noise,3,0,5.5648
245,face,no_noise,2,1,3.088
245,face,no_noise,2,1,7.2489
245,face,no_noise,1,0,3.7836
245,face,no_noise,1,1,3.5166
245,face,no_noise,3,1,4.1119
245,face,no_noise,2,0,2.5808
245,face,no_noise,1,0,2.2986
245,face,no_noise,2,1,1.975
245,face,no_noise,3,0,4.2977
245,face,no_noise,3,1,6.8143
245,face,no_noise,2,0,3.0269
245,face,no_noise,2,1,2.165
245,face,no_noise,2,0,2.084
245,face,no_noise,1,1,2.7093
245,face,no_noise,2,0,2.3979
245,face,noise,1,0,6.9562
245,face,noise,3,1,1.5966
245,face,noise,1,1,2.6286
245,face,noise,2,0,5.1629
245,face,noise,3,1,2.0124
245,face,noise,3,0,6.3653
245,face,noise,3,0,2.0339
245,face,noise,2,0,2.3812
245,face,noise,1,0,5.0804
245,face,noise,3,0,7.5967
245,face,noise,3,0,2.6812
245,face,noise,2,1,4.2479
245,face,noise,2,0,2.9906
245,face,noise,2,1,1.9822
245,face,noise,1,1,4.6472
245,face,noise,2,1,6.0773
245,face,noise,3,1,3.9955
245,face,noise,1,1,1.8311
245,face,noise,2,0,2.915
245,face,noise,2,0,1.8814
245,face,noise,2,0,4.4838
245,face,noise,1,1,3.5409
245,face,noise,3,0,2.933
245,face,noise,1,0,1.8986
245,car,no_noise,3,0,4.2352
245,car,no_noise,1,1,2.3053
245,car,no_noise,3,0,3.2017
245,car,no_noise,2,0,3.4957
245,car,no_noise,1,0,4.4173
245,car,no_noise,1,1,1.92
245,car,no_noise,3,1,2.4695
245,car,no_noise,2,0,4.2545
245,car,no_noise,1,1,3.4074
245,car,no_noise,3,1,4.1388
245,car,no_noise,3,1,1.9833
245,car,no_noise,3,1,2.7868
245,car,no_noise,2,1,2.3248
245,car,no_noise,1,0,1.7494
245,car,no_noise,3,1,2.2779
245,car,no_noise,3,0,2.8262
245,car,no_noise,1,1,5.5018
245,car,no_noise,1,1,2.4427
245,car,no_noise,3,0,3.286
245,car,no_noise,1,1,3.824
245,car,no_noise,3,0,4.169
245,car,no_noise,1,1,3.9029
245,car,no_noise,3,1,1.7315
245,car,no_noise,2,1,1.4782
245,car,no_noise,3,0,5.6625
245,car,no_noise,2,0,2.3124
245,car,no_noise,2,1,3.4404
245,car,no_noise,2,1,1.4972
245,car,no_noise,2,0,4.8624
245,car,no_noise,2,0,2.6801
245,car,noise,3,0,15.5356
245,car,noise,3,1,5.5018
245,car,noise,2,0,6.8926
245,car,noise,2,0,4.4575
245,car,noise,2,1,5.326
245,car,noise,2,1,6.0686
245,car,noise,1,1,9.4656
245,car,noise,2,0,5.3666
245,car,noise,1,0,3.062
245,car,noise,1,1,5.21
245,car,noise,1,1,6.5759
245,car,noise,3,1,8.4845
245,car,noise,2,1,7.1286
245,car,noise,1,0,10.4529
245,car,noise,3,1,5.0021
245,car,noise,2,1,6.9588
245,car,noise,2,1,3.9762
245,car,noise,2,1,3.6329
245,car,noise,2,1,5.4294
245,car,noise,2,1,5.8183
245,car,noise,3,1,4.4864
245,car,noise,2,0,9.0975
245,car,noise,1,1,4.4341
245,car,noise,3,1,6.0491
246,car,no_noise,1,0,29.176
246,car,no_noise,1,1,39.006
246,car,no_noise,1,1,21.0641
246,car,no_noise,2,0,28.5472
246,car,no_noise,2,1,36.7318
246,car,no_noise,1,1,39.9388
246,car,no_noise,3,1,31.2902
246,car,no_noise,1,1,8.2879
246,car,no_noise,1,1,39.7204
246,car,no_noise,3,1,14.0692
246,car,no_noise,3,1,37.8583
246,car,no_noise,3,1,22.6937
246,car,no_noise,2,1,43.5869
246,car,no_noise,2,1,29.2898
246,car,no_noise,3,1,55.8909
246,car,no_noise,2,1,38.2226
246,car,no_noise,1,1,12.5048
246,car,no_noise,1,1,11.3111
246,car,no_noise,2,1,20.9558
246,car,no_noise,1,1,12.0338
246,car,no_noise,2,0,92.1983
246,car,no_noise,1,1,114.0011
246,car,no_noise,2,0,36.18
246,car,no_noise,2,1,40.2803
246,car,no_noise,2,1,17.8211
246,car,no_noise,3,1,5.1607
246,car,no_noise,2,1,6.9025
246,car,no_noise,2,1,14.4028
246,car,no_noise,1,1,54.7801
246,car,no_noise,1,1,7.6867
246,car,noise,2,1,43.8267
246,car,noise,3,1,21.0059
246,car,noise,3,1,14.9657
246,car,noise,1,1,14.2172
246,car,noise,2,1,29.5485
246,car,noise,1,0,16.1164
246,car,noise,1,1,6.3187
246,car,noise,1,1,25.8514
246,car,noise,2,1,21.2295
246,car,noise,1,1,6.3386
246,car,noise,1,1,21.8677
246,car,noise,1,0,42.8749
246,car,noise,2,1,8.5661
246,car,noise,3,1,27.8316
246,car,noise,3,1,22.185
246,car,noise,2,1,22.8641
246,car,noise,2,1,7.315
246,car,noise,2,1,7.5066
246,car,noise,2,1,18.3084
246,car,noise,2,1,8.8451
246,car,noise,3,1,13.7639
246,car,noise,3,1,14.2211
246,car,noise,1,1,23.1921
246,car,noise,3,1,6.7006
246,face,no_noise,1,1,13.8317
246,face,no_noise,2,1,13.3673
246,face,no_noise,1,1,3.9063
246,face,no_noise,3,1,10.9034
246,face,no_noise,3,1,23.7861
246,face,no_noise,2,1,34.7088
246,face,no_noise,1,1,15.7691
246,face,no_noise,3,1,4.4496
246,face,no_noise,2,1,6.8121
246,face,no_noise,3,1,22.864
246,face,no_noise,2,1,3.1349
246,face,no_noise,3,1,7.1515
246,face,no_noise,2,1,3.3434
246,face,no_noise,2,0,8.013
246,face,no_noise,2,1,4.0802
246,face,no_noise,2,1,38.366
246,face,no_noise,2,1,9.487
246,face,no_noise,2,1,21.0409
246,face,no_noise,1,1,27.6916
246,face,no_noise,3,1,2.8257
246,face,no_noise,1,1,4.8944
246,face,no_noise,2,1,2.9653
246,face,no_noise,2,1,3.8011
246,face,no_noise,1,1,8.9576
246,face,no_noise,3,1,3.5511
246,face,no_noise,1,1,11.5766
246,face,no_noise,2,1,2.1836
246,face,no_noise,1,1,9.3802
246,face,no_noise,1,1,2.7153
246,face,no_noise,3,1,4.2783
246,face,noise,2,1,2.6927
246,face,noise,3,1,8.2927
246,face,noise,1,1,3.525
246,face,noise,1,1,2.9073
246,face,noise,3,1,3.2745
246,face,noise,1,1,14.2102
246,face,noise,2,1,3.8493
246,face,noise,2,0,6.585
246,face,noise,2,1,4.6346
246,face,noise,2,1,3.2421
246,face,noise,1,0,19.4001
246,face,noise,2,1,2.9308
246,face,noise,1,1,9.2531
246,face,noise,2,1,5.4127
246,face,noise,1,1,3.9767
246,face,noise,3,0,3.1789
246,face,noise,3,1,4.8631
246,face,noise,3,0,7.6627
246,face,noise,3,1,2.7348
246,face,noise,2,0,12.8951
246,face,noise,1,1,2.3793
246,face,noise,1,1,3.3287
246,face,noise,3,0,8.3105
246,face,noise,3,1,8.653
247,car,no_noise,3,0,11.8699
247,car,no_noise,1,1,8.6093
247,car,no_noise,3,0,10.8952
247,car,no_noise,2,0,19.0497
247,car,no_noise,2,1,5.2218
247,car,no_noise,3,0,10.1128
247,car,no_noise,3,1,13.5287
247,car,no_noise,1,1,24.0021
247,car,no_noise,1,1,6.6565
247,car,no_noise,2,0,16.9333
247,car,no_noise,1,0,10.8126
247,car,no_noise,3,1,9.539
247,car,no_noise,2,1,16.2606
247,car,no_noise,2,1,10.0077
247,car,no_noise,3,1,9.8959
247,car,no_noise,2,1,14.7737
247,car,no_noise,1,1,5.9414
247,car,no_noise,1,1,9.1977
247,car,no_noise,2,1,10.7662
247,car,no_noise,1,1,13.1648
247,car,no_noise,3,0,5.906
247,car,no_noise,1,1,9.4781
247,car,no_noise,3,1,5.893
247,car,no_noise,2,1,69.8396
247,car,no_noise,2,1,17.1542
247,car,no_noise,2,0,16.0332
247,car,no_noise,1,0,10.4795
247,car,no_noise,2,1,7.182
247,car,no_noise,1,1,8.1989
247,car,no_noise,1,1,17.7864
247,car,noise,1,0,8.7727
247,car,noise,2,0,17.0852
247,car,noise,2,0,6.4168
247,car,noise,1,1,8.9361
247,car,noise,3,0,6.519
247,car,noise,2,1,14.2282
247,car,noise,1,1,6.4536
247,car,noise,1,1,14.3323
247,car,noise,1,0,6.2498
247,car,noise,2,0,6.7247
247,car,noise,2,0,15.3069
247,car,noise,3,1,12.8068
247,car,noise,2,1,9.7728
247,car,noise,3,1,30.3375
247,car,noise,3,1,6.8109
247,car,noise,2,1,14.5393
247,car,noise,3,0,5.0588
247,car,noise,2,1,5.9672
247,car,noise,2,1,4.966
247,car,noise,1,0,12.1608
247,car,noise,1,0,26.4851
247,car,noise,1,0,6.3213
247,car,noise,1,1,11.7101
247,car,noise,3,1,12.7723
247,face,no_noise,1,1,1.3011
247,face,no_noise,2,1,2.1691
247,face,no_noise,1,1,1.5572
247,face,no_noise,3,1,2.5618
247,face,no_noise,3,1,3.1544
247,face,no_noise,2,1,1.7424
247,face,no_noise,1,1,6.2234
247,face,no_noise,3,1,3.6591
247,face,no_noise,2,1,3.3041
247,face,no_noise,3,1,1.973
247,face,no_noise,2,1,1.6686
247,face,no_noise,3,1,2.2359
247,face,no_noise,2,1,2.203
247,face,no_noise,2,0,7.4445
247,face,no_noise,2,1,1.319
247,face,no_noise,2,1,4.8716
247,face,no_noise,2,1,4.3926
247,face,no_noise,1,0,5.536
247,face,no_noise,3,0,1.6063
247,face,no_noise,3,1,3.039
247,face,no_noise,2,0,5.0381
247,face,no_noise,2,1,14.57
247,face,no_noise,2,1,2.3682
247,face,no_noise,3,0,2.4208
247,face,no_noise,3,1,1.6853
247,face,no_noise,1,1,3.0872
247,face,no_noise,2,1,3.0614
247,face,no_noise,1,1,3.7042
247,face,no_noise,3,0,8.0086
247,face,no_noise,3,1,5.3379
247,face,noise,2,1,2.8223
247,face,noise,3,1,2.4443
247,face,noise,3,0,5.0753
247,face,noise,3,0,6.6896
247,face,noise,3,1,3.4042
247,face,noise,1,1,3.1279
247,face,noise,3,0,4.243
247,face,noise,2,0,18.4328
247,face,noise,2,1,5.6272
247,face,noise,2,1,3.904
247,face,noise,3,0,1.3857
247,face,noise,2,1,9.6393
247,face,noise,2,0,4.6557
247,face,noise,2,1,8.0089
247,face,noise,1,1,3.5373
247,face,noise,2,1,6.2305
247,face,noise,3,1,1.8934
247,face,noise,1,1,6.5785
247,face,noise,3,1,4.2062
247,face,noise,3,0,4.8937
247,face,noise,2,0,1.7195
247,face,noise,2,0,4.0193
247,face,noise,1,1,2.9868
247,face,noise,3,1,3.2583
248,car,no_noise,1,0,2.4597
248,car,no_noise,1,1,1.818
248,car,no_noise,1,1,2.1465
248,car,no_noise,3,1,3.9375
248,car,no_noise,2,1,2.6795
248,car,no_noise,3,0,2.7396
248,car,no_noise,1,0,2.381
248,car,no_noise,2,0,2.4308
248,car,no_noise,2,0,2.9785
248,car,no_noise,1,0,2.0466
248,car,no_noise,3,1,2.5916
248,car,no_noise,3,1,2.8638
248,car,no_noise,1,0,2.1204
248,car,no_noise,1,0,1.8651
248,car,no_noise,2,0,3.5108
248,car,no_noise,1,0,2.278
248,car,no_noise,2,0,3.4915
248,car,no_noise,1,1,1.8434
248,car,no_noise,2,1,3.2132
248,car,no_noise,3,0,2.6525
248,car,no_noise,1,1,1.4352
248,car,no_noise,1,1,1.9169
248,car,no_noise,1,0,1.8633
248,car,no_noise,1,0,1.9429
248,car,no_noise,2,1,2.056
248,car,no_noise,3,1,2.1786
248,car,no_noise,1,0,1.2888
248,car,no_noise,3,0,2.6425
248,car,no_noise,3,0,1.8481
248,car,no_noise,3,0,1.8961
248,car,noise,2,1,1.7943
248,car,noise,2,0,1.8663
248,car,noise,1,0,2.9569
248,car,noise,3,0,4.6018
248,car,noise,1,0,1.654
248,car,noise,1,0,1.3148
248,car,noise,1,1,1.5832
248,car,noise,3,0,1.5979
248,car,noise,3,0,1.9758
248,car,noise,3,0,1.6978
248,car,noise,3,0,2.3018
248,car,noise,3,1,1.6962
248,car,noise,2,1,2.5652
248,car,noise,1,0,2.3823
248,car,noise,3,1,1.9019
248,car,noise,3,0,2.1976
248,car,noise,1,0,1.1778
248,car,noise,1,0,1.1145
248,car,noise,1,0,1.4599
248,car,noise,1,0,1.039
248,car,noise,3,1,2.2976
248,car,noise,1,0,1.1712
248,car,noise,1,1,2.6816
248,car,noise,1,0,0.8426
248,face,no_noise,1,1,2.0216
248,face,no_noise,2,1,1.5458
248,face,no_noise,3,0,1.6208
248,face,no_noise,2,0,1.61
248,face,no_noise,3,1,1.8511
248,face,no_noise,2,1,2.4129
248,face,no_noise,2,0,2.1629
248,face,no_noise,2,0,1.4124
248,face,no_noise,2,1,2.2816
248,face,no_noise,3,1,2.2111
248,face,no_noise,2,1,1.2143
248,face,no_noise,2,0,1.0677
248,face,no_noise,3,0,1.4725
248,face,no_noise,2,0,1.9107
248,face,no_noise,2,1,1.2787
248,face,no_noise,3,0,2.5033
248,face,no_noise,2,1,1.6954
248,face,no_noise,1,0,1.9966
248,face,no_noise,3,0,1.6384
248,face,no_noise,3,1,1.6502
248,face,no_noise,2,0,1.5724
248,face,no_noise,2,1,1.5496
248,face,no_noise,2,1,1.7423
248,face,no_noise,2,0,1.6666
248,face,no_noise,3,1,2.1792
248,face,no_noise,3,0,2.5871
248,face,no_noise,2,1,0.831
248,face,no_noise,2,0,1.7047
248,face,no_noise,1,1,0.9807
248,face,no_noise,1,0,2.2642
248,face,noise,3,0,2.1666
248,face,noise,2,0,1.0795
248,face,noise,3,0,1.5541
248,face,noise,2,0,2.046
248,face,noise,3,1,1.9192
248,face,noise,1,1,1.7171
248,face,noise,3,0,1.4583
248,face,noise,2,0,1.1416
248,face,noise,3,0,1.6161
248,face,noise,2,1,1.3192
248,face,noise,3,0,0.9871
248,face,noise,3,0,2.2112
248,face,noise,3,0,1.1422
248,face,noise,2,1,1.4806
248,face,noise,2,0,1.0103
248,face,noise,1,0,2.5651
248,face,noise,3,1,1.7698
248,face,noise,3,0,2.5263
248,face,noise,3,1,1.262
248,face,noise,3,0,1.1799
248,face,noise,2,0,2.5852
248,face,noise,3,0,1.43
248,face,noise,2,0,1.8608
248,face,noise,3,1,4.4531
251,car,no_noise,3,0,7.3863
251,car,no_noise,1,1,3.1301
251,car,no_noise,3,0,4.9398
251,car,no_noise,1,0,5.4654
251,car,no_noise,2,1,3.579
251,car,no_noise,2,0,7.4918
251,car,no_noise,3,1,2.4984
251,car,no_noise,1,1,2.9032
251,car,no_noise,1,1,4.1617
251,car,no_noise,3,1,3.189
251,car,no_noise,3,1,3.8753
251,car,no_noise,2,0,6.2674
251,car,no_noise,3,0,3.3163
251,car,no_noise,2,1,3.9153
251,car,no_noise,2,0,7.4973
251,car,no_noise,2,1,4.0598
251,car,no_noise,2,0,3.3842
251,car,no_noise,1,1,6.7141
251,car,no_noise,3,0,6.6524
251,car,no_noise,3,0,4.0641
251,car,no_noise,1,1,3.3287
251,car,no_noise,1,1,4.0758
251,car,no_noise,3,1,2.4957
251,car,no_noise,2,1,3.5957
251,car,no_noise,3,0,2.7079
251,car,no_noise,2,0,2.7365
251,car,no_noise,2,1,3.5737
251,car,no_noise,1,0,2.9523
251,car,no_noise,1,1,4.7747
251,car,no_noise,1,1,3.0614
251,car,noise,3,0,5.9779
251,car,noise,1,0,3.2885
251,car,noise,2,0,2.3071
251,car,noise,2,0,2.4498
251,car,noise,3,0,4.1782
251,car,noise,2,1,2.5671
251,car,noise,3,0,2.5952
251,car,noise,1,1,5.3115
251,car,noise,2,1,2.6468
251,car,noise,1,1,4.8633
251,car,noise,1,1,2.9266
251,car,noise,1,0,4.9979
251,car,noise,2,1,4.7546
251,car,noise,1,0,2.4391
251,car,noise,3,1,2.5539
251,car,noise,2,1,2.8175
251,car,noise,3,0,2.8627
251,car,noise,2,1,2.4327
251,car,noise,2,1,2.4064
251,car,noise,1,0,5.4719
251,car,noise,3,1,2.6688
251,car,noise,2,0,5.0049
251,car,noise,1,1,4.0775
251,car,noise,3,1,3.4088
251,face,no_noise,1,1,23.2765
251,face,no_noise,3,0,5.0271
251,face,no_noise,1,1,2.7003
251,face,no_noise,3,1,3.9271
251,face,no_noise,1,0,3.4229
251,face,no_noise,3,0,2.9773
251,face,no_noise,1,1,2.5946
251,face,no_noise,3,1,2.6462
251,face,no_noise,2,1,3.2292
251,face,no_noise,3,1,3.8749
251,face,no_noise,1,0,2.4273
251,face,no_noise,3,1,2.0788
251,face,no_noise,3,0,1.7107
251,face,no_noise,2,0,1.9094
251,face,no_noise,2,1,2.3601
251,face,no_noise,2,1,4.2597
251,face,no_noise,2,1,2.1622
251,face,no_noise,1,0,2.1667
251,face,no_noise,1,1,1.7612
251,face,no_noise,3,1,2.1659
251,face,no_noise,2,0,1.6766
251,face,no_noise,2,1,1.5661
251,face,no_noise,3,0,2.0633
251,face,no_noise,3,0,2.0919
251,face,no_noise,2,0,2.133
251,face,no_noise,1,1,1.4094
251,face,no_noise,2,1,2.194
251,face,no_noise,2,0,1.7823
251,face,no_noise,1,1,2.629
251,face,no_noise,1,0,1.5321
251,face,noise,3,0,3.8802
251,face,noise,3,1,4.4089
251,face,noise,3,0,2.2433
251,face,noise,3,0,2.3639
251,face,noise,1,0,1.7586
251,face,noise,1,1,2.7763
251,face,noise,2,1,2.7984
251,face,noise,1,1,2.4074
251,face,noise,2,1,2.2937
251,face,noise,2,1,1.5114
251,face,noise,1,0,1.0559
251,face,noise,1,0,2.0288
251,face,noise,1,1,1.5245
251,face,noise,1,0,3.3917
251,face,noise,2,0,1.7931
251,face,noise,2,1,2.3806
251,face,noise,2,0,2.227
251,face,noise,1,1,1.3975
251,face,noise,2,0,1.0808
251,face,noise,1,1,1.2952
251,face,noise,1,1,1.007
251,face,noise,1,1,0.9639
251,face,noise,2,0,1.7115
251,face,noise,2,0,2.127
252,face,no_noise,1,1,11.1245
252,face,no_noise,2,1,9.2211
252,face,no_noise,3,0,5.7822
252,face,no_noise,3,1,14.081
252,face,no_noise,2,0,7.1668
252,face,no_noise,1,0,2.6427
252,face,no_noise,1,1,3.1157
252,face,no_noise,3,1,3.0409
252,face,no_noise,1,0,5.367
252,face,no_noise,3,1,7.6299
252,face,no_noise,3,0,6.0378
252,face,no_noise,2,0,3.9924
252,face,no_noise,2,1,3.2733
252,face,no_noise,2,0,2.8947
252,face,no_noise,3,0,3.6235
252,face,no_noise,3,0,2.6712
252,face,no_noise,2,1,4.5614
252,face,no_noise,2,1,7.7206
252,face,no_noise,1,1,4.2158
252,face,no_noise,3,1,3.9168
252,face,no_noise,3,0,4.0992
252,face,no_noise,2,1,2.2836
252,face,no_noise,2,1,2.2582
252,face,no_noise,3,0,1.4479
252,face,no_noise,3,1,3.7587
252,face,no_noise,3,0,2.7635
252,face,no_noise,2,1,1.5564
252,face,no_noise,3,0,1.4036
252,face,no_noise,3,0,6.1876
252,face,no_noise,3,1,3.2329
252,face,noise,2,1,8.8801
252,face,noise,2,0,6.2628
252,face,noise,1,1,1.5827
252,face,noise,3,0,8.8527
252,face,noise,3,1,2.2135
252,face,noise,3,0,3.5495
252,face,noise,3,0,1.4129
252,face,noise,2,0,2.2615
252,face,noise,3,0,2.1096
252,face,noise,2,1,2.5331
252,face,noise,3,0,1.9508
252,face,noise,1,0,2.6368
252,face,noise,1,1,1.929
252,face,noise,2,1,5.4716
252,face,noise,1,1,5.416
252,face,noise,3,0,1.831
252,face,noise,3,1,1.3798
252,face,noise,1,1,2.2776
252,face,noise,3,1,2.2131
252,face,noise,2,0,2.6386
252,face,noise,1,1,1.8634
252,face,noise,1,1,1.9204
252,face,noise,3,0,2.6167
252,face,noise,3,1,3.0787
252,car,no_noise,2,1,25.9521
252,car,no_noise,1,1,16.1779
252,car,no_noise,3,0,7.046
252,car,no_noise,2,0,7.7481
252,car,no_noise,1,0,12.5927
252,car,no_noise,3,0,5.55
252,car,no_noise,3,1,4.2136
252,car,no_noise,1,1,4.2326
252,car,no_noise,2,0,9.6638
252,car,no_noise,3,1,12.9046
252,car,no_noise,3,1,5.2787
252,car,no_noise,3,1,2.1179
252,car,no_noise,2,1,2.7326
252,car,no_noise,1,0,1.7043
252,car,no_noise,3,1,2.3403
252,car,no_noise,3,0,3.903
252,car,no_noise,1,1,3.0718
252,car,no_noise,1,1,3.3578
252,car,no_noise,3,0,2.6995
252,car,no_noise,3,0,1.9695
252,car,no_noise,3,0,4.9916
252,car,no_noise,2,0,2.1024
252,car,no_noise,1,0,3.0686
252,car,no_noise,2,1,3.3244
252,car,no_noise,2,1,8.3677
252,car,no_noise,2,0,5.0507
252,car,no_noise,2,1,2.3302
252,car,no_noise,1,0,5.0288
252,car,no_noise,3,0,2.0592
252,car,no_noise,1,1,1.4752
252,car,noise,2,1,15.078
252,car,noise,3,1,2.8893
252,car,noise,3,1,6.9694
252,car,noise,2,0,1.783
252,car,noise,2,1,2.7098
252,car,noise,2,1,3.3082
252,car,noise,3,0,1.6676
252,car,noise,2,0,2.0933
252,car,noise,1,0,3.0435
252,car,noise,1,1,4.6729
252,car,noise,2,0,4.2027
252,car,noise,3,1,1.7769
252,car,noise,2,1,2.64
252,car,noise,3,1,2.9859
252,car,noise,3,1,2.9453
252,car,noise,2,1,1.3578
252,car,noise,2,1,1.2649
252,car,noise,2,1,1.987
252,car,noise,2,1,2.2205
252,car,noise,3,0,2.2232
252,car,noise,3,1,4.4261
252,car,noise,2,0,2.5212
252,car,noise,1,1,3.5732
252,car,noise,3,1,2.2597
253,car,no_noise,2,1,3.6412
253,car,no_noise,1,1,6.6249
253,car,no_noise,1,1,8.2646
253,car,no_noise,2,0,9.2268
253,car,no_noise,2,1,6.8373
253,car,no_noise,1,1,9.345
253,car,no_noise,3,1,3.8043
253,car,no_noise,1,1,5.6398
253,car,no_noise,1,1,7.1603
253,car,no_noise,1,0,9.6761
253,car,no_noise,3,1,3.4706
253,car,no_noise,3,1,5.3335
253,car,no_noise,2,1,5.3347
253,car,no_noise,2,1,6.5885
253,car,no_noise,2,0,8.3389
253,car,no_noise,3,0,4.9005
253,car,no_noise,1,1,6.7917
253,car,no_noise,2,0,8.1973
253,car,no_noise,3,0,8.028
253,car,no_noise,3,0,6.754
253,car,no_noise,1,1,5.5365
253,car,no_noise,1,1,7.5295
253,car,no_noise,3,1,5.0176
253,car,no_noise,3,0,9.2965
253,car,no_noise,3,0,9.3375
253,car,no_noise,2,0,5.6491
253,car,no_noise,2,1,7.8354
253,car,no_noise,2,1,8.8816
253,car,no_noise,3,0,5.5732
253,car,no_noise,1,1,6.8125
253,car,noise,2,1,6.0302
253,car,noise,3,1,3.6563
253,car,noise,3,1,4.0257
253,car,noise,1,1,7.4616
253,car,noise,2,1,6.4097
253,car,noise,2,1,4.2017
253,car,noise,1,1,8.8541
253,car,noise,1,1,3.0733
253,car,noise,1,0,4.3822
253,car,noise,2,0,3.9796
253,car,noise,1,1,7.2498
253,car,noise,3,1,6.1055
253,car,noise,2,1,5.2843
253,car,noise,1,0,4.4967
253,car,noise,3,1,7.063
253,car,noise,1,0,7.5886
253,car,noise,2,1,4.9296
253,car,noise,2,1,6.777
253,car,noise,3,0,5.4713
253,car,noise,3,0,4.3397
253,car,noise,2,0,3.0844
253,car,noise,1,0,2.2615
253,car,noise,3,0,4.3181
253,car,noise,3,1,3.5009
253,face,no_noise,1,1,2.6511
253,face,no_noise,3,0,5.2708
253,face,no_noise,3,0,3.1907
253,face,no_noise,2,0,4.0725
253,face,no_noise,2,0,5.9634
253,face,no_noise,3,0,2.5186
253,face,no_noise,1,1,2.6662
253,face,no_noise,1,0,2.4367
253,face,no_noise,2,1,4.4062
253,face,no_noise,3,1,3.1378
253,face,no_noise,2,1,2.7786
253,face,no_noise,2,0,4.0295
253,face,no_noise,3,0,3.7337
253,face,no_noise,2,0,3.1152
253,face,no_noise,1,0,4.8791
253,face,no_noise,3,0,2.7123
253,face,no_noise,2,1,4.424
253,face,no_noise,1,0,5.035
253,face,no_noise,3,0,2.6297
253,face,no_noise,3,1,2.6339
253,face,no_noise,2,0,4.3008
253,face,no_noise,2,1,3.7337
253,face,no_noise,3,0,4.6086
253,face,no_noise,3,0,5.5503
253,face,no_noise,1,0,2.9399
253,face,no_noise,2,0,2.7354
253,face,no_noise,2,1,4.0554
253,face,no_noise,3,0,3.3386
253,face,no_noise,2,0,5.2512
253,face,no_noise,3,1,3.8642
253,face,noise,2,1,5.1515
253,face,noise,3,1,3.7709
253,face,noise,1,1,3.0192
253,face,noise,3,0,3.6655
253,face,noise,3,1,3.1203
253,face,noise,2,0,3.9364
253,face,noise,3,0,2.2946
253,face,noise,2,0,3.1723
253,face,noise,3,0,2.9505
253,face,noise,2,1,4.1885
253,face,noise,1,0,2.8906
253,face,noise,1,0,3.2394
253,face,noise,3,0,2.8383
253,face,noise,1,0,3.93
253,face,noise,1,1,3.3328
253,face,noise,2,1,5.4947
253,face,noise,3,1,2.3172
253,face,noise,1,1,4.2282
253,face,noise,2,0,3.7763
253,face,noise,2,0,2.4468
253,face,noise,1,1,4.6006
253,face,noise,3,0,5.7974
253,face,noise,3,0,4.0993
253,face,noise,2,0,4.5784
255,car,no_noise,2,1,7.2244
255,car,no_noise,1,1,6.4397
255,car,no_noise,3,0,3.9556
255,car,no_noise,3,1,5.9225
255,car,no_noise,2,1,5.951
255,car,no_noise,1,1,9.2242
255,car,no_noise,3,1,5.2731
255,car,no_noise,1,1,3.2093
255,car,no_noise,1,1,14.504
255,car,no_noise,3,1,6.5568
255,car,no_noise,3,1,6.9162
255,car,no_noise,3,1,2.4896
255,car,no_noise,2,1,5.1411
255,car,no_noise,2,1,9.1949
255,car,no_noise,3,1,4.4868
255,car,no_noise,2,1,5.4688
255,car,no_noise,1,1,4.2111
255,car,no_noise,2,0,5.2092
255,car,no_noise,2,1,3.9063
255,car,no_noise,3,0,4.2798
255,car,no_noise,3,0,13.2676
255,car,no_noise,3,0,11.9108
255,car,no_noise,3,1,8.7173
255,car,no_noise,3,0,11.2523
255,car,no_noise,2,1,4.9673
255,car,no_noise,3,1,3.209
255,car,no_noise,1,0,5.5043
255,car,no_noise,2,1,6.6922
255,car,no_noise,3,0,6.2395
255,car,no_noise,1,1,7.8623
255,car,noise,1,0,6.2435
255,car,noise,3,1,5.9509
255,car,noise,3,1,4.5922
255,car,noise,1,1,3.7938
255,car,noise,2,1,7.1629
255,car,noise,2,1,2.5859
255,car,noise,3,0,8.9974
255,car,noise,1,1,4.2623
255,car,noise,2,1,3.2723
255,car,noise,1,1,5.9863
255,car,noise,1,1,2.2995
255,car,noise,3,1,2.901
255,car,noise,2,1,6.4754
255,car,noise,1,0,6.2858
255,car,noise,3,1,3.8577
255,car,noise,2,1,5.2243
255,car,noise,2,1,5.7082
255,car,noise,2,1,4.286
255,car,noise,2,1,5.6624
255,car,noise,2,1,6.6749
255,car,noise,3,1,8.2504
255,car,noise,3,1,4.2611
255,car,noise,1,1,8.4633
255,car,noise,3,1,7.3065
255,face,no_noise,1,1,1.4192
255,face,no_noise,2,1,1.7324
255,face,no_noise,1,1,1.7502
255,face,no_noise,3,1,2.3177
255,face,no_noise,2,0,4.5967
255,face,no_noise,2,1,1.5101
255,face,no_noise,1,1,4.0879
255,face,no_noise,3,1,1.37
255,face,no_noise,2,1,1.1353
255,face,no_noise,3,1,2.4039
255,face,no_noise,2,1,1.7871
255,face,no_noise,3,1,1.7524
255,face,no_noise,2,1,1.2046
255,face,no_noise,1,1,1.9735
255,face,no_noise,2,1,0.9274
255,face,no_noise,2,1,2.1859
255,face,no_noise,2,1,1.2843
255,face,no_noise,2,1,2.8505
255,face,no_noise,1,1,4.234
255,face,no_noise,3,1,1.3751
255,face,no_noise,1,1,1.6847
255,face,no_noise,2,1,1.0894
255,face,no_noise,2,1,1.2164
255,face,no_noise,1,1,2.1545
255,face,no_noise,3,1,1.7345
255,face,no_noise,1,1,1.4334
255,face,no_noise,2,1,1.4416
255,face,no_noise,3,0,3.2515
255,face,no_noise,1,1,1.0528
255,face,no_noise,3,1,1.8838
255,face,noise,2,1,1.4551
255,face,noise,3,1,1.1005
255,face,noise,1,1,1.4167
255,face,noise,1,1,2.7375
255,face,noise,3,1,2.1684
255,face,noise,1,1,1.669
255,face,noise,2,1,1.9036
255,face,noise,1,1,3.8658
255,face,noise,2,1,3.4504
255,face,noise,2,1,1.2751
255,face,noise,2,1,2.6572
255,face,noise,2,1,1.6525
255,face,noise,1,1,2.674
255,face,noise,2,1,2.8022
255,face,noise,1,1,2.0906
255,face,noise,2,1,1.8517
255,face,noise,3,1,1.802
255,face,noise,1,1,3.7533
255,face,noise,3,1,1.5838
255,face,noise,1,1,1.7854
255,face,noise,3,0,3.3853
255,face,noise,1,1,0.984
255,face,noise,1,1,2.6074
255,face,noise,3,1,2.685
256,face,no_noise,1,1,2.483099999
256,face,no_noise,2,1,2.6462
256,face,no_noise,1,1,1.9476
256,face,no_noise,2,0,3.0282
256,face,no_noise,3,1,3.2626
256,face,no_noise,2,1,2.951299999
256,face,no_noise,2,0,1.4985
256,face,no_noise,2,0,1.845700001
256,face,no_noise,3,0,2.4268
256,face,no_noise,2,0,1.5961
256,face,no_noise,1,0,3.8395
256,face,no_noise,2,0,1.7797
256,face,no_noise,3,0,2.7142
256,face,no_noise,2,0,3.365
256,face,no_noise,3,0,1.697099999
256,face,no_noise,3,0,2.955
256,face,no_noise,1,0,7.3031
256,face,no_noise,2,1,6.936599999
256,face,no_noise,3,0,1.7112
256,face,no_noise,1,0,1.7995
256,face,no_noise,2,0,1.3826
256,face,no_noise,2,1,1.5436
256,face,no_noise,3,0,1.2481
256,face,no_noise,3,0,2.3
256,face,no_noise,3,1,1.3718
256,face,no_noise,3,0,1.0801
256,face,no_noise,2,1,1.881400001
256,face,no_noise,3,0,1.6017
256,face,no_noise,1,1,1.6093
256,face,no_noise,3,1,2.1601
256,face,noise,3,0,1.4168
256,face,noise,3,1,0.862799999
256,face,noise,1,1,1.2885
256,face,noise,1,1,1.835200001
256,face,noise,2,0,1.4273
256,face,noise,2,0,1.2007
256,face,noise,2,1,1.522
256,face,noise,3,0,1.1033
256,face,noise,3,0,2.5026
256,face,noise,1,0,1.7147
256,face,noise,2,1,1.3998
256,face,noise,2,1,1.0785
256,face,noise,3,0,1.6726
256,face,noise,2,1,1.2731
256,face,noise,2,0,1.2934
256,face,noise,2,1,1.5891
256,face,noise,2,0,2.449599999
256,face,noise,1,1,1.1673
256,face,noise,1,0,1.454900001
256,face,noise,1,1,1.4189
256,face,noise,2,0,1.8308
256,face,noise,1,1,1.6661
256,face,noise,2,0,2.8567
256,face,noise,2,0,1.514799999
256,car,no_noise,2,1,1.693099999
256,car,no_noise,2,0,2.1053
256,car,no_noise,2,0,1.0322
256,car,no_noise,3,1,3.748099999
256,car,no_noise,3,0,2.7742
256,car,no_noise,3,0,3.107400001
256,car,no_noise,1,0,2.3262
256,car,no_noise,3,0,3.7208
256,car,no_noise,2,0,2.1337
256,car,no_noise,2,0,1.0363
256,car,no_noise,1,0,1.573
256,car,no_noise,3,1,1.5165
256,car,no_noise,2,1,6.3145
256,car,no_noise,3,0,2.3922
256,car,no_noise,1,0,2.175400001
256,car,no_noise,3,0,3.3826
256,car,no_noise,2,0,4.651400001
256,car,no_noise,2,0,1.7252
256,car,no_noise,1,0,1.3995
256,car,no_noise,3,0,2.3737
256,car,no_noise,2,0,5.4532
256,car,no_noise,2,0,2.040099999
256,car,no_noise,1,0,0.9431
256,car,no_noise,2,1,0.906
256,car,no_noise,2,1,0.728
256,car,no_noise,3,1,0.6783
256,car,no_noise,3,0,1.1147
256,car,no_noise,2,1,0.8344
256,car,no_noise,2,0,0.9117
256,car,no_noise,2,0,5.080200001
256,car,noise,2,1,2.624099999
256,car,noise,2,0,0.9714
256,car,noise,1,0,1.411400001
256,car,noise,2,0,1.1421
256,car,noise,3,0,0.936
256,car,noise,2,1,1.141400001
256,car,noise,3,0,0.939900001
256,car,noise,1,1,1.031299999
256,car,noise,2,1,1.0355
256,car,noise,3,0,1.103
256,car,noise,2,0,0.7668
256,car,noise,3,1,1.0639
256,car,noise,1,0,6.8305
256,car,noise,2,0,1.0288
256,car,noise,3,1,0.811700001
256,car,noise,2,1,0.5402
256,car,noise,2,1,0.4943
256,car,noise,3,0,0.7743
256,car,noise,2,1,0.715599999
256,car,noise,2,1,0.6251
256,car,noise,2,0,0.5725
256,car,noise,3,1,0.6897
256,car,noise,1,1,0.694299999
256,car,noise,2,0,0.5191
257,car,no_noise,3,0,9.9572
257,car,no_noise,2,0,4.2612
257,car,no_noise,2,0,4.6763
257,car,no_noise,2,0,2.963
257,car,no_noise,2,1,3.3484
257,car,no_noise,3,0,3.9454
257,car,no_noise,1,0,3.7911
257,car,no_noise,1,1,3.8743
257,car,no_noise,1,1,4.6003
257,car,no_noise,3,1,7.2576
257,car,no_noise,1,0,4.8436
257,car,no_noise,3,1,6.4463
257,car,no_noise,2,1,11.0841
257,car,no_noise,2,1,7.6748
257,car,no_noise,2,0,7.8142
257,car,no_noise,2,1,4.7111
257,car,no_noise,1,1,7.1054
257,car,no_noise,2,0,8.323
257,car,no_noise,2,1,5.6083
257,car,no_noise,3,0,3.5815
257,car,no_noise,2,0,7.9267
257,car,no_noise,3,0,11.9009
257,car,no_noise,2,0,7.4149
257,car,no_noise,1,0,12.3181
257,car,no_noise,2,1,8.825
257,car,no_noise,2,0,3.4423
257,car,no_noise,2,1,11.2286
257,car,no_noise,3,0,14.769
257,car,no_noise,3,0,6.6668
257,car,no_noise,1,1,7.654
257,car,noise,2,1,3.4988
257,car,noise,3,1,4.2477
257,car,noise,3,1,5.1584
257,car,noise,1,1,5.7758
257,car,noise,2,1,9.0838
257,car,noise,1,0,7.1036
257,car,noise,1,1,9.7011
257,car,noise,1,1,6.7851
257,car,noise,2,1,5.638
257,car,noise,1,1,5.2007
257,car,noise,2,0,5.2112
257,car,noise,3,1,5.7587
257,car,noise,2,1,5.016
257,car,noise,1,0,6.7442
257,car,noise,3,1,5.4084
257,car,noise,2,1,7.5518
257,car,noise,2,1,11.2061
257,car,noise,2,1,10.3001
257,car,noise,3,0,8.041
257,car,noise,2,1,10.0558
257,car,noise,3,1,12.2852
257,car,noise,1,0,10.491
257,car,noise,3,0,7.435
257,car,noise,3,1,4.9781
257,face,no_noise,2,0,5.7543
257,face,no_noise,1,0,3.8604
257,face,no_noise,2,0,2.8878
257,face,no_noise,1,0,4.4426
257,face,no_noise,3,1,3.0081
257,face,no_noise,3,0,3.6817
257,face,no_noise,3,0,4.0815
257,face,no_noise,1,0,4.4918
257,face,no_noise,3,0,3.6864
257,face,no_noise,1,0,3.1606
257,face,no_noise,3,0,4.4841
257,face,no_noise,1,0,2.3353
257,face,no_noise,1,0,3.9397
257,face,no_noise,1,1,4.2448
257,face,no_noise,2,1,4.3467
257,face,no_noise,1,0,2.5041
257,face,no_noise,1,0,4.1732
257,face,no_noise,3,0,3.1573
257,face,no_noise,2,0,8.0935
257,face,no_noise,2,0,3.5279
257,face,no_noise,3,0,7.2122
257,face,no_noise,3,0,4.9146
257,face,no_noise,1,0,7.0269
257,face,no_noise,1,1,4.1079
257,face,no_noise,2,0,3.8303
257,face,no_noise,1,1,3.797
257,face,no_noise,1,0,4.5526
257,face,no_noise,3,0,4.642
257,face,no_noise,2,0,3.0982
257,face,no_noise,1,0,4.4559
257,face,noise,1,0,4.4338
257,face,noise,2,0,4.425
257,face,noise,1,1,6.4283
257,face,noise,3,0,7.6676
257,face,noise,2,0,5.7558
257,face,noise,1,1,4.141
257,face,noise,2,1,4.4399
257,face,noise,3,0,1.7786
257,face,noise,1,0,5.5233
257,face,noise,1,0,12.5515
257,face,noise,2,1,8.7891
257,face,noise,1,0,6.1904
257,face,noise,1,1,23.1636
257,face,noise,3,0,2.5925
257,face,noise,2,0,2.3942
257,face,noise,3,0,2.7019
257,face,noise,3,1,5.3729
257,face,noise,3,0,3.0274
257,face,noise,1,0,8.8531
257,face,noise,3,0,10.8328
257,face,noise,2,0,4.6476
257,face,noise,2,0,9.8252
257,face,noise,2,0,3.8477
257,face,noise,2,0,13.8815
259,face,no_noise,1,1,7.1977
259,face,no_noise,1,0,2.5403
259,face,no_noise,1,1,3.5522
259,face,no_noise,3,1,3.9322
259,face,no_noise,2,0,2.7955
259,face,no_noise,3,0,2.8308
259,face,no_noise,1,1,1.4666
259,face,no_noise,1,0,1.2094
259,face,no_noise,1,0,3.0279
259,face,no_noise,1,0,3.9881
259,face,no_noise,2,1,2.1668
259,face,no_noise,2,0,2.7054
259,face,no_noise,1,0,1.9026
259,face,no_noise,1,1,3.3333
259,face,no_noise,1,0,1.5547
259,face,no_noise,2,1,2.2868
259,face,no_noise,1,0,1.581
259,face,no_noise,1,0,2.931
259,face,no_noise,3,0,2.0371
259,face,no_noise,2,0,1.6773
259,face,no_noise,2,0,2.0517
259,face,no_noise,2,1,2.3717
259,face,no_noise,3,0,1.9991
259,face,no_noise,3,0,1.6492
259,face,no_noise,1,0,2.113
259,face,no_noise,3,0,1.6558
259,face,no_noise,2,1,1.5037
259,face,no_noise,1,1,1.9489
259,face,no_noise,3,0,2.3065
259,face,no_noise,2,0,1.7436
259,face,noise,2,1,2.2954
259,face,noise,2,0,1.8221
259,face,noise,3,0,2.6313
259,face,noise,3,0,1.8552
259,face,noise,1,0,2.4406
259,face,noise,3,0,1.5656
259,face,noise,3,0,1.2365
259,face,noise,2,0,1.2779
259,face,noise,3,0,1.8206
259,face,noise,2,1,1.3496
259,face,noise,3,0,1.9657
259,face,noise,2,1,2.6218
259,face,noise,2,0,1.703
259,face,noise,2,1,1.1804
259,face,noise,3,0,1.599
259,face,noise,3,0,1.3684
259,face,noise,2,0,1.599
259,face,noise,1,1,2.118
259,face,noise,3,1,2.0509
259,face,noise,2,0,1.4429
259,face,noise,2,0,1.7232
259,face,noise,3,0,1.2802
259,face,noise,3,0,1.831
259,face,noise,3,1,1.5976
259,car,no_noise,2,1,3.1873
259,car,no_noise,1,1,2.7988
259,car,no_noise,1,1,2.5209
259,car,no_noise,2,0,3.0538
259,car,no_noise,1,0,2.5338
259,car,no_noise,1,1,2.064
259,car,no_noise,3,1,2.3045
259,car,no_noise,2,0,2.7018
259,car,no_noise,1,1,1.635
259,car,no_noise,1,0,1.7071
259,car,no_noise,2,0,1.7973
259,car,no_noise,3,1,2.3974
259,car,no_noise,2,1,1.8972
259,car,no_noise,2,1,2.3043
259,car,no_noise,1,0,2.3354
259,car,no_noise,1,0,2.3776
259,car,no_noise,2,0,1.6443
259,car,no_noise,2,0,3.0987
259,car,no_noise,2,1,2.6829
259,car,no_noise,1,1,3.1853
259,car,no_noise,2,0,2.3642
259,car,no_noise,3,0,3.732
259,car,no_noise,3,1,1.6839
259,car,no_noise,3,0,2.2431
259,car,no_noise,2,1,1.3706
259,car,no_noise,2,0,1.6133
259,car,no_noise,1,0,1.5429
259,car,no_noise,1,0,1.6187
259,car,no_noise,3,0,1.8974
259,car,no_noise,1,1,1.6174
259,car,noise,2,1,2.5425
259,car,noise,1,0,2.2423
259,car,noise,3,1,1.3862
259,car,noise,2,0,2.2318
259,car,noise,3,0,3.7983
259,car,noise,2,1,3.2648
259,car,noise,3,0,2.9194
259,car,noise,1,1,1.9328
259,car,noise,1,0,1.6489
259,car,noise,2,0,2.4317
259,car,noise,1,1,3.6741
259,car,noise,3,1,3.2636
259,car,noise,2,1,2.3046
259,car,noise,2,0,1.8637
259,car,noise,2,0,1.8983
259,car,noise,1,0,2.9303
259,car,noise,1,0,3.0552
259,car,noise,2,1,1.8391
259,car,noise,1,0,1.7317
259,car,noise,3,0,2.5086
259,car,noise,3,1,2.2303
259,car,noise,1,0,1.8657
259,car,noise,1,1,1.4984
259,car,noise,2,0,2.328
260,car,no_noise,2,1,6.3253
260,car,no_noise,2,0,2.1851
260,car,no_noise,3,0,1.1984
260,car,no_noise,1,0,2.5972
260,car,no_noise,1,0,1.1694
260,car,no_noise,3,0,0.8737
260,car,no_noise,3,1,5.082
260,car,no_noise,1,1,1.7984
260,car,no_noise,1,1,2.6297
260,car,no_noise,3,1,2.1785
260,car,no_noise,3,1,1.1819
260,car,no_noise,2,0,3.3015
260,car,no_noise,2,1,1.3756
260,car,no_noise,1,0,1.1852
260,car,no_noise,3,1,3.797
260,car,no_noise,3,0,2.5933
260,car,no_noise,2,0,5.6257
260,car,no_noise,3,0,2.7634
260,car,no_noise,1,0,2.8291
260,car,no_noise,2,0,1.9387
260,car,no_noise,2,0,1.5215
260,car,no_noise,1,1,1.6483
260,car,no_noise,3,1,2.991
260,car,no_noise,2,1,2.628
260,car,no_noise,2,1,2.0303
260,car,no_noise,2,0,1.8437
260,car,no_noise,2,1,1.3806
260,car,no_noise,2,1,2.7615
260,car,no_noise,1,1,1.8436
260,car,no_noise,1,1,1.9261
260,car,noise,2,1,3.4581
260,car,noise,3,1,1.9518
260,car,noise,2,0,2.8694
260,car,noise,1,1,2.0179
260,car,noise,2,1,2.0559
260,car,noise,2,1,1.2142
260,car,noise,3,0,1.8032
260,car,noise,1,1,1.5743
260,car,noise,1,0,1.3253
260,car,noise,1,1,1.6092
260,car,noise,1,1,1.1247
260,car,noise,1,0,1.7217
260,car,noise,2,1,1.5888
260,car,noise,1,0,2.5756
260,car,noise,2,0,3.5673
260,car,noise,1,0,1.2135
260,car,noise,2,1,1.0676
260,car,noise,3,0,1.6684
260,car,noise,1,0,2.2516
260,car,noise,2,1,1.9865
260,car,noise,1,0,1.3985
260,car,noise,3,1,1.5722
260,car,noise,1,1,1.9767
260,car,noise,3,1,1.7227
260,face,no_noise,1,1,2.6271
260,face,no_noise,1,0,1.9344
260,face,no_noise,2,0,1.5772
260,face,no_noise,3,1,2.2611
260,face,no_noise,2,0,2.1932
260,face,no_noise,2,1,1.0819
260,face,no_noise,1,1,1.4181
260,face,no_noise,3,1,1.9107
260,face,no_noise,1,0,1.2788
260,face,no_noise,2,0,1.4122
260,face,no_noise,1,0,1.9121
260,face,no_noise,2,0,1.6311
260,face,no_noise,2,1,1.1795
260,face,no_noise,2,0,1.7437
260,face,no_noise,1,0,1.4008
260,face,no_noise,1,0,1.1646
260,face,no_noise,2,1,0.8835
260,face,no_noise,1,0,1.346
260,face,no_noise,1,1,1.379
260,face,no_noise,2,0,1.0117
260,face,no_noise,3,0,1.8447
260,face,no_noise,3,0,3.577
260,face,no_noise,2,1,1.1441
260,face,no_noise,2,0,1.2775
260,face,no_noise,3,1,1.8267
260,face,no_noise,1,1,1.4606
260,face,no_noise,1,0,1.2799
260,face,no_noise,1,1,2.4172
260,face,no_noise,3,0,3.0423
260,face,no_noise,2,0,1.7944
260,face,noise,1,0,2.1874
260,face,noise,2,0,1.1085
260,face,noise,1,1,1.6651
260,face,noise,1,1,1.5586
260,face,noise,3,1,2.0436
260,face,noise,2,0,2.0259
260,face,noise,3,0,3.5432
260,face,noise,3,0,2.3804
260,face,noise,2,1,1.493
260,face,noise,2,1,1.9262
260,face,noise,1,0,1.1949
260,face,noise,3,0,1.5749
260,face,noise,3,0,1.4432
260,face,noise,2,1,1.5246
260,face,noise,1,1,1.5101
260,face,noise,2,1,1.2507
260,face,noise,2,0,1.7683
260,face,noise,2,0,1.3273
260,face,noise,2,0,1.9261
260,face,noise,1,1,2.3094
260,face,noise,3,0,1.7595
260,face,noise,1,1,2.2089
260,face,noise,2,0,2.1739
260,face,noise,2,0,1.3104
261,face,no_noise,1,1,5.5456
261,face,no_noise,2,1,5.4417
261,face,no_noise,1,1,3.791
261,face,no_noise,3,1,3.4282
261,face,no_noise,3,1,5.3032
261,face,no_noise,2,1,5.9099
261,face,no_noise,1,1,4.4686
261,face,no_noise,2,0,5.8251
261,face,no_noise,2,1,4.8585
261,face,no_noise,2,0,3.8874
261,face,no_noise,1,0,5.6532
261,face,no_noise,3,1,2.9142
261,face,no_noise,3,0,4.1886
261,face,no_noise,1,1,3.2608
261,face,no_noise,2,1,3.9231
261,face,no_noise,2,1,2.859
261,face,no_noise,3,0,2.2981
261,face,no_noise,2,1,3.1962
261,face,no_noise,1,1,2.9599
261,face,no_noise,3,1,2.2172
261,face,no_noise,1,1,2.8924
261,face,no_noise,2,1,2.7471
261,face,no_noise,2,1,3.5305
261,face,no_noise,1,1,3.889
261,face,no_noise,3,1,4.12
261,face,no_noise,2,0,2.9709
261,face,no_noise,2,1,4.4729
261,face,no_noise,1,1,4.3154
261,face,no_noise,1,1,4.2899
261,face,no_noise,3,1,3.1281
261,face,noise,3,0,6.2084
261,face,noise,2,0,4.7454
261,face,noise,3,0,4.3182
261,face,noise,3,0,4.9441
261,face,noise,2,0,6.2363
261,face,noise,2,0,3.1476
261,face,noise,2,1,3.3398
261,face,noise,3,0,3.7605
261,face,noise,3,0,4.432
261,face,noise,2,1,4.4306
261,face,noise,1,0,2.9297
261,face,noise,2,1,3.4005
261,face,noise,1,1,3.0131
261,face,noise,1,0,7.2385
261,face,noise,3,0,3.6885
261,face,noise,2,1,5.0333
261,face,noise,3,1,3.3963
261,face,noise,3,0,4.2576
261,face,noise,1,0,3.3216
261,face,noise,2,0,5.9342
261,face,noise,2,0,5.2368
261,face,noise,2,0,5.1289
261,face,noise,1,1,4.4817
261,face,noise,2,0,6.0444
261,car,no_noise,3,0,4.2258
261,car,no_noise,1,1,3.848
261,car,no_noise,3,0,2.3138
261,car,no_noise,2,0,4.3241
261,car,no_noise,1,0,6.1278
261,car,no_noise,3,0,4.0905
261,car,no_noise,3,1,4.9906
261,car,no_noise,1,1,4.2528
261,car,no_noise,1,1,3.0593
261,car,no_noise,1,0,3.2917
261,car,no_noise,1,0,6.8519
261,car,no_noise,3,1,6.9552
261,car,no_noise,2,1,4.9413
261,car,no_noise,1,0,3.3257
261,car,no_noise,3,1,5.1888
261,car,no_noise,3,0,6.2735
261,car,no_noise,1,1,7.879
261,car,no_noise,1,1,2.5801
261,car,no_noise,3,0,7.4642
261,car,no_noise,1,1,3.4276
261,car,no_noise,3,0,2.9216
261,car,no_noise,2,0,4.9978
261,car,no_noise,3,1,3.6025
261,car,no_noise,2,1,1.9605
261,car,no_noise,3,0,3.2705
261,car,no_noise,2,0,3.3305
261,car,no_noise,3,0,6.2792
261,car,no_noise,3,0,2.9058
261,car,no_noise,1,1,2.0893
261,car,no_noise,2,0,3.4634
261,car,noise,1,0,6.6455
261,car,noise,3,1,6.2442
261,car,noise,3,1,5.831
261,car,noise,1,1,4.1784
261,car,noise,2,1,10.861
261,car,noise,1,0,4.7745
261,car,noise,3,0,3.4734
261,car,noise,1,1,4.4993
261,car,noise,1,0,5.1556
261,car,noise,1,1,4.4292
261,car,noise,2,0,3.1117
261,car,noise,3,1,7.2367
261,car,noise,2,1,3.3587
261,car,noise,1,0,5.1806
261,car,noise,3,1,5.7397
261,car,noise,3,0,3.3086
261,car,noise,3,0,9.1958
261,car,noise,3,0,4.8372
261,car,noise,2,1,2.1045
261,car,noise,1,0,6.0072
261,car,noise,3,1,6.4274
261,car,noise,3,1,3.3979
261,car,noise,1,1,6.4544
261,car,noise,2,0,6.2975
262,car,no_noise,2,1,3.9626
262,car,no_noise,1,1,2.7664
262,car,no_noise,3,0,3.5778
262,car,no_noise,2,0,2.5453
262,car,no_noise,1,0,2.9786
262,car,no_noise,1,1,2.7792
262,car,no_noise,3,1,2.6407
262,car,no_noise,2,0,2.4694
262,car,no_noise,1,1,2.8801
262,car,no_noise,1,0,2.4752
262,car,no_noise,3,1,3.0266
262,car,no_noise,3,1,2.6754
262,car,no_noise,1,0,2.4277
262,car,no_noise,2,1,3.0958
262,car,no_noise,3,1,3.3119
262,car,no_noise,3,0,2.9807
262,car,no_noise,2,0,2.1685
262,car,no_noise,1,1,2.407
262,car,no_noise,3,0,2.2234
262,car,no_noise,2,0,2.5522
262,car,no_noise,1,1,0.9517
262,car,no_noise,1,1,3.3102
262,car,no_noise,2,0,2.5481
262,car,no_noise,3,0,2.1476
262,car,no_noise,2,1,2.3991
262,car,no_noise,3,1,2.8299
262,car,no_noise,2,1,2.6759
262,car,no_noise,2,1,3.0317
262,car,no_noise,3,0,2.2156
262,car,no_noise,2,0,3.4165
262,car,noise,2,1,3.6431
262,car,noise,3,1,2.2344
262,car,noise,3,1,1.8677
262,car,noise,2,0,2.2998
262,car,noise,2,1,2.3898
262,car,noise,2,1,2.1585
262,car,noise,1,1,1.6454
262,car,noise,3,0,2.2942
262,car,noise,1,0,2.3111
262,car,noise,1,1,3.2518
262,car,noise,2,0,2.9096
262,car,noise,3,1,1.9424
262,car,noise,2,1,3.0554
262,car,noise,1,0,2.3345
262,car,noise,1,0,3.5019
262,car,noise,1,0,2.7671
262,car,noise,3,0,2.7376
262,car,noise,2,1,2.2823
262,car,noise,2,1,1.9385
262,car,noise,2,1,2.6038
262,car,noise,2,0,2.1654
262,car,noise,2,0,2.265
262,car,noise,1,1,2.7251
262,car,noise,1,0,0.079
262,face,no_noise,1,1,2.39
262,face,no_noise,2,1,1.9732
262,face,no_noise,1,1,2.2522
262,face,no_noise,3,1,1.8901
262,face,no_noise,2,0,2.2723
262,face,no_noise,2,1,1.81
262,face,no_noise,1,1,2.2479
262,face,no_noise,3,1,2.287
262,face,no_noise,2,1,2.1267
262,face,no_noise,3,1,2.2735
262,face,no_noise,2,1,1.9028
262,face,no_noise,2,0,2.187
262,face,no_noise,2,1,1.6554
262,face,no_noise,1,1,2.0904
262,face,no_noise,2,1,1.6885
262,face,no_noise,3,0,2.0297
262,face,no_noise,3,0,2.5607
262,face,no_noise,2,1,1.8291
262,face,no_noise,1,1,1.9344
262,face,no_noise,3,1,2.3336
262,face,no_noise,2,0,2.2743
262,face,no_noise,2,1,2.7607
262,face,no_noise,2,1,2.5413
262,face,no_noise,2,0,2.5003
262,face,no_noise,1,0,2.4494
262,face,no_noise,1,1,2.1425
262,face,no_noise,2,1,1.6081
262,face,no_noise,2,0,1.7964
262,face,no_noise,3,0,1.9731
262,face,no_noise,3,1,2.4035
262,face,noise,2,1,2.0758
262,face,noise,3,1,3.0531
262,face,noise,3,0,2.8994
262,face,noise,1,1,2.3515
262,face,noise,3,1,2.5678
262,face,noise,3,0,2.2093
262,face,noise,2,1,2.3034
262,face,noise,2,0,2.9739
262,face,noise,3,0,2.7659
262,face,noise,2,1,2.015
262,face,noise,3,0,2.6069
262,face,noise,2,1,2.0735
262,face,noise,2,0,3.1619
262,face,noise,2,1,2.5344
262,face,noise,1,1,2.6059
262,face,noise,2,1,2.0834
262,face,noise,3,1,2.3929
262,face,noise,2,0,2.902
262,face,noise,3,1,2.2402
262,face,noise,1,1,2.6206
262,face,noise,3,0,21.5679
262,face,noise,1,1,2.6902
262,face,noise,1,1,1.2745
262,face,noise,3,1,2.6764
264,car,no_noise,2,1,15.0919
264,car,no_noise,1,1,14.7073
264,car,no_noise,3,0,15.8036
264,car,no_noise,3,1,13.0034
264,car,no_noise,2,1,15.6868
264,car,no_noise,2,0,17.7735
264,car,no_noise,3,1,9.287
264,car,no_noise,1,1,14.021
264,car,no_noise,1,1,14.3543
264,car,no_noise,3,1,13.1214
264,car,no_noise,3,1,11.9547
264,car,no_noise,2,0,18.9868
264,car,no_noise,2,1,15.7197
264,car,no_noise,2,1,8.2701
264,car,no_noise,2,0,12.4718
264,car,no_noise,2,1,14.4041
264,car,no_noise,2,0,46.92
264,car,no_noise,1,1,23.5879
264,car,no_noise,2,1,14.2703
264,car,no_noise,1,1,10.9258
264,car,no_noise,3,0,20.0762
264,car,no_noise,1,1,15.4034
264,car,no_noise,2,0,25.6861
264,car,no_noise,2,1,5.5074
264,car,no_noise,1,0,16.7453
264,car,no_noise,2,0,16.0368
264,car,no_noise,1,0,14.8359
264,car,no_noise,1,0,9.296700001
264,car,no_noise,1,1,13.304
264,car,no_noise,2,0,17.67
264,car,noise,1,0,10.0125
264,car,noise,3,1,7.181799999
264,car,noise,3,1,5.5644
264,car,noise,2,0,7.881
264,car,noise,3,0,12.7889
264,car,noise,2,1,11.1281
264,car,noise,3,0,11.299
264,car,noise,1,1,10.4014
264,car,noise,2,1,14.6492
264,car,noise,1,1,6.983
264,car,noise,3,0,8.1834
264,car,noise,2,0,6.7208
264,car,noise,3,0,9.1022
264,car,noise,2,0,22.449
264,car,noise,2,0,19.0661
264,car,noise,2,1,3.617799999
264,car,noise,2,1,11.2154
264,car,noise,2,1,5.5378
264,car,noise,2,1,7.1025
264,car,noise,2,1,16.3991
264,car,noise,3,1,3.4317
264,car,noise,2,0,6.826099999
264,car,noise,1,1,5.9842
264,car,noise,3,1,8.1642
264,face,no_noise,1,1,3.6705
264,face,no_noise,2,1,2.889900001
264,face,no_noise,1,1,2.0652
264,face,no_noise,3,1,5.035400001
264,face,no_noise,3,1,6.4989
264,face,no_noise,2,1,4.616
264,face,no_noise,1,1,3.899799999
264,face,no_noise,3,1,6.1989
264,face,no_noise,2,1,1.8071
264,face,no_noise,3,1,5.9719
264,face,no_noise,2,1,1.8503
264,face,no_noise,3,1,1.8659
264,face,no_noise,2,1,3.1828
264,face,no_noise,1,1,2.4326
264,face,no_noise,2,1,2.3991
264,face,no_noise,2,1,2.7527
264,face,no_noise,2,1,2.9155
264,face,no_noise,2,1,3.9993
264,face,no_noise,3,0,1.616099999
264,face,no_noise,3,1,4.1325
264,face,no_noise,1,1,3.9329
264,face,no_noise,2,1,2.283099999
264,face,no_noise,3,0,2.9498
264,face,no_noise,1,1,4.9603
264,face,no_noise,3,1,4.365900001
264,face,no_noise,1,1,4.9167
264,face,no_noise,2,1,3.4021
264,face,no_noise,3,0,6.7328
264,face,no_noise,1,1,1.7983
264,face,no_noise,3,1,8.049599999
264,face,noise,2,1,4.078
264,face,noise,3,1,9.1084
264,face,noise,1,1,2.7824
264,face,noise,1,1,1.5669
264,face,noise,3,1,4.4894
264,face,noise,1,1,3.2741
264,face,noise,2,1,3.6816
264,face,noise,2,0,4.8818
264,face,noise,2,1,6.051200001
264,face,noise,2,1,1.9352
264,face,noise,2,1,5.9912
264,face,noise,2,1,2.0003
264,face,noise,1,1,4.0663
264,face,noise,2,1,1.904099999
264,face,noise,1,1,3.1815
264,face,noise,2,1,21.6315
264,face,noise,3,1,5.349799999
264,face,noise,1,1,7.8338
264,face,noise,3,1,4.7668
264,face,noise,1,1,4.3649
264,face,noise,3,0,15.767
264,face,noise,1,1,1.7993
264,face,noise,1,1,2.6813
264,face,noise,3,1,7.3498
265,car,no_noise,2,1,2.6208
265,car,no_noise,1,1,2.1697
265,car,no_noise,2,0,2.717
265,car,no_noise,3,1,3.6951
265,car,no_noise,1,0,2.7839
265,car,no_noise,2,0,3.2674
265,car,no_noise,3,1,3.3253
265,car,no_noise,1,1,2.2251
265,car,no_noise,1,1,4.8848
265,car,no_noise,2,0,4.8754
265,car,no_noise,1,0,1.9882
265,car,no_noise,3,1,3.8745
265,car,no_noise,2,1,4.2599
265,car,no_noise,1,0,1.4452
265,car,no_noise,2,0,2.391
265,car,no_noise,2,1,4.5925
265,car,no_noise,2,0,2.5353
265,car,no_noise,1,1,2.2176
265,car,no_noise,2,1,2.0586
265,car,no_noise,1,1,2.6618
265,car,no_noise,2,0,2.1229
265,car,no_noise,1,1,3.7721
265,car,no_noise,1,0,2.6653
265,car,no_noise,2,1,2.0998
265,car,no_noise,2,1,1.5004
265,car,no_noise,2,0,1.8006
265,car,no_noise,1,0,1.6269
265,car,no_noise,1,0,3.8271
265,car,no_noise,3,0,1.9767
265,car,no_noise,1,1,3.1125
265,car,noise,2,1,4.4269
265,car,noise,3,1,2.7944
265,car,noise,2,0,2.358
265,car,noise,2,0,2.1784
265,car,noise,2,1,1.7765
265,car,noise,2,1,1.2042
265,car,noise,1,1,3.9345
265,car,noise,1,1,1.6916
265,car,noise,1,0,1.4128
265,car,noise,1,1,1.4807
265,car,noise,2,0,2.0764
265,car,noise,1,0,1.2008
265,car,noise,2,1,1.5072
265,car,noise,3,1,3.7987
265,car,noise,2,0,3.7331
265,car,noise,2,1,5.8429
265,car,noise,2,1,3.3845
265,car,noise,2,1,1.8132
265,car,noise,1,0,3.689
265,car,noise,1,0,3.122
265,car,noise,2,0,3.1683
265,car,noise,1,0,3.8896
265,car,noise,1,1,1.2491
265,car,noise,3,1,2.4089
265,face,no_noise,1,1,3.5019
265,face,no_noise,3,0,2.1043
265,face,no_noise,3,0,3.4659
265,face,no_noise,1,0,4.2838
265,face,no_noise,1,0,4.3083
265,face,no_noise,3,0,4.5076
265,face,no_noise,2,0,1.8594
265,face,no_noise,3,1,1.4508
265,face,no_noise,2,1,1.1752
265,face,no_noise,3,1,2.4662
265,face,no_noise,1,0,1.5001
265,face,no_noise,3,1,1.9417
265,face,no_noise,3,0,2.1688
265,face,no_noise,1,1,3.2986
265,face,no_noise,2,1,2.6703
265,face,no_noise,1,0,3.6926
265,face,no_noise,2,1,1.5081
265,face,no_noise,2,1,3.334
265,face,no_noise,3,0,2.7668
265,face,no_noise,3,1,1.4501
265,face,no_noise,2,0,1.4826
265,face,no_noise,3,0,1.4997
265,face,no_noise,1,0,1.3092
265,face,no_noise,2,0,1.5741
265,face,no_noise,3,1,2.6198
265,face,no_noise,1,1,2.1405
265,face,no_noise,2,1,3.1499
265,face,no_noise,2,0,2.2662
265,face,no_noise,1,1,2.1006
265,face,no_noise,3,1,1.3999
265,face,noise,3,0,4.4244
265,face,noise,3,1,1.5185
265,face,noise,2,0,1.2992
265,face,noise,1,1,2.5921
265,face,noise,1,0,1.3745
265,face,noise,1,1,0.7828
265,face,noise,3,0,1.3588
265,face,noise,2,0,2.1451
265,face,noise,1,0,2.4446
265,face,noise,1,0,1.9687
265,face,noise,3,0,1.3415
265,face,noise,1,0,2.1018
265,face,noise,3,0,2.9849
265,face,noise,2,1,2.0499
265,face,noise,3,0,1.6506
265,face,noise,1,0,2.6942
265,face,noise,3,1,2.1335
265,face,noise,3,0,2.1506
265,face,noise,3,1,1.3087
265,face,noise,2,0,1.6503
265,face,noise,3,0,1.835
265,face,noise,1,1,1.8004
265,face,noise,3,0,2.6236
265,face,noise,2,0,2.6517
266,face,no_noise,1,1,2.9806
266,face,no_noise,2,1,2.3842
266,face,no_noise,1,1,1.5737
266,face,no_noise,3,1,2.4341
266,face,no_noise,3,1,2.4567
266,face,no_noise,2,1,1.9727
266,face,no_noise,1,1,1.8854
266,face,no_noise,3,1,1.6402
266,face,no_noise,2,1,1.7679
266,face,no_noise,3,1,2.458
266,face,no_noise,2,1,1.3365
266,face,no_noise,3,1,1.718
266,face,no_noise,2,1,1.2033
266,face,no_noise,1,1,2.5367
266,face,no_noise,2,1,1.151
266,face,no_noise,2,1,2.7686
266,face,no_noise,2,1,0.9845
266,face,no_noise,2,1,2.1067
266,face,no_noise,3,0,1.8696
266,face,no_noise,3,1,1.7925
266,face,no_noise,1,1,1.3219
266,face,no_noise,2,1,1.1428
266,face,no_noise,2,1,0.9347
266,face,no_noise,1,1,1.6352
266,face,no_noise,3,1,1.4225
266,face,no_noise,1,1,1.7076
266,face,no_noise,2,1,1.874
266,face,no_noise,3,0,2.8357
266,face,no_noise,1,1,1.7684
266,face,no_noise,3,1,2.3033
266,face,noise,2,1,3.1127
266,face,noise,2,0,2.3587
266,face,noise,3,0,1.6232
266,face,noise,1,1,0.9891
266,face,noise,3,1,1.6847
266,face,noise,2,0,1.8809
266,face,noise,2,1,2.3178
266,face,noise,2,0,1.1467
266,face,noise,1,0,2.9054
266,face,noise,2,1,0.9215
266,face,noise,2,1,2.0518
266,face,noise,2,1,0.9692
266,face,noise,2,0,1.5405
266,face,noise,2,1,0.8846
266,face,noise,1,1,1.639
266,face,noise,2,1,2.1339
266,face,noise,3,1,1.6841
266,face,noise,1,1,1.704
266,face,noise,3,1,1.881
266,face,noise,2,0,1.9034
266,face,noise,3,0,1.3267
266,face,noise,2,0,0.9108
266,face,noise,3,0,1.7831
266,face,noise,2,0,2.4212
266,car,no_noise,2,1,1.7827
266,car,no_noise,2,0,2.8021
266,car,no_noise,1,1,6.7961
266,car,no_noise,2,0,1.6341
266,car,no_noise,2,1,2.768
266,car,no_noise,3,0,7.1376
266,car,no_noise,2,0,5.3651
266,car,no_noise,1,1,1.2311
266,car,no_noise,1,1,2.08
266,car,no_noise,3,1,2.4553
266,car,no_noise,3,1,2.0362
266,car,no_noise,3,1,1.913
266,car,no_noise,2,1,1.2484
266,car,no_noise,1,0,1.0585
266,car,no_noise,1,0,2.0376
266,car,no_noise,3,0,2.8952
266,car,no_noise,1,1,2.7835
266,car,no_noise,2,0,1.6925
266,car,no_noise,1,0,2.1498
266,car,no_noise,3,0,1.954
266,car,no_noise,3,0,3.4903
266,car,no_noise,1,1,1.4301
266,car,no_noise,3,1,1.8506
266,car,no_noise,3,0,4.3965
266,car,no_noise,2,1,2.0087
266,car,no_noise,3,1,3.7131
266,car,no_noise,2,1,2.0373
266,car,no_noise,2,1,0.9884
266,car,no_noise,3,0,0.9186
266,car,no_noise,1,1,0.9604
266,car,noise,2,1,2.8006
266,car,noise,2,0,3.8927
266,car,noise,2,0,1.3436
266,car,noise,2,0,1.7991
266,car,noise,2,1,0.1263
266,car,noise,2,1,1.1139
266,car,noise,1,1,1.6342
266,car,noise,1,1,0.8591
266,car,noise,1,0,0.7497
266,car,noise,1,1,1.3602
266,car,noise,1,1,0.8303
266,car,noise,3,1,1.7039
266,car,noise,2,1,2.5648
266,car,noise,1,0,1.2012
266,car,noise,3,1,1.5562
266,car,noise,2,1,2.0349
266,car,noise,2,1,3.0906
266,car,noise,2,1,1.1443
266,car,noise,2,1,3.1105
266,car,noise,2,1,1.2281
266,car,noise,3,1,2.005
266,car,noise,1,0,3.0458
266,car,noise,1,1,1.066
266,car,noise,2,0,0.4355
267,car,no_noise,2,1,4.1122
267,car,no_noise,1,1,3.4978
267,car,no_noise,1,1,5.5461
267,car,no_noise,3,1,5.9199
267,car,no_noise,2,1,4.1688
267,car,no_noise,1,1,4.0347
267,car,no_noise,3,1,4.6715
267,car,no_noise,1,1,2.9892
267,car,no_noise,1,1,2.71
267,car,no_noise,3,1,3.3001
267,car,no_noise,1,0,7.7615
267,car,no_noise,3,1,3.0776
267,car,no_noise,2,1,2.7895
267,car,no_noise,1,0,4.5418
267,car,no_noise,3,1,11.099
267,car,no_noise,2,1,5.7506
267,car,no_noise,1,1,9.6469
267,car,no_noise,2,0,11.1307
267,car,no_noise,2,1,11.8535
267,car,no_noise,3,0,5.5108
267,car,no_noise,3,0,5.4827
267,car,no_noise,1,1,2.4839
267,car,no_noise,3,1,4.6976
267,car,no_noise,2,1,5.3503
267,car,no_noise,2,1,4.8856
267,car,no_noise,3,1,3.4546
267,car,no_noise,2,1,2.1604
267,car,no_noise,2,1,3.6813
267,car,no_noise,3,0,2.869
267,car,no_noise,1,1,4.889
267,car,noise,2,1,2.7555
267,car,noise,3,1,4.3883
267,car,noise,3,1,6.9039
267,car,noise,1,1,4.0553
267,car,noise,2,1,2.5096
267,car,noise,2,1,14.7253
267,car,noise,1,1,7.7526
267,car,noise,1,1,1.7545
267,car,noise,1,0,2.6196
267,car,noise,1,1,3.9458
267,car,noise,1,1,3.2531
267,car,noise,3,1,6.0124
267,car,noise,2,1,3.3274
267,car,noise,1,0,3.9794
267,car,noise,3,1,4.2883
267,car,noise,2,1,6.7658
267,car,noise,2,1,2.7663
267,car,noise,2,1,3.0133
267,car,noise,2,1,5.8041
267,car,noise,2,1,6.5738
267,car,noise,3,1,5.3449
267,car,noise,3,1,3.1453
267,car,noise,1,1,9.1961
267,car,noise,3,1,4.6631
267,face,no_noise,1,1,4.6153
267,face,no_noise,2,1,3.6106
267,face,no_noise,1,1,2.3356
267,face,no_noise,3,1,1.8674
267,face,no_noise,3,1,2.648
267,face,no_noise,2,1,3.1095
267,face,no_noise,1,1,3.1114
267,face,no_noise,3,1,2.2745
267,face,no_noise,2,1,5.1915
267,face,no_noise,2,0,5.1567
267,face,no_noise,2,1,3.8971
267,face,no_noise,2,0,8.189
267,face,no_noise,2,1,3.9454
267,face,no_noise,2,0,2.868
267,face,no_noise,2,1,1.6656
267,face,no_noise,2,1,1.7282
267,face,no_noise,3,0,3.1092
267,face,no_noise,2,1,1.5121
267,face,no_noise,1,1,3.331
267,face,no_noise,2,0,2.7966
267,face,no_noise,1,1,1.9522
267,face,no_noise,2,1,1.9655
267,face,no_noise,2,1,2.8616
267,face,no_noise,1,1,2.6348
267,face,no_noise,3,1,3.2837
267,face,no_noise,2,0,3.7199
267,face,no_noise,2,1,2.2607
267,face,no_noise,1,1,2.2069
267,face,no_noise,1,1,4.3367000000000004
267,face,no_noise,3,1,2.1674
267,face,noise,2,1,3.0309
267,face,noise,3,1,4.1453
267,face,noise,1,1,2.1177
267,face,noise,1,1,2.4118
267,face,noise,3,1,4.5891
267,face,noise,1,1,2.9483
267,face,noise,2,1,1.4404
267,face,noise,1,1,3.3711
267,face,noise,2,1,2.1082
267,face,noise,2,1,1.4854
267,face,noise,2,1,2.992
267,face,noise,2,1,1.3676
267,face,noise,1,1,2.4985
267,face,noise,2,1,2.4022
267,face,noise,1,1,1.509
267,face,noise,2,1,2.5171
267,face,noise,3,1,2.6815
267,face,noise,1,1,4.298
267,face,noise,3,1,2.3006
267,face,noise,1,1,3.2428
267,face,noise,2,0,2.7574
267,face,noise,1,1,1.49
267,face,noise,1,1,2.5513
267,face,noise,1,0,5.3564
268,face,no_noise,1,1,2.4051
268,face,no_noise,2,1,2.0927
268,face,no_noise,3,0,1.961
268,face,no_noise,2,0,2.5018
268,face,no_noise,3,1,2.1039
268,face,no_noise,2,1,1.5903
268,face,no_noise,1,1,1.7003
268,face,no_noise,3,1,2.2437
268,face,no_noise,2,1,1.2877
268,face,no_noise,3,1,1.6881
268,face,no_noise,1,0,1.6709
268,face,no_noise,2,0,1.5338
268,face,no_noise,2,1,1.3693
268,face,no_noise,1,1,2.6446
268,face,no_noise,2,1,1.1538
268,face,no_noise,2,1,1.3663
268,face,no_noise,2,1,1.9384
268,face,no_noise,3,0,2.1071
268,face,no_noise,3,0,1.7257
268,face,no_noise,3,1,1.4186
268,face,no_noise,2,0,1.7682
268,face,no_noise,2,1,2.2193
268,face,no_noise,2,1,0.9433
268,face,no_noise,1,1,2.3525
268,face,no_noise,3,1,1.825
268,face,no_noise,1,1,2.1947
268,face,no_noise,3,0,1.9814
268,face,no_noise,2,0,0.9523
268,face,no_noise,1,1,1.5093
268,face,no_noise,3,1,2.1405
268,face,noise,3,0,3.5079
268,face,noise,1,0,1.41
268,face,noise,1,1,2.2004
268,face,noise,1,1,2.0018
268,face,noise,2,0,0.8982
268,face,noise,1,1,1.5925
268,face,noise,3,0,1.4949
268,face,noise,2,0,0.7156
268,face,noise,3,0,1.5226
268,face,noise,2,1,0.8329
268,face,noise,3,0,1.3851
268,face,noise,2,1,1.2819
268,face,noise,2,0,0.781
268,face,noise,2,1,0.8351
268,face,noise,1,1,1.073
268,face,noise,1,0,0.8178
268,face,noise,3,1,1.1891
268,face,noise,1,1,1.9147
268,face,noise,1,0,1.1942
268,face,noise,3,0,0.6871
268,face,noise,2,0,0.8523
268,face,noise,1,1,0.9536
268,face,noise,3,0,0.8021
268,face,noise,3,1,1.6393
268,car,no_noise,2,1,2.6619
268,car,no_noise,1,1,1.9843
268,car,no_noise,3,0,1.5698
268,car,no_noise,2,0,2.1976
268,car,no_noise,1,0,3.3471
268,car,no_noise,3,0,1.7947
268,car,no_noise,3,1,1.7516
268,car,no_noise,1,1,1.3024
268,car,no_noise,1,1,1.4655
268,car,no_noise,1,0,1.0973
268,car,no_noise,3,1,1.6211
268,car,no_noise,3,1,2.1495
268,car,no_noise,2,1,1.3682
268,car,no_noise,3,0,1.0988
268,car,no_noise,3,1,1.9034
268,car,no_noise,3,0,2.2025
268,car,no_noise,1,1,2.5046
268,car,no_noise,1,1,2.4306
268,car,no_noise,2,1,1.259
268,car,no_noise,3,0,1.286
268,car,no_noise,2,0,1.0475
268,car,no_noise,1,1,1.4449
268,car,no_noise,1,0,1.013
268,car,no_noise,3,0,1.7314
268,car,no_noise,2,1,2.4471
268,car,no_noise,2,0,1.049
268,car,no_noise,1,0,0.9316
268,car,no_noise,3,0,1.5357
268,car,no_noise,1,1,0.9025
268,car,no_noise,1,1,1.238
268,car,noise,3,0,1.9707
268,car,noise,1,0,0.82
268,car,noise,2,0,2.8656
268,car,noise,1,1,1.0106
268,car,noise,3,0,2.2438
268,car,noise,2,1,1.8945
268,car,noise,1,1,2.2484
268,car,noise,1,1,1.0882
268,car,noise,2,1,2.209
268,car,noise,2,0,1.6211
268,car,noise,1,1,0.9656
268,car,noise,3,1,1.6972
268,car,noise,1,0,1.291
268,car,noise,1,0,1.1056
268,car,noise,3,1,1.3727
268,car,noise,3,0,2.0482
268,car,noise,3,0,1.8402
268,car,noise,1,0,2.2062
268,car,noise,3,0,1.631
268,car,noise,2,1,1.7791
268,car,noise,3,1,2.0967
268,car,noise,2,0,1.5606
268,car,noise,3,0,1.2813
268,car,noise,3,1,1.1502
269,car,no_noise,3,0,15.0453
269,car,no_noise,1,1,7.3911
269,car,no_noise,3,0,6.3783
269,car,no_noise,2,0,14.6311
269,car,no_noise,1,0,7.7874
269,car,no_noise,3,0,7.6488
269,car,no_noise,3,1,7.7173
269,car,no_noise,1,1,9.7255
269,car,no_noise,1,1,9.9625
269,car,no_noise,3,1,11.4306
269,car,no_noise,3,1,8.1246
269,car,no_noise,3,1,7.1142
269,car,no_noise,2,1,8.809
269,car,no_noise,2,1,16.9729
269,car,no_noise,3,1,14.3682
269,car,no_noise,3,0,26.2519
269,car,no_noise,1,1,12.4412
269,car,no_noise,3,0,17.2593
269,car,no_noise,2,1,6.6747
269,car,no_noise,3,0,17.8105
269,car,no_noise,1,1,15.4725
269,car,no_noise,3,0,18.2381
269,car,no_noise,3,1,7.6091
269,car,no_noise,2,1,7.3127
269,car,no_noise,2,1,4.7303
269,car,no_noise,3,1,12.9282
269,car,no_noise,3,0,18.1347
269,car,no_noise,2,1,2.5055
269,car,no_noise,2,0,1.7927
269,car,no_noise,2,0,5.8845
269,car,noise,2,1,21.8714
269,car,noise,3,1,4.8124
269,car,noise,2,0,9.3619
269,car,noise,1,1,9.1109000000000009
269,car,noise,2,1,5.5349
269,car,noise,2,1,4.0682
269,car,noise,1,1,2.8717
269,car,noise,1,1,2.9469
269,car,noise,1,0,11.5774
269,car,noise,1,1,7.5689
269,car,noise,1,1,3.0394
269,car,noise,3,1,4.5452
269,car,noise,2,1,5.7822
269,car,noise,1,0,7.0061
269,car,noise,3,1,6.9379
269,car,noise,2,1,11.0974
269,car,noise,2,1,2.4612
269,car,noise,2,1,2.1872
269,car,noise,2,1,6.2701
269,car,noise,2,1,4.4103
269,car,noise,3,1,8.3562
269,car,noise,1,0,5.4366
269,car,noise,2,0,3.8923
269,car,noise,3,1,2.8373
269,face,no_noise,1,1,2.0648
269,face,no_noise,2,1,3.9232
269,face,no_noise,1,1,4.185
269,face,no_noise,3,1,3.6345
269,face,no_noise,2,0,5.3349
269,face,no_noise,2,1,5.1707
269,face,no_noise,1,1,7.0879
269,face,no_noise,3,1,2.9526
269,face,no_noise,2,1,2.1644
269,face,no_noise,3,1,11.0489
269,face,no_noise,2,1,1.6049
269,face,no_noise,3,1,3.7736
269,face,no_noise,2,1,10.6525
269,face,no_noise,1,1,3.0034
269,face,no_noise,2,1,3.621
269,face,no_noise,2,1,4.6283
269,face,no_noise,2,1,10.2592
269,face,no_noise,3,0,4.3772
269,face,no_noise,1,1,5.3574
269,face,no_noise,3,1,3.271
269,face,no_noise,2,0,4.3348
269,face,no_noise,2,1,4.3045
269,face,no_noise,2,1,5.9448
269,face,no_noise,3,0,6.9882
269,face,no_noise,3,1,4.125
269,face,no_noise,1,1,2.8953
269,face,no_noise,2,1,3.9025
269,face,no_noise,1,1,8.4862
269,face,no_noise,1,1,4.2149
269,face,no_noise,2,0,10.6163
269,face,noise,3,0,8.0893
269,face,noise,3,1,4.1629
269,face,noise,2,0,10.1662
269,face,noise,1,1,5.7404
269,face,noise,3,1,3.9678
269,face,noise,1,1,5.8517
269,face,noise,3,0,5.2699
269,face,noise,2,0,4.3176
269,face,noise,3,0,7.6504
269,face,noise,2,1,9.1114
269,face,noise,2,1,5.4017
269,face,noise,1,0,5.9936
269,face,noise,1,1,11.3993
269,face,noise,2,1,2.6341
269,face,noise,1,1,6.4533
269,face,noise,3,0,6.1982
269,face,noise,3,1,7.5853
269,face,noise,1,1,5.0971
269,face,noise,2,0,6.6744
269,face,noise,3,0,4.5707
269,face,noise,3,0,10.5872
269,face,noise,1,1,6.2035
269,face,noise,3,0,6.9598
269,face,noise,3,1,12.6133
270,car,no_noise,2,1,11.5596
270,car,no_noise,1,1,5.5163
270,car,no_noise,3,0,9.0548
270,car,no_noise,3,1,4.706
270,car,no_noise,2,1,3.5176
270,car,no_noise,3,0,4.138
270,car,no_noise,3,1,11.2509
270,car,no_noise,1,1,2.6356
270,car,no_noise,1,1,3.8302
270,car,no_noise,3,1,8.286
270,car,no_noise,1,0,16.2554
270,car,no_noise,3,1,5.3171
270,car,no_noise,2,1,4.0304
270,car,no_noise,1,0,6.405
270,car,no_noise,1,0,13.959
270,car,no_noise,3,0,4.9853
270,car,no_noise,1,1,7.2437
270,car,no_noise,2,0,4.8059
270,car,no_noise,3,0,5.9535
270,car,no_noise,3,0,3.0296
270,car,no_noise,3,0,3.6511
270,car,no_noise,3,0,3.1043
270,car,no_noise,3,1,6.9326
270,car,no_noise,2,1,10.2021
270,car,no_noise,1,0,8.7328
270,car,no_noise,2,0,4.1174
270,car,no_noise,2,1,4.9088
270,car,no_noise,2,1,8.3435
270,car,no_noise,2,0,11.6547
270,car,no_noise,1,1,2.173
270,car,noise,2,1,4.7872
270,car,noise,3,1,2.7181
270,car,noise,3,1,2.4702
270,car,noise,2,0,2.8204
270,car,noise,2,1,2.1092
270,car,noise,2,1,3.1744
270,car,noise,3,0,4.644
270,car,noise,1,1,2.0788
270,car,noise,1,0,1.7827
270,car,noise,1,1,3.7378
270,car,noise,1,1,6.2779
270,car,noise,3,1,3.2775
270,car,noise,2,1,3.5167
270,car,noise,1,0,1.7782
270,car,noise,3,1,2.7972
270,car,noise,2,1,2.4928
270,car,noise,2,1,5.6125
270,car,noise,2,1,2.6412
270,car,noise,2,1,5.3859
270,car,noise,2,1,5.0506
270,car,noise,2,0,3.344
270,car,noise,3,1,19.677
270,car,noise,3,0,1.9372
270,car,noise,3,1,5.9375
270,face,no_noise,1,1,8.6963
270,face,no_noise,1,0,4.0084
270,face,no_noise,1,1,3.9014
270,face,no_noise,3,1,5.9295
270,face,no_noise,2,0,3.6553
270,face,no_noise,3,0,2.9351
270,face,no_noise,1,1,3.4775
270,face,no_noise,3,1,4.7384
270,face,no_noise,2,1,3.9047
270,face,no_noise,3,1,4.9601
270,face,no_noise,2,1,4.6394
270,face,no_noise,2,0,3.8412
270,face,no_noise,3,0,3.581
270,face,no_noise,2,0,3.6537
270,face,no_noise,1,0,3.6659
270,face,no_noise,2,1,2.467
270,face,no_noise,3,0,2.5037
270,face,no_noise,2,1,9.3183
270,face,no_noise,1,1,3.4535
270,face,no_noise,1,0,3.5032
270,face,no_noise,2,0,5.5056
270,face,no_noise,2,1,2.0862
270,face,no_noise,2,1,3.7709
270,face,no_noise,1,1,2.7706
270,face,no_noise,1,0,3.2708
270,face,no_noise,1,1,3.5681
270,face,no_noise,2,1,2.0572
270,face,no_noise,2,0,4.9209
270,face,no_noise,1,1,3.7881
270,face,no_noise,3,1,4.9431
270,face,noise,2,1,4.5463
270,face,noise,1,0,1.8006
270,face,noise,1,1,1.9078
270,face,noise,3,0,2.7561
270,face,noise,2,0,2.0478
270,face,noise,1,1,1.7358
270,face,noise,3,0,3.104
270,face,noise,2,0,3.6876
270,face,noise,3,0,1.8622
270,face,noise,1,0,2.5947
270,face,noise,1,0,1.8369
270,face,noise,2,1,2.054
270,face,noise,3,0,2.0238
270,face,noise,2,1,1.235
270,face,noise,2,0,2.5513
270,face,noise,3,0,2.0673
270,face,noise,3,1,4.2909
270,face,noise,2,0,1.1146
270,face,noise,3,1,1.3913
270,face,noise,2,0,0.8264
270,face,noise,3,0,1.9207
270,face,noise,2,0,1.5924
270,face,noise,3,0,1.0823
270,face,noise,1,0,2.5795
271,face,no_noise,1,1,2.6029
271,face,no_noise,2,1,1.2676
271,face,no_noise,3,0,1.4206
271,face,no_noise,3,1,1.1993
271,face,no_noise,2,0,2.0797
271,face,no_noise,2,1,1.2131
271,face,no_noise,1,1,2.2418
271,face,no_noise,3,1,1.7636
271,face,no_noise,2,1,1.8292
271,face,no_noise,2,0,2.0131
271,face,no_noise,2,1,2.9017
271,face,no_noise,3,1,2.4822
271,face,no_noise,2,1,1.3133
271,face,no_noise,1,1,2.3158
271,face,no_noise,2,1,1.0315
271,face,no_noise,2,1,1.2516
271,face,no_noise,2,1,1.8803
271,face,no_noise,1,0,2.0458
271,face,no_noise,1,1,2.3804
271,face,no_noise,3,1,1.4627
271,face,no_noise,3,0,3.3009
271,face,no_noise,2,1,1.6121
271,face,no_noise,2,1,0.98
271,face,no_noise,3,0,3.9789
271,face,no_noise,3,1,1.6128
271,face,no_noise,2,0,1.2637
271,face,no_noise,2,1,1.2988
271,face,no_noise,3,0,1.5311
271,face,no_noise,1,1,3.3459
271,face,no_noise,3,1,3.7853
271,face,noise,2,1,3.1555
271,face,noise,2,0,1.0626
271,face,noise,1,1,2.6291
271,face,noise,1,1,2.8286
271,face,noise,3,1,3.0655
271,face,noise,1,1,1.8783
271,face,noise,3,0,2.3802
271,face,noise,3,0,3.6799
271,face,noise,1,0,3.2635
271,face,noise,2,1,1.3452
271,face,noise,1,0,2.4291
271,face,noise,2,1,2.0613
271,face,noise,2,0,2.2123
271,face,noise,2,1,2.9782
271,face,noise,1,1,2.4615
271,face,noise,2,1,2.493
271,face,noise,2,0,2.411
271,face,noise,1,1,2.5011
271,face,noise,2,0,2.0955
271,face,noise,1,1,2.5403
271,face,noise,1,1,2.5453
271,face,noise,2,0,2.7792
271,face,noise,1,1,2.0916
271,face,noise,1,0,2.8621
271,car,no_noise,3,0,1.7161
271,car,no_noise,1,1,2.1215
271,car,no_noise,3,0,2.3885
271,car,no_noise,3,1,1.9625
271,car,no_noise,1,0,2.5221
271,car,no_noise,1,1,3.355
271,car,no_noise,3,1,1.9228
271,car,no_noise,1,1,4.5936
271,car,no_noise,1,1,1.4457
271,car,no_noise,3,1,3.2223
271,car,no_noise,3,1,1.779
271,car,no_noise,1,0,4.3232
271,car,no_noise,3,0,2.045
271,car,no_noise,3,0,2.2748
271,car,no_noise,3,1,3.4782
271,car,no_noise,2,1,2.9559
271,car,no_noise,3,0,1.655
271,car,no_noise,1,1,1.6054
271,car,no_noise,2,1,2.433
271,car,no_noise,1,1,1.812
271,car,no_noise,1,1,2.8759
271,car,no_noise,3,0,2.2063
271,car,no_noise,1,0,2.4539
271,car,no_noise,2,1,2.3879
271,car,no_noise,1,0,0.9544
271,car,no_noise,3,1,3.8625
271,car,no_noise,3,0,3.9572
271,car,no_noise,2,1,2.8258
271,car,no_noise,1,1,1.7417
271,car,no_noise,2,0,2.878
271,car,noise,1,0,5.1968
271,car,noise,3,1,1.2664
271,car,noise,3,1,2.3671
271,car,noise,2,0,2.6061
271,car,noise,1,0,1.7704
271,car,noise,1,0,3.5495
271,car,noise,1,1,1.6183
271,car,noise,1,1,2.6792
271,car,noise,2,1,1.947
271,car,noise,1,1,1.7353
271,car,noise,2,0,2.6354
271,car,noise,1,0,2.9187
271,car,noise,3,0,3.3496
271,car,noise,3,1,2.0834
271,car,noise,1,0,3.785
271,car,noise,1,0,2.5818
271,car,noise,2,1,2.0308
271,car,noise,2,1,1.3521
271,car,noise,2,1,1.2668
271,car,noise,2,1,2.3744
271,car,noise,3,1,1.4479
271,car,noise,3,1,1.6189
271,car,noise,1,1,1.8836
271,car,noise,3,1,1.967
272,face,no_noise,1,1,5.446
272,face,no_noise,2,1,15.4491
272,face,no_noise,2,0,3.4459
272,face,no_noise,3,1,5.8913
272,face,no_noise,2,0,5.8494
272,face,no_noise,3,0,6.816
272,face,no_noise,1,1,6.1441
272,face,no_noise,3,1,3.8444
272,face,no_noise,1,0,4.7263
272,face,no_noise,3,1,4.3296
272,face,no_noise,2,1,8.8673
272,face,no_noise,2,0,7.2665
272,face,no_noise,3,0,7.645
272,face,no_noise,1,1,8.6905
272,face,no_noise,2,1,3.8465
272,face,no_noise,2,1,2.7698
272,face,no_noise,2,1,3.2647
272,face,no_noise,1,0,4.7327
272,face,no_noise,1,1,3.1857
272,face,no_noise,3,1,4.115
272,face,no_noise,2,0,4.3456
272,face,no_noise,2,1,2.4794
272,face,no_noise,2,1,3.718
272,face,no_noise,3,0,3.6753
272,face,no_noise,3,1,2.8342
272,face,no_noise,1,1,4.0048
272,face,no_noise,2,1,2.1993
272,face,no_noise,1,1,4.1397
272,face,no_noise,1,1,3.4857
272,face,no_noise,2,0,13.682
272,face,noise,2,1,6.294
272,face,noise,3,1,3.7253
272,face,noise,1,1,4.3721
272,face,noise,3,0,5.8133
272,face,noise,3,1,2.443
272,face,noise,1,1,3.8367
272,face,noise,3,0,6.604
272,face,noise,1,1,3.1353
272,face,noise,2,1,4.2304
272,face,noise,3,0,3.8315
272,face,noise,1,0,5.4868
272,face,noise,3,0,5.2792
272,face,noise,1,1,3.8978
272,face,noise,2,1,3.8145
272,face,noise,1,1,2.5475
272,face,noise,1,0,3.0399
272,face,noise,3,1,3.7464
272,face,noise,3,0,4.1168
272,face,noise,2,0,5.3782
272,face,noise,3,0,4.7303
272,face,noise,2,0,5.3595
272,face,noise,1,1,3.8995
272,face,noise,3,0,4.8602
272,face,noise,3,1,2.3823
272,car,no_noise,2,1,6.161
272,car,no_noise,1,1,2.1443
272,car,no_noise,3,0,3.384
272,car,no_noise,2,0,2.7303
272,car,no_noise,1,0,2.4081
272,car,no_noise,1,1,2.3781
272,car,no_noise,2,0,2.2897
272,car,no_noise,1,1,4.4075
272,car,no_noise,2,0,3.5419
272,car,no_noise,1,0,1.8585
272,car,no_noise,1,0,2.0893
272,car,no_noise,1,0,4.5047
272,car,no_noise,2,1,2.3908
272,car,no_noise,2,1,2.0096
272,car,no_noise,1,0,3.6994
272,car,no_noise,2,1,2.7767
272,car,no_noise,1,1,3.873
272,car,no_noise,1,1,2.2442
272,car,no_noise,2,1,2.1255
272,car,no_noise,1,1,2.3956
272,car,no_noise,3,0,3.59
272,car,no_noise,2,0,3.188
272,car,no_noise,2,0,2.7921
272,car,no_noise,2,1,2.1114
272,car,no_noise,2,1,2.9751
272,car,no_noise,2,0,2.3508
272,car,no_noise,1,0,2.3516
272,car,no_noise,1,0,2.8391
272,car,no_noise,1,1,1.9727
272,car,no_noise,2,0,3.8708
272,car,noise,1,0,4.1644
272,car,noise,1,0,4.1916
272,car,noise,2,0,4.6668
272,car,noise,1,1,4.7586
272,car,noise,2,1,3.3067
272,car,noise,2,1,2.4431
272,car,noise,3,0,4.6575
272,car,noise,1,1,2.0971
272,car,noise,1,0,2.0855
272,car,noise,1,1,2.9459
272,car,noise,2,0,3.1627
272,car,noise,3,1,4.4783
272,car,noise,2,1,4.0943
272,car,noise,3,1,4.6523
272,car,noise,3,1,2.7924
272,car,noise,1,0,3.5958
272,car,noise,3,0,3.4653
272,car,noise,2,1,4.3507
272,car,noise,2,1,3.4768
272,car,noise,3,0,2.455
272,car,noise,3,1,2.4633
272,car,noise,1,0,2.911
272,car,noise,2,0,1.9486
272,car,noise,1,0,3.968
273,car,no_noise,1,0,7.336
273,car,no_noise,1,1,3.8198
273,car,no_noise,3,0,2.8414
273,car,no_noise,1,0,5.2564
273,car,no_noise,2,1,3.1873
273,car,no_noise,1,1,4.8503
273,car,no_noise,3,1,3.8137
273,car,no_noise,1,1,2.7577
273,car,no_noise,1,1,3.4914
273,car,no_noise,3,1,4.7396
273,car,no_noise,1,0,3.7556
273,car,no_noise,1,0,2.359
273,car,no_noise,2,1,2.9345
273,car,no_noise,2,1,4.256
273,car,no_noise,2,0,2.904
273,car,no_noise,3,0,2.6147
273,car,no_noise,1,1,2.3714
273,car,no_noise,2,0,3.2558
273,car,no_noise,3,0,5.0737
273,car,no_noise,3,0,3.875
273,car,no_noise,3,0,3.8964
273,car,no_noise,3,0,3.3791
273,car,no_noise,2,0,2.3851
273,car,no_noise,2,1,2.9015
273,car,no_noise,2,1,3.3329
273,car,no_noise,2,0,2.3819
273,car,no_noise,2,1,2.974
273,car,no_noise,2,1,4.1403
273,car,no_noise,3,0,2.3471
273,car,no_noise,2,0,2.9218
273,car,noise,1,0,3.7039
273,car,noise,3,1,2.6934
273,car,noise,3,1,3.1006
273,car,noise,2,0,3.4282
273,car,noise,2,1,1.5655
273,car,noise,2,1,2.0586
273,car,noise,3,0,3.94
273,car,noise,1,1,1.8453
273,car,noise,1,0,1.349
273,car,noise,2,0,4.2745
273,car,noise,1,1,1.0254
273,car,noise,3,1,3.1159
273,car,noise,2,1,2.5839
273,car,noise,1,0,1.9246
273,car,noise,3,1,2.8914
273,car,noise,2,1,2.9237
273,car,noise,3,0,2.5949
273,car,noise,2,1,3.0587
273,car,noise,3,0,2.132
273,car,noise,3,0,2.882
273,car,noise,1,0,3.3814
273,car,noise,1,0,2.3413
273,car,noise,1,1,3.3203
273,car,noise,3,1,3.0059
273,face,no_noise,1,1,2.1456
273,face,no_noise,2,1,3.4573
273,face,no_noise,1,1,1.9159
273,face,no_noise,3,1,2.3549
273,face,no_noise,3,1,1.8114
273,face,no_noise,2,1,2.3398
273,face,no_noise,1,1,1.7529
273,face,no_noise,3,1,2.1062
273,face,no_noise,2,1,1.4518
273,face,no_noise,3,1,5.0548
273,face,no_noise,2,1,1.3539
273,face,no_noise,3,1,1.3501
273,face,no_noise,2,1,2.9071
273,face,no_noise,2,0,5.9057
273,face,no_noise,1,0,6.3151
273,face,no_noise,3,0,2.9507
273,face,no_noise,2,1,1.098
273,face,no_noise,1,0,3.0776
273,face,no_noise,1,1,2.0656
273,face,no_noise,3,1,2.1593
273,face,no_noise,1,1,1.8617
273,face,no_noise,2,1,3.2726
273,face,no_noise,2,1,2.8844
273,face,no_noise,1,1,1.9985
273,face,no_noise,3,1,2.1988
273,face,no_noise,1,1,3.6668
273,face,no_noise,2,1,2.2386
273,face,no_noise,1,1,2.6703
273,face,no_noise,1,1,1.6095
273,face,no_noise,3,1,2.0721
273,face,noise,2,1,2.8021
273,face,noise,3,1,1.7378
273,face,noise,3,0,1.8433
273,face,noise,1,1,1.2973
273,face,noise,3,1,1.8978
273,face,noise,1,1,1.7404
273,face,noise,2,1,1.4441
273,face,noise,1,1,2.1075
273,face,noise,3,0,2.0227
273,face,noise,3,0,2.5201
273,face,noise,2,1,1.6152
273,face,noise,2,1,1.4257
273,face,noise,1,1,1.5469
273,face,noise,2,1,2.1857
273,face,noise,2,0,5.717
273,face,noise,1,0,2.1458
273,face,noise,3,1,1.9155
273,face,noise,1,1,1.6381
273,face,noise,2,0,2.4795
273,face,noise,2,0,2.3899
273,face,noise,2,0,1.6313
273,face,noise,3,0,2.0769
273,face,noise,1,1,1.8297
273,face,noise,2,0,2.6015
274,face,no_noise,1,1,4.3452
274,face,no_noise,2,1,5.8477
274,face,no_noise,1,1,4.0258
274,face,no_noise,2,0,11.1304
274,face,no_noise,2,0,6.8945
274,face,no_noise,3,0,5.7774
274,face,no_noise,2,0,7.8208
274,face,no_noise,3,1,7.3052
274,face,no_noise,2,1,8.8842
274,face,no_noise,2,0,4.5727
274,face,no_noise,2,1,5.0185
274,face,no_noise,3,1,3.7168
274,face,no_noise,3,0,4.2531
274,face,no_noise,1,1,2.9112
274,face,no_noise,1,0,6.3884
274,face,no_noise,3,0,3.3157
274,face,no_noise,2,1,2.9453
274,face,no_noise,2,1,5.2478
274,face,no_noise,3,0,3.7609
274,face,no_noise,3,1,7.4159
274,face,no_noise,1,1,4.0117
274,face,no_noise,3,0,5.4611
274,face,no_noise,2,1,8.5994
274,face,no_noise,1,1,5.2121
274,face,no_noise,3,1,4.9405
274,face,no_noise,1,1,8.2808
274,face,no_noise,1,0,6.25
274,face,no_noise,2,0,8.4632
274,face,no_noise,1,1,6.6127
274,face,no_noise,2,0,4.4702
274,face,noise,2,1,4.8855
274,face,noise,3,1,4.3421
274,face,noise,1,1,5.6588
274,face,noise,3,0,5.9631
274,face,noise,1,0,6.1933
274,face,noise,1,1,6.8143
274,face,noise,3,0,8.165
274,face,noise,2,0,4.8829
274,face,noise,3,0,7.3059
274,face,noise,2,1,8.4099
274,face,noise,3,0,3.6134
274,face,noise,3,0,7.1439
274,face,noise,2,0,4.5654
274,face,noise,1,0,6.8104
274,face,noise,1,1,7.7367
274,face,noise,2,1,4.1476
274,face,noise,3,1,7.3883
274,face,noise,1,1,4.7949
274,face,noise,2,0,5.8151
274,face,noise,2,0,7.9095
274,face,noise,1,1,4.9666
274,face,noise,3,0,8.3817
274,face,noise,1,1,3.9073
274,face,noise,2,0,8.9317
274,car,no_noise,2,1,4.7941
274,car,no_noise,1,1,5.8366
274,car,no_noise,3,0,8.0759
274,car,no_noise,1,0,10.0043
274,car,no_noise,2,1,5.478
274,car,no_noise,1,1,9.9897
274,car,no_noise,1,0,6.1607
274,car,no_noise,1,1,5.5857
274,car,no_noise,1,1,4.6629
274,car,no_noise,3,1,4.0055
274,car,no_noise,3,1,4.8144
274,car,no_noise,2,0,9.9238
274,car,no_noise,2,1,6.9713
274,car,no_noise,2,1,9.409
274,car,no_noise,1,0,18.8575
274,car,no_noise,2,1,13.6293
274,car,no_noise,1,1,9.5242
274,car,no_noise,1,1,10.3993
274,car,no_noise,2,1,15.3048
274,car,no_noise,3,0,7.8657
274,car,no_noise,1,1,4.6453
274,car,no_noise,1,1,9.0575
274,car,no_noise,3,1,6.3967
274,car,no_noise,2,1,9.1075
274,car,no_noise,2,1,5.3041
274,car,no_noise,3,1,4.8913
274,car,no_noise,3,0,7.583
274,car,no_noise,3,0,5.1906
274,car,no_noise,3,0,4.9287
274,car,no_noise,1,1,4.1988
274,car,noise,2,1,4.9755
274,car,noise,3,1,6.8081
274,car,noise,3,1,3.4481
274,car,noise,1,1,6.3413
274,car,noise,2,1,5.9537
274,car,noise,2,1,6.2141
274,car,noise,1,1,4.2076
274,car,noise,1,1,3.769
274,car,noise,1,0,4.5668
274,car,noise,2,0,4.4451
274,car,noise,2,0,13.9776
274,car,noise,3,1,12.0726
274,car,noise,2,1,5.8056
274,car,noise,1,0,6.7133
274,car,noise,3,1,4.2708
274,car,noise,2,1,3.5753
274,car,noise,2,1,5.0025
274,car,noise,2,1,8.5218
274,car,noise,2,1,10.0715
274,car,noise,2,1,3.5737
274,car,noise,2,0,6.1448
274,car,noise,3,1,4.3602
274,car,noise,1,1,5.5721
274,car,noise,3,1,5.1753
276,face,no_noise,1,1,5.023
276,face,no_noise,1,0,5.487
276,face,no_noise,1,1,3.294
276,face,no_noise,3,1,5.158
276,face,no_noise,3,1,8
276,face,no_noise,2,1,2.52
276,face,no_noise,1,1,6.88
276,face,no_noise,3,1,4.594
276,face,no_noise,2,1,5.193
276,face,no_noise,3,1,2.718
276,face,no_noise,2,1,5.445
276,face,no_noise,3,1,6.983
276,face,no_noise,2,1,4.129
276,face,no_noise,1,1,7.152
276,face,no_noise,1,0,3.63
276,face,no_noise,1,0,0.293
276,face,no_noise,2,1,5.078
276,face,no_noise,2,1,2.982
276,face,no_noise,1,1,2.683
276,face,no_noise,1,0,3.603
276,face,no_noise,2,0,2.259
276,face,no_noise,2,1,2.247
276,face,no_noise,2,1,1.761
276,face,no_noise,1,1,2.559
276,face,no_noise,3,1,5.027
276,face,no_noise,1,1,2.68
276,face,no_noise,2,1,3.325
276,face,no_noise,1,1,4.083
276,face,no_noise,1,1,5.191
276,face,no_noise,2,0,3.894
276,face,noise,2,1,4.477
276,face,noise,2,0,3.474
276,face,noise,1,1,3.097
276,face,noise,1,1,1.498
276,face,noise,3,1,2.735
276,face,noise,2,0,4.908
276,face,noise,2,1,2.429
276,face,noise,1,1,2.686
276,face,noise,2,1,10.018
276,face,noise,2,1,3.729
276,face,noise,2,1,2.678
276,face,noise,2,1,2.501
276,face,noise,1,1,2.38
276,face,noise,2,1,2.876
276,face,noise,1,1,6.594
276,face,noise,2,1,10.03
276,face,noise,2,0,6.189
276,face,noise,1,1,2.872
276,face,noise,3,1,2.329
276,face,noise,1,1,2.167
276,face,noise,2,0,2.161
276,face,noise,2,0,4.097
276,face,noise,1,1,1.947
276,face,noise,2,0,2.755
276,car,no_noise,3,0,3.509
276,car,no_noise,1,1,4.171
276,car,no_noise,2,0,3.124
276,car,no_noise,3,1,3.3
276,car,no_noise,1,0,3.366
276,car,no_noise,1,1,2.59
276,car,no_noise,1,0,4.269
276,car,no_noise,1,1,2.904
276,car,no_noise,1,1,2.096
276,car,no_noise,2,0,1.904
276,car,no_noise,1,0,1.612
276,car,no_noise,3,1,4.027
276,car,no_noise,3,0,2.449
276,car,no_noise,1,0,2.362
276,car,no_noise,2,0,4.672
276,car,no_noise,2,1,5.773
276,car,no_noise,2,0,3.782
276,car,no_noise,2,0,2.334
276,car,no_noise,2,1,5.399
276,car,no_noise,1,1,4.135
276,car,no_noise,3,0,3.273
276,car,no_noise,1,1,7.422
276,car,no_noise,1,0,2.067
276,car,no_noise,2,1,1.989
276,car,no_noise,2,1,2.339
276,car,no_noise,2,0,3.502
276,car,no_noise,2,1,3.331
276,car,no_noise,2,1,4.635
276,car,no_noise,3,0,6.321
276,car,no_noise,1,1,3.573
276,car,noise,2,1,4.764
276,car,noise,1,0,5.052
276,car,noise,3,1,3.437
276,car,noise,2,0,3.312
276,car,noise,3,0,2.602
276,car,noise,2,1,2.281
276,car,noise,3,0,7.592
276,car,noise,1,1,5.386
276,car,noise,1,0,1.855
276,car,noise,1,1,3.603
276,car,noise,1,1,4.508
276,car,noise,1,0,5.031
276,car,noise,1,0,1.279
276,car,noise,1,0,2.663
276,car,noise,1,0,2.267
276,car,noise,1,0,2.347
276,car,noise,3,0,3.716
276,car,noise,2,1,1.399
276,car,noise,2,1,1.98
276,car,noise,3,0,3.203
276,car,noise,3,1,0.886
276,car,noise,1,0,1.936
276,car,noise,1,1,1.783
276,car,noise,3,1,6.117
277,car,no_noise,3,0,4.2643
277,car,no_noise,1,1,2.381
277,car,no_noise,1,1,4.4154
277,car,no_noise,1,0,2.9143
277,car,no_noise,2,1,3.5091
277,car,no_noise,3,0,4.382
277,car,no_noise,1,0,4.6881
277,car,no_noise,1,1,4.017
277,car,no_noise,1,1,4.0403
277,car,no_noise,3,1,2.6579
277,car,no_noise,3,1,2.6828
277,car,no_noise,1,0,3.5658
277,car,no_noise,2,1,1.1844
277,car,no_noise,3,0,4.4029
277,car,no_noise,2,0,2.6253
277,car,no_noise,2,1,2.8696
277,car,no_noise,1,1,3.3242
277,car,no_noise,2,0,1.9826
277,car,no_noise,2,1,1.5192
277,car,no_noise,1,1,1.5699
277,car,no_noise,2,0,4.1296
277,car,no_noise,1,1,1.4792
277,car,no_noise,2,0,4.1559
277,car,no_noise,1,0,5.439
277,car,no_noise,1,0,6.7154
277,car,no_noise,2,0,2.0604
277,car,no_noise,2,1,4.8975
277,car,no_noise,1,0,3.2421
277,car,no_noise,3,0,1.7282
277,car,no_noise,1,1,2.2014
277,car,noise,2,1,3.6666
277,car,noise,1,0,4.4134
277,car,noise,3,1,5.3377
277,car,noise,2,0,2.1936
277,car,noise,2,1,2.1239
277,car,noise,2,1,2.0931
277,car,noise,1,1,4.4916
277,car,noise,1,1,3.9086
277,car,noise,1,0,2.2791
277,car,noise,2,0,4.2063
277,car,noise,1,1,2.0433
277,car,noise,1,0,1.4187
277,car,noise,2,1,2.2844
277,car,noise,1,0,3.5946
277,car,noise,3,1,4.1147
277,car,noise,3,0,0.3132
277,car,noise,2,1,2.3636
277,car,noise,2,1,1.7631
277,car,noise,2,1,1.5907
277,car,noise,2,1,2.0232
277,car,noise,1,0,1.6069
277,car,noise,2,0,4.6186
277,car,noise,2,0,3.0974
277,car,noise,3,1,2.824
277,face,no_noise,1,1,3.6125
277,face,no_noise,2,1,3.5765
277,face,no_noise,1,1,2.2843
277,face,no_noise,3,1,2.463
277,face,no_noise,1,0,5.4353
277,face,no_noise,2,1,1.4517
277,face,no_noise,1,1,2.4489
277,face,no_noise,3,1,1.9651
277,face,no_noise,1,0,1.9538
277,face,no_noise,3,1,1.6608
277,face,no_noise,2,1,1.2465
277,face,no_noise,3,1,2.4769
277,face,no_noise,2,1,1.5171
277,face,no_noise,1,1,1.3155
277,face,no_noise,2,1,1.0136
277,face,no_noise,2,1,1.1653
277,face,no_noise,2,1,1.0378
277,face,no_noise,3,0,3.2611
277,face,no_noise,3,0,1.1385
277,face,no_noise,3,1,1.7987
277,face,no_noise,2,0,1.528
277,face,no_noise,2,1,0.9733
277,face,no_noise,3,0,1.2543
277,face,no_noise,3,0,2.1034
277,face,no_noise,1,0,1.8293
277,face,no_noise,1,1,0.9286
277,face,no_noise,2,1,1.2552
277,face,no_noise,2,0,2.4072
277,face,no_noise,1,1,0.9391
277,face,no_noise,3,1,1.4042
277,face,noise,2,1,2.7594
277,face,noise,3,1,4.3927
277,face,noise,1,1,2.0379
277,face,noise,1,1,0.8288
277,face,noise,3,1,1.4979
277,face,noise,1,1,1.3328
277,face,noise,3,0,1.3161
277,face,noise,2,0,1.4806
277,face,noise,3,0,2.7818
277,face,noise,2,1,1.0167
277,face,noise,1,0,1.8594
277,face,noise,3,0,1.2318
277,face,noise,1,1,1.593
277,face,noise,2,1,1.6435
277,face,noise,1,1,1.1471
277,face,noise,3,0,1.2369
277,face,noise,3,1,1.4993
277,face,noise,3,0,1.2809
277,face,noise,3,1,1.3345
277,face,noise,1,1,2.0222
277,face,noise,1,1,1.7679
277,face,noise,2,0,2.0679
277,face,noise,3,0,1.5326
277,face,noise,3,1,1.6485
278,face,no_noise,1,1,2.3671
278,face,no_noise,3,0,2.0334
278,face,no_noise,1,1,2.4205
278,face,no_noise,2,0,1.5668
278,face,no_noise,3,1,1.9758
278,face,no_noise,2,1,1.934
278,face,no_noise,1,1,2.6535
278,face,no_noise,3,1,1.8484
278,face,no_noise,2,1,1.8195
278,face,no_noise,3,1,1.8081
278,face,no_noise,1,0,2.6956
278,face,no_noise,3,1,1.9415
278,face,no_noise,2,1,2.9455
278,face,no_noise,1,1,2.0808
278,face,no_noise,2,1,2.064
278,face,no_noise,2,1,2.2095
278,face,no_noise,2,1,2.0456
278,face,no_noise,1,0,2.4975
278,face,no_noise,3,0,1.9268
278,face,no_noise,3,1,2.8288
278,face,no_noise,1,1,3.0029
278,face,no_noise,2,1,1.9252
278,face,no_noise,2,1,2.3497
278,face,no_noise,1,1,2.1928
278,face,no_noise,3,1,1.8754
278,face,no_noise,1,1,2.0158
278,face,no_noise,2,1,2.8281
278,face,no_noise,1,1,2.6348
278,face,no_noise,3,0,1.6657
278,face,no_noise,3,1,1.8596
278,face,noise,2,1,7.7576
278,face,noise,3,1,1.4927
278,face,noise,3,0,1.9645
278,face,noise,3,0,1.4148
278,face,noise,3,1,1.6578
278,face,noise,1,1,2.4488
278,face,noise,2,1,1.955
278,face,noise,1,1,2.7967
278,face,noise,1,0,2.8498
278,face,noise,2,1,2.5051
278,face,noise,2,1,2.3976
278,face,noise,2,1,2.9554
278,face,noise,1,1,2.5214
278,face,noise,1,0,3.6804
278,face,noise,1,1,1.697
278,face,noise,2,1,2.5657
278,face,noise,3,1,2.4718
278,face,noise,2,0,1.6996
278,face,noise,1,0,3.0158
278,face,noise,1,1,3.6805
278,face,noise,1,1,2.3324
278,face,noise,2,0,2.2537
278,face,noise,1,1,3.3647
278,face,noise,3,1,3.531
278,car,no_noise,2,1,1.1639
278,car,no_noise,1,1,3.5148
278,car,no_noise,1,1,1.3784
278,car,no_noise,3,1,2.8384
278,car,no_noise,2,1,1.6298
278,car,no_noise,1,1,0.9836
278,car,no_noise,3,1,3.1971
278,car,no_noise,1,1,0.9007
278,car,no_noise,1,1,2.0084
278,car,no_noise,3,1,2.3677
278,car,no_noise,1,0,0.9671
278,car,no_noise,3,1,1.7684
278,car,no_noise,2,1,1.6495
278,car,no_noise,1,0,2.5897
278,car,no_noise,3,1,3.1991
278,car,no_noise,2,1,2.1379
278,car,no_noise,1,1,3.0791
278,car,no_noise,2,0,2.8471
278,car,no_noise,3,0,3.0151
278,car,no_noise,3,0,2.1318
278,car,no_noise,1,1,2.8791
278,car,no_noise,1,1,1.0852
278,car,no_noise,3,1,2.1366
278,car,no_noise,3,0,2.2592
278,car,no_noise,2,1,2.1798
278,car,no_noise,3,1,2.6819
278,car,no_noise,2,1,1.3381
278,car,no_noise,3,0,2.8649
278,car,no_noise,1,1,2.3817
278,car,no_noise,1,1,1.3005
278,car,noise,2,1,5.4313
278,car,noise,3,1,2.944
278,car,noise,3,1,1.7669
278,car,noise,1,1,2.4653
278,car,noise,2,1,1.0885
278,car,noise,2,1,1.7972
278,car,noise,3,0,1.8552
278,car,noise,1,1,0.8
278,car,noise,1,0,0.9169
278,car,noise,1,1,1.848
278,car,noise,1,1,2.5999
278,car,noise,3,1,1.4473
278,car,noise,2,1,3.9626
278,car,noise,1,0,0.9504
278,car,noise,3,1,2.049
278,car,noise,2,1,1.5851
278,car,noise,3,0,4.0264
278,car,noise,2,1,1.5764
278,car,noise,3,0,5.2441
278,car,noise,2,1,1.9969
278,car,noise,1,0,3.8827
278,car,noise,3,1,3.9878
278,car,noise,2,0,5.4091
278,car,noise,3,1,1.2458
279,car,no_noise,2,1,5.3888
279,car,no_noise,1,1,7.5666
279,car,no_noise,3,0,6.7062
279,car,no_noise,3,1,6.2346
279,car,no_noise,2,1,6.8377
279,car,no_noise,3,0,6.8886
279,car,no_noise,3,1,9.2241
279,car,no_noise,1,1,4.234
279,car,no_noise,1,1,6.7924
279,car,no_noise,1,0,14.2381
279,car,no_noise,1,0,9.7118
279,car,no_noise,3,1,3.9334
279,car,no_noise,2,1,6.8398
279,car,no_noise,1,0,11.8962
279,car,no_noise,3,1,6.9238
279,car,no_noise,3,0,6.1072
279,car,no_noise,1,1,10.1406
279,car,no_noise,2,0,5.832
279,car,no_noise,2,1,10.5788
279,car,no_noise,3,0,4.1571
279,car,no_noise,3,0,6.0466
279,car,no_noise,1,1,10.144
279,car,no_noise,1,0,20.1393
279,car,no_noise,2,1,4.381
279,car,no_noise,2,1,12.9331
279,car,no_noise,2,0,4.8451
279,car,no_noise,2,1,4.1619
279,car,no_noise,3,0,4.802
279,car,no_noise,2,0,5.0803
279,car,no_noise,1,1,3.7956
279,car,noise,2,1,5.8569
279,car,noise,1,0,2.7388
279,car,noise,3,1,3.5435
279,car,noise,2,0,7.2974
279,car,noise,2,1,7.5381
279,car,noise,2,1,3.8487
279,car,noise,1,1,11.3499
279,car,noise,1,1,6.1918
279,car,noise,1,0,5.1598
279,car,noise,1,1,2.9168
279,car,noise,2,0,5.9763
279,car,noise,3,1,2.8777
279,car,noise,2,1,3.0411
279,car,noise,3,1,12.8661
279,car,noise,3,1,2.0905
279,car,noise,2,1,4.3668
279,car,noise,2,1,3.7344
279,car,noise,2,1,2.8255
279,car,noise,2,1,12.9921
279,car,noise,2,1,4.9333
279,car,noise,3,1,2.5122
279,car,noise,3,1,20.0432
279,car,noise,3,0,8.1777
279,car,noise,3,1,4.1706
279,face,no_noise,1,1,3.1587
279,face,no_noise,2,1,4.0693
279,face,no_noise,1,1,3.9452
279,face,no_noise,2,0,2.2747
279,face,no_noise,3,1,3.9539
279,face,no_noise,3,0,2.8096
279,face,no_noise,1,1,3.715
279,face,no_noise,3,1,3.9577
279,face,no_noise,2,1,3.9014
279,face,no_noise,2,0,3.0178
279,face,no_noise,2,1,4.5855
279,face,no_noise,3,1,3.0945
279,face,no_noise,3,0,4.2601
279,face,no_noise,1,1,7.5054
279,face,no_noise,2,1,4.1519
279,face,no_noise,3,0,4.6148
279,face,no_noise,2,1,2.0697
279,face,no_noise,2,1,2.5714
279,face,no_noise,2,0,3.9345
279,face,no_noise,3,1,2.3108
279,face,no_noise,2,0,2.8526
279,face,no_noise,3,0,5.9942
279,face,no_noise,2,1,3.9685
279,face,no_noise,1,1,3.5589
279,face,no_noise,3,1,3.3133
279,face,no_noise,1,1,4.4359
279,face,no_noise,2,1,7.9286
279,face,no_noise,1,1,4.8946
279,face,no_noise,1,1,6.8338
279,face,no_noise,2,0,3.893
279,face,noise,2,1,6.5847
279,face,noise,1,0,4.0861
279,face,noise,1,1,4.1064
279,face,noise,1,1,5.7573
279,face,noise,2,0,5.6601
279,face,noise,1,1,5.17
279,face,noise,3,0,4.582
279,face,noise,1,1,3.3009
279,face,noise,3,0,2.8077
279,face,noise,3,0,3.9217
279,face,noise,3,0,4.8435
279,face,noise,3,0,4.3195
279,face,noise,3,0,5.4973
279,face,noise,2,1,6.2113
279,face,noise,1,1,4.2393
279,face,noise,3,0,2.7164
279,face,noise,3,1,4.4725
279,face,noise,2,0,3.5973
279,face,noise,3,1,4.3082
279,face,noise,3,0,6.7037
279,face,noise,1,1,5.3835
279,face,noise,2,0,4.6455
279,face,noise,3,0,5.2983
279,face,noise,3,1,8.5161
280,face,no_noise,1,1,3.0672
280,face,no_noise,2,1,2.2576
280,face,no_noise,3,0,3.2062
280,face,no_noise,2,0,3.6467
280,face,no_noise,3,1,1.5985
280,face,no_noise,1,0,4.03
280,face,no_noise,1,1,3.2061
280,face,no_noise,3,1,1.8366
280,face,no_noise,2,1,2.2142
280,face,no_noise,3,1,1.7869
280,face,no_noise,2,1,3.3139
280,face,no_noise,2,0,6.6807
280,face,no_noise,3,0,3.0628
280,face,no_noise,2,0,2.557
280,face,no_noise,2,1,3.3562
280,face,no_noise,3,0,5.147
280,face,no_noise,2,1,1.3794
280,face,no_noise,2,1,3.9474
280,face,no_noise,1,1,2.2853
280,face,no_noise,3,1,1.9341
280,face,no_noise,1,1,2.6714
280,face,no_noise,2,1,2.604
280,face,no_noise,2,1,6.2305
280,face,no_noise,1,1,2.7148
280,face,no_noise,3,1,3.9466
280,face,no_noise,1,1,4.1168
280,face,no_noise,2,1,2.5705
280,face,no_noise,1,1,3.4648
280,face,no_noise,1,1,4.0004
280,face,no_noise,3,1,1.6383
280,face,noise,2,1,2.3194
280,face,noise,3,1,1.9642
280,face,noise,3,0,4.0004
280,face,noise,1,1,2.2122
280,face,noise,3,1,1.4297
280,face,noise,1,1,1.5282
280,face,noise,2,1,1.8828
280,face,noise,1,1,2.2719
280,face,noise,1,0,5.8006
280,face,noise,2,1,3.1963
280,face,noise,1,0,8.2145
280,face,noise,3,0,8.0329
280,face,noise,3,0,3.9036
280,face,noise,3,0,7.7495
280,face,noise,1,1,2.6148
280,face,noise,3,0,6.4885
280,face,noise,3,1,3.9027
280,face,noise,1,1,2.6954
280,face,noise,3,1,2.4462
280,face,noise,3,0,2.7462
280,face,noise,1,1,6.1834
280,face,noise,1,1,7.1018
280,face,noise,1,1,2.8042
280,face,noise,3,1,2.2815
280,car,no_noise,2,1,3.4919
280,car,no_noise,1,1,2.3305
280,car,no_noise,3,0,3.2979
280,car,no_noise,3,1,9.5367
280,car,no_noise,2,1,2.6318
280,car,no_noise,3,0,2.8986
280,car,no_noise,1,0,4.2557
280,car,no_noise,3,0,4.0693
280,car,no_noise,1,1,3.5506
280,car,no_noise,3,1,4.8167
280,car,no_noise,3,1,3.0502
280,car,no_noise,3,1,2.5991
280,car,no_noise,2,1,2.2667
280,car,no_noise,2,1,1.65
280,car,no_noise,2,0,3.9485
280,car,no_noise,3,0,2.3315
280,car,no_noise,2,0,2.521
280,car,no_noise,2,0,2.0236
280,car,no_noise,3,0,7.6649
280,car,no_noise,3,0,7.7998
280,car,no_noise,3,0,3.3427
280,car,no_noise,1,1,2.6041
280,car,no_noise,3,1,4.907
280,car,no_noise,2,1,3.005
280,car,no_noise,2,1,4.9568
280,car,no_noise,3,1,6.303
280,car,no_noise,2,1,2.6669
280,car,no_noise,2,1,2.2668
280,car,no_noise,3,0,4.9335
280,car,no_noise,2,0,2.0669
280,car,noise,2,1,2.4746
280,car,noise,3,1,3.3951
280,car,noise,2,0,1.7634
280,car,noise,1,1,1.6609
280,car,noise,2,1,1.6822
280,car,noise,2,1,4.667
280,car,noise,3,0,2.3189
280,car,noise,1,1,1.4106
280,car,noise,1,0,1.9267
280,car,noise,3,0,5.1629
280,car,noise,1,1,1.9251
280,car,noise,3,1,2.698
280,car,noise,2,1,4.4897
280,car,noise,1,0,2.7035
280,car,noise,3,1,13.4942
280,car,noise,2,1,2.4993
280,car,noise,2,1,11.2307
280,car,noise,2,1,8.8335
280,car,noise,2,1,4.441
280,car,noise,3,0,2.7646
280,car,noise,1,0,2.5575
280,car,noise,1,0,1.5155
280,car,noise,1,1,5.6
280,car,noise,3,1,2.8941
282,face,no_noise,1,1,6.837
282,face,no_noise,2,1,4.7342
282,face,no_noise,1,1,5.9196
282,face,no_noise,2,0,5.0342
282,face,no_noise,3,1,6.1502
282,face,no_noise,2,1,3.7162
282,face,no_noise,1,1,2.6347
282,face,no_noise,3,1,4.5362
282,face,no_noise,2,1,3.6159
282,face,no_noise,3,1,2.7511
282,face,no_noise,2,1,4.2992
282,face,no_noise,3,1,6.7871
282,face,no_noise,2,1,4.5669
282,face,no_noise,1,1,6.7537
282,face,no_noise,3,0,6.6333
282,face,no_noise,2,1,6.6178
282,face,no_noise,2,1,3.1153
282,face,no_noise,2,1,4.9858
282,face,no_noise,3,0,5.4365
282,face,no_noise,3,1,4.9387
282,face,no_noise,2,0,3.1819
282,face,no_noise,2,1,2.8145
282,face,no_noise,2,1,3.0861
282,face,no_noise,3,0,4.4366
282,face,no_noise,3,1,5.6171
282,face,no_noise,1,1,2.3316
282,face,no_noise,2,1,3.3883
282,face,no_noise,2,0,3.3825
282,face,no_noise,1,1,2.8333
282,face,no_noise,2,0,3.634
282,face,noise,2,1,3.8078
282,face,noise,3,1,7.5881
282,face,noise,2,0,5.5346
282,face,noise,1,1,3.0978
282,face,noise,2,0,3.0544
282,face,noise,1,1,4.0513
282,face,noise,3,0,3.0784
282,face,noise,2,0,3.3689
282,face,noise,2,1,3.5032
282,face,noise,2,1,2.0167
282,face,noise,1,0,3.5165
282,face,noise,3,0,3.6166
282,face,noise,3,0,2.7199
282,face,noise,2,1,5.2817
282,face,noise,1,1,6.0982
282,face,noise,2,1,3.5635
282,face,noise,3,1,2.0854
282,face,noise,1,1,2.1348
282,face,noise,3,1,4.3502
282,face,noise,3,0,2.9332
282,face,noise,3,0,3.7685
282,face,noise,1,1,1.7974
282,face,noise,3,0,2.9005
282,face,noise,2,0,4.0153
282,car,no_noise,3,0,7.4154
282,car,no_noise,1,1,3.8757
282,car,no_noise,3,0,2.7385
282,car,no_noise,3,1,3.4052
282,car,no_noise,2,1,6.21
282,car,no_noise,1,1,3.2711
282,car,no_noise,3,1,2.7394
282,car,no_noise,1,1,4.505
282,car,no_noise,1,1,2.5889
282,car,no_noise,1,0,3.8595
282,car,no_noise,3,1,4.4565
282,car,no_noise,3,1,3.4543
282,car,no_noise,2,1,6.2699
282,car,no_noise,1,0,4.2582
282,car,no_noise,2,0,3.1885
282,car,no_noise,2,1,4.8572
282,car,no_noise,2,0,5.2063
282,car,no_noise,1,1,3.1739
282,car,no_noise,2,1,4.7736
282,car,no_noise,1,1,2.2717
282,car,no_noise,3,0,4.0412
282,car,no_noise,1,1,3.6217
282,car,no_noise,3,1,3.3052
282,car,no_noise,2,1,6.5093
282,car,no_noise,2,1,2.4537
282,car,no_noise,2,0,3.341
282,car,no_noise,1,0,3.487
282,car,no_noise,1,0,2.7751
282,car,no_noise,3,0,2.7883
282,car,no_noise,1,1,4.1708
282,car,noise,2,1,3.753
282,car,noise,1,0,5.7979
282,car,noise,3,1,2.7176
282,car,noise,2,0,2.9849
282,car,noise,2,1,2.1517
282,car,noise,2,1,2.5975
282,car,noise,3,0,2.6053
282,car,noise,1,1,2.087
282,car,noise,1,0,2.1829
282,car,noise,1,1,1.8676
282,car,noise,1,1,3.8519
282,car,noise,3,1,2.953
282,car,noise,2,1,3.9016
282,car,noise,3,1,3.3364
282,car,noise,2,0,3.0376
282,car,noise,2,1,4.7495
282,car,noise,1,0,2.3081
282,car,noise,3,0,3.6701
282,car,noise,2,1,1.7686
282,car,noise,3,0,3.4518
282,car,noise,2,0,3.1852
282,car,noise,1,0,2.0349
282,car,noise,2,0,1.8167
282,car,noise,2,0,3.0337
283,face,no_noise,1,1,24.5527
283,face,no_noise,2,1,7.9502
283,face,no_noise,1,1,5.1058
283,face,no_noise,2,0,7.4709
283,face,no_noise,1,0,4.9875
283,face,no_noise,1,0,6.0197
283,face,no_noise,2,0,24.2374
283,face,no_noise,3,1,7.2139
283,face,no_noise,3,0,4.8009
283,face,no_noise,2,0,3.305
283,face,no_noise,2,1,5.4797
283,face,no_noise,3,1,12.5891
283,face,no_noise,3,0,11.6305
283,face,no_noise,1,1,3.6696
283,face,no_noise,2,1,10.6608
283,face,no_noise,3,0,2.7149
283,face,no_noise,2,1,2.9315
283,face,no_noise,1,0,3.3544
283,face,no_noise,2,0,1.957
283,face,no_noise,3,1,1.6052
283,face,no_noise,1,1,4.3385
283,face,no_noise,2,1,5.7956
283,face,no_noise,3,0,4.6638
283,face,no_noise,3,0,7.1152
283,face,no_noise,1,0,2.8317
283,face,no_noise,1,1,4.9976
283,face,no_noise,2,1,1.4003
283,face,no_noise,2,0,4.4844
283,face,no_noise,3,0,4.016
283,face,no_noise,3,1,3.0501
283,face,noise,3,0,5.6093
283,face,noise,1,0,4.0716
283,face,noise,1,1,5.8693
283,face,noise,2,0,3.5587
283,face,noise,2,0,4.0075
283,face,noise,2,0,1.2943
283,face,noise,3,0,4.9373
283,face,noise,2,0,2.2431
283,face,noise,2,1,3.7233
283,face,noise,3,0,2.988
283,face,noise,2,1,4.4781
283,face,noise,3,0,2.3387
283,face,noise,2,0,2.9373
283,face,noise,1,0,3.2586
283,face,noise,3,0,2.8297
283,face,noise,2,1,4.3522
283,face,noise,3,1,2.9622
283,face,noise,3,0,3.2711
283,face,noise,1,0,3.4372
283,face,noise,2,0,2.3878
283,face,noise,1,1,6.3722
283,face,noise,3,0,12.6447
283,face,noise,3,0,5.0679
283,face,noise,3,1,2.7224
283,car,no_noise,3,0,3.769
283,car,no_noise,1,1,10.7051
283,car,no_noise,2,0,6.1091
283,car,no_noise,2,0,3.9538
283,car,no_noise,1,0,3.9738
283,car,no_noise,3,0,8.1592
283,car,no_noise,2,0,12.0222
283,car,no_noise,1,1,7.0251
283,car,no_noise,1,1,2.8787
283,car,no_noise,3,1,3.2851
283,car,no_noise,3,1,2.1873
283,car,no_noise,3,1,4.9985
283,car,no_noise,2,1,2.0321
283,car,no_noise,1,0,6.9425
283,car,no_noise,3,1,7.941
283,car,no_noise,3,0,5.7637
283,car,no_noise,2,0,10.3249
283,car,no_noise,2,0,4.6011
283,car,no_noise,2,1,14.6946
283,car,no_noise,3,0,3.2345
283,car,no_noise,1,1,6.8747
283,car,no_noise,1,1,2.8029
283,car,no_noise,3,1,2.2409
283,car,no_noise,2,1,5.938
283,car,no_noise,2,1,2.9312
283,car,no_noise,2,0,2.5307
283,car,no_noise,2,1,2.9781
283,car,no_noise,2,1,2.9307
283,car,no_noise,3,0,2.7681
283,car,no_noise,2,0,7.664
283,car,noise,2,1,5.4204
283,car,noise,3,1,3.6142
283,car,noise,3,1,6.7823
283,car,noise,2,0,4.8811
283,car,noise,2,1,2.3555
283,car,noise,2,1,2.1232
283,car,noise,3,0,4.4967
283,car,noise,3,0,3.8412
283,car,noise,1,0,3.3476
283,car,noise,1,1,4.6815
283,car,noise,1,1,3.3966
283,car,noise,3,1,4.1874
283,car,noise,1,0,4.1676
283,car,noise,3,1,9.0522
283,car,noise,3,1,2.353
283,car,noise,2,1,3.7903
283,car,noise,3,0,3.0951
283,car,noise,2,1,2.2177
283,car,noise,2,1,3.8261
283,car,noise,2,1,6.5036
283,car,noise,2,0,2.4767
283,car,noise,1,0,1.4291
283,car,noise,1,1,2.2891
283,car,noise,3,1,6.4476
284,car,no_noise,1,0,10.4182
284,car,no_noise,1,1,11.4189
284,car,no_noise,3,0,6.0457
284,car,no_noise,3,1,11.7495
284,car,no_noise,2,1,4.5322
284,car,no_noise,3,0,3.75
284,car,no_noise,3,1,4.7687
284,car,no_noise,1,1,4.3156
284,car,no_noise,1,1,4.024700001
284,car,no_noise,3,1,7.565
284,car,no_noise,3,1,5.541299999
284,car,no_noise,1,0,4.2831
284,car,no_noise,3,0,10.3894
284,car,no_noise,1,0,17.4282
284,car,no_noise,1,0,11.5983
284,car,no_noise,3,0,11.6908
284,car,no_noise,1,1,7.0105
284,car,no_noise,2,0,5.8198
284,car,no_noise,3,0,12.0881
284,car,no_noise,3,0,6.319400001
284,car,no_noise,3,0,4.753400001
284,car,no_noise,1,1,3.4079
284,car,no_noise,3,1,11.5228
284,car,no_noise,3,0,4.8766
284,car,no_noise,2,1,9.693599999
284,car,no_noise,2,0,7.269400001
284,car,no_noise,2,1,4.492299999
284,car,no_noise,2,1,8.428
284,car,no_noise,3,0,5.5493
284,car,no_noise,1,1,4.7173
284,car,noise,2,1,7.6949
284,car,noise,3,1,8.8009
284,car,noise,3,1,4.353400001
284,car,noise,3,0,8.8631
284,car,noise,2,1,6.389599999
284,car,noise,2,1,5.3411
284,car,noise,3,0,7.6235
284,car,noise,1,1,6.6867
284,car,noise,3,0,13.487
284,car,noise,3,0,4.1685
284,car,noise,1,1,5.3343
284,car,noise,3,1,6.451700001
284,car,noise,1,0,11.3153
284,car,noise,1,0,6.226
284,car,noise,3,1,7.7458
284,car,noise,2,1,5.2625
284,car,noise,3,0,5.7065
284,car,noise,2,1,4.5731
284,car,noise,3,0,2.3802
284,car,noise,3,0,7.3051
284,car,noise,1,0,4.2295
284,car,noise,3,1,11.1984
284,car,noise,3,0,2.3122
284,car,noise,3,1,2.8722
284,face,no_noise,1,1,3.0229
284,face,no_noise,2,1,2.004
284,face,no_noise,1,1,3.8983
284,face,no_noise,2,0,4.7424
284,face,no_noise,3,1,6.507599999
284,face,no_noise,2,1,2.4241
284,face,no_noise,1,1,3.104599999
284,face,no_noise,3,1,3.1047
284,face,no_noise,2,1,1.762900001
284,face,no_noise,3,1,2.526700001
284,face,no_noise,2,1,1.4446
284,face,no_noise,3,1,1.8327
284,face,no_noise,2,1,1.1447
284,face,no_noise,1,1,1.9802
284,face,no_noise,2,1,1.8533
284,face,no_noise,2,1,2.348400001
284,face,no_noise,2,1,1.9283
284,face,no_noise,2,1,1.543400001
284,face,no_noise,1,1,4.1932
284,face,no_noise,3,1,2.2763
284,face,no_noise,1,1,3.424900001
284,face,no_noise,2,1,3.5157
284,face,no_noise,2,1,1.4682
284,face,no_noise,1,1,2.2713
284,face,no_noise,3,1,1.9788
284,face,no_noise,1,1,1.6457
284,face,no_noise,2,1,2.943799999
284,face,no_noise,2,0,1.7028
284,face,no_noise,1,1,1.8054
284,face,no_noise,3,1,2.0348
284,face,noise,3,0,6.315799999
284,face,noise,3,1,1.7943
284,face,noise,3,0,3.1609
284,face,noise,1,1,1.620099999
284,face,noise,3,1,2.110599999
284,face,noise,1,1,2.9455
284,face,noise,2,1,1.814900001
284,face,noise,1,1,1.3735
284,face,noise,2,1,3.0195
284,face,noise,2,1,1.9375
284,face,noise,2,1,1.919599999
284,face,noise,2,1,1.5696
284,face,noise,1,1,2.1315
284,face,noise,2,1,1.3136
284,face,noise,1,1,1.094799999
284,face,noise,2,1,2.7786
284,face,noise,3,1,1.9149
284,face,noise,1,1,3.5088
284,face,noise,3,1,2.929200001
284,face,noise,2,0,1.3472
284,face,noise,1,1,2.3105
284,face,noise,1,1,1.9637
284,face,noise,1,1,3.285599999
284,face,noise,2,0,2.0344
286,car,no_noise,2,1,18.282
286,car,no_noise,2,0,6.61
286,car,no_noise,1,1,5.293
286,car,no_noise,3,1,8.122
286,car,no_noise,3,0,7.521
286,car,no_noise,1,1,4.871
286,car,no_noise,3,1,4.623
286,car,no_noise,1,1,3.113
286,car,no_noise,1,1,13.538
286,car,no_noise,1,0,6.255
286,car,no_noise,3,1,3.59
286,car,no_noise,2,0,5.608
286,car,no_noise,2,1,5.805
286,car,no_noise,2,1,6.715
286,car,no_noise,2,0,4.724
286,car,no_noise,3,0,6.44
286,car,no_noise,1,1,10.222
286,car,no_noise,3,0,9.827
286,car,no_noise,2,1,4.855
286,car,no_noise,3,0,5.558
286,car,no_noise,1,1,4.892
286,car,no_noise,3,0,5.778
286,car,no_noise,2,0,5.243
286,car,no_noise,3,0,3.922
286,car,no_noise,2,1,4.856
286,car,no_noise,3,1,2.726
286,car,no_noise,3,0,2.296
286,car,no_noise,2,1,4.979
286,car,no_noise,3,0,2.991
286,car,no_noise,3,0,8.106
286,car,noise,3,0,5.105
286,car,noise,2,0,3.75
286,car,noise,1,0,5.187
286,car,noise,1,1,1.924
286,car,noise,3,0,3.867
286,car,noise,2,1,4.403
286,car,noise,1,1,2.717
286,car,noise,1,1,2.584
286,car,noise,1,0,2.321
286,car,noise,2,0,3.186
286,car,noise,1,1,15.986
286,car,noise,1,0,2.007
286,car,noise,2,1,3.019
286,car,noise,1,0,2.91
286,car,noise,1,0,5.237
286,car,noise,3,0,3.086
286,car,noise,1,0,2.435
286,car,noise,3,0,3.269
286,car,noise,2,1,1.771
286,car,noise,3,0,3.954
286,car,noise,2,0,2.381
286,car,noise,2,0,2.155
286,car,noise,3,0,2.984
286,car,noise,1,0,2.287
286,face,no_noise,1,1,4.57
286,face,no_noise,2,1,4.877
286,face,no_noise,3,0,2.845
286,face,no_noise,2,0,4.864
286,face,no_noise,3,1,5.88
286,face,no_noise,2,1,5.428
286,face,no_noise,1,1,2.655
286,face,no_noise,2,0,5.164
286,face,no_noise,2,1,1.712
286,face,no_noise,2,0,3.951
286,face,no_noise,2,1,3.496
286,face,no_noise,1,0,2.578
286,face,no_noise,3,0,3.764
286,face,no_noise,2,0,2.88
286,face,no_noise,1,0,2.996
286,face,no_noise,2,1,3.428
286,face,no_noise,3,0,36.861
286,face,no_noise,3,0,3.027
286,face,no_noise,1,1,4.861
286,face,no_noise,1,0,4.645
286,face,no_noise,2,0,1.928
286,face,no_noise,2,1,1.945
286,face,no_noise,2,1,2.919
286,face,no_noise,3,0,3.044
286,face,no_noise,3,1,3.178
286,face,no_noise,2,0,1.467
286,face,no_noise,2,1,5.832
286,face,no_noise,1,1,4.145
286,face,no_noise,1,1,4.837
286,face,no_noise,2,0,4.981
286,face,noise,3,0,5.035
286,face,noise,2,0,3.962
286,face,noise,2,0,2.101
286,face,noise,1,1,3.548
286,face,noise,2,0,4.06
286,face,noise,1,1,2.844
286,face,noise,3,0,3.098
286,face,noise,2,0,4.463
286,face,noise,3,0,2.946
286,face,noise,1,0,3.449
286,face,noise,1,0,2.663
286,face,noise,1,0,4.432
286,face,noise,3,0,4.026
286,face,noise,2,1,4.995
286,face,noise,1,1,8.327
286,face,noise,3,0,4.143
286,face,noise,3,1,6.503
286,face,noise,3,0,3.666
286,face,noise,2,0,1.862
286,face,noise,3,0,8.396
286,face,noise,3,0,3.413
286,face,noise,3,0,4.166
286,face,noise,3,0,4.963
286,face,noise,3,1,4.227
287,car,no_noise,2,1,5.9058
287,car,no_noise,2,0,4.9612
287,car,no_noise,3,0,3.308
287,car,no_noise,3,1,7.0585
287,car,no_noise,1,0,5.2117000000000004
287,car,no_noise,3,0,3.9121
287,car,no_noise,3,1,4.0945
287,car,no_noise,1,1,3.7539
287,car,no_noise,1,1,6.2277
287,car,no_noise,1,0,4.8969
287,car,no_noise,1,0,3.9794
287,car,no_noise,3,1,2.966
287,car,no_noise,2,1,2.3611
287,car,no_noise,2,1,2.7139
287,car,no_noise,3,1,3.0769
287,car,no_noise,3,0,3.5497
287,car,no_noise,1,1,3.1595
287,car,no_noise,3,0,4.7746
287,car,no_noise,2,1,2.5056
287,car,no_noise,1,1,7.6566
287,car,no_noise,1,1,3.4498
287,car,no_noise,3,0,3.8245
287,car,no_noise,2,0,6.4835
287,car,no_noise,2,1,2.9943
287,car,no_noise,1,0,3.1791
287,car,no_noise,2,0,1.8831
287,car,no_noise,3,0,3.2916
287,car,no_noise,2,1,2.7507
287,car,no_noise,3,0,2.6958
287,car,no_noise,2,0,2.2634
287,car,noise,1,0,6.5886
287,car,noise,3,1,5.4648
287,car,noise,2,0,4.2047
287,car,noise,2,0,3.8278
287,car,noise,2,1,6.2064
287,car,noise,2,1,2.4055
287,car,noise,3,0,5.9322
287,car,noise,1,1,3.5103
287,car,noise,2,1,1.5122
287,car,noise,1,1,2.0225
287,car,noise,1,1,2.607
287,car,noise,3,1,3.5077
287,car,noise,1,0,6.2759
287,car,noise,1,0,1.8246
287,car,noise,3,1,2.4776
287,car,noise,2,1,6.0598
287,car,noise,3,0,4.1267
287,car,noise,2,1,3.108
287,car,noise,2,1,2.9631
287,car,noise,1,0,3.1731
287,car,noise,3,1,4.6872
287,car,noise,3,1,5.8903
287,car,noise,1,1,4.0435
287,car,noise,3,1,4.6409
287,face,no_noise,1,1,2.6923
287,face,no_noise,2,1,2.7902
287,face,no_noise,1,1,2.5629
287,face,no_noise,1,0,5.5093
287,face,no_noise,3,1,3.2782
287,face,no_noise,2,1,1.7173
287,face,no_noise,1,1,1.4821
287,face,no_noise,3,1,3.0709
287,face,no_noise,2,1,2.226
287,face,no_noise,3,1,4.9211
287,face,no_noise,2,1,1.393
287,face,no_noise,3,1,2.6126
287,face,no_noise,2,1,0.9214
287,face,no_noise,1,1,2.1448
287,face,no_noise,2,1,4.663
287,face,no_noise,2,1,1.8087
287,face,no_noise,2,1,1.8774
287,face,no_noise,2,1,3.1168
287,face,no_noise,1,1,1.9362
287,face,no_noise,3,1,2.1291
287,face,no_noise,1,1,1.5617
287,face,no_noise,2,1,1.364
287,face,no_noise,2,1,3.4484
287,face,no_noise,1,1,6.2802
287,face,no_noise,3,1,1.9484
287,face,no_noise,1,1,1.3618
287,face,no_noise,2,1,2.3443
287,face,no_noise,1,1,2.9009
287,face,no_noise,1,1,1.4568
287,face,no_noise,3,1,1.8681
287,face,noise,3,0,4.4282
287,face,noise,3,1,3.7772
287,face,noise,1,1,3.2958
287,face,noise,1,1,1.3804
287,face,noise,3,1,5.0357
287,face,noise,1,1,1.518
287,face,noise,2,1,1.618
287,face,noise,1,1,1.381
287,face,noise,1,0,2.6024
287,face,noise,2,1,3.3951
287,face,noise,2,1,2.5625
287,face,noise,1,0,1.2165
287,face,noise,1,1,1.6378
287,face,noise,2,1,1.4212
287,face,noise,1,1,1.3277
287,face,noise,2,1,4.4272
287,face,noise,3,1,4.343
287,face,noise,1,1,1.5614
287,face,noise,3,1,3.5523
287,face,noise,1,1,1.7127
287,face,noise,1,1,3.1698
287,face,noise,1,1,1.6016
287,face,noise,1,1,1.5324
287,face,noise,1,0,2.7203
289,car,no_noise,3,0,2.9314
289,car,no_noise,3,0,2.6896
289,car,no_noise,3,0,0.4176
289,car,no_noise,3,1,0.5185
289,car,no_noise,2,1,1.1388
289,car,no_noise,1,1,0.755
289,car,no_noise,2,0,0.8011
289,car,no_noise,1,1,0.5926
289,car,no_noise,3,0,0.6221
289,car,no_noise,3,1,2.1671
289,car,no_noise,1,0,1.1016
289,car,no_noise,3,1,1.6343
289,car,no_noise,2,1,1.0679
289,car,no_noise,1,0,2.7842
289,car,no_noise,3,1,2.1681
289,car,no_noise,3,0,1.9668
289,car,no_noise,2,0,1.2677
289,car,no_noise,1,1,2.0226
289,car,no_noise,2,1,2.3395
289,car,no_noise,1,1,1.6512
289,car,no_noise,3,0,2.1705
289,car,no_noise,3,0,3.1008
289,car,no_noise,3,1,1.0667
289,car,no_noise,2,1,3.0169
289,car,no_noise,2,1,2.0153
289,car,no_noise,2,0,1.1186
289,car,no_noise,2,1,1.1198
289,car,no_noise,2,1,0.7673
289,car,no_noise,3,0,3.1187
289,car,no_noise,2,0,2.2672
289,car,noise,1,0,5.6426
289,car,noise,3,1,2.4103
289,car,noise,2,0,4.3041
289,car,noise,2,0,2.7828
289,car,noise,2,1,1.7339
289,car,noise,2,1,1.3452
289,car,noise,1,1,6.6672
289,car,noise,1,1,1.4866
289,car,noise,1,0,1.3659
289,car,noise,1,1,0.8853
289,car,noise,1,1,1.818
289,car,noise,1,0,1.5187
289,car,noise,2,1,1.7515
289,car,noise,1,0,1.3358
289,car,noise,1,0,1.3182
289,car,noise,1,0,2.6634
289,car,noise,2,1,1.184
289,car,noise,2,1,1.7724
289,car,noise,3,0,2.9343
289,car,noise,2,1,4.6568
289,car,noise,2,0,1.1463
289,car,noise,3,1,6.5528
289,car,noise,2,0,3.0064
289,car,noise,2,0,3.2082
289,face,no_noise,1,1,7.0946
289,face,no_noise,2,1,2.0467
289,face,no_noise,1,1,1.6308
289,face,no_noise,2,0,2.1502
289,face,no_noise,2,0,4.6806
289,face,no_noise,3,0,4.1084
289,face,no_noise,1,1,5.5859
289,face,no_noise,3,1,2.3645
289,face,no_noise,1,0,3.581
289,face,no_noise,3,1,2.1134
289,face,no_noise,1,0,1.5821
289,face,no_noise,2,0,3.1129
289,face,no_noise,3,0,1.9516
289,face,no_noise,1,1,5.4996
289,face,no_noise,2,1,1.2877
289,face,no_noise,3,0,4.5131
289,face,no_noise,3,0,3.1981
289,face,no_noise,1,0,2.7341
289,face,no_noise,3,0,2.6866
289,face,no_noise,3,1,1.3144
289,face,no_noise,2,0,1.9487
289,face,no_noise,2,1,1.2044
289,face,no_noise,2,1,2.8005
289,face,no_noise,1,1,4.4308
289,face,no_noise,1,0,1.4814
289,face,no_noise,1,1,1.351
289,face,no_noise,2,1,4.267
289,face,no_noise,2,0,4.6793
289,face,no_noise,1,1,1.314
289,face,no_noise,3,1,2.9178
289,face,noise,2,1,4.1498
289,face,noise,1,0,1.9129
289,face,noise,3,0,3.1511
289,face,noise,3,0,3.598
289,face,noise,3,1,1.4316
289,face,noise,1,1,2.5158
289,face,noise,1,0,3.4131
289,face,noise,2,0,1.4975
289,face,noise,3,0,2.3346
289,face,noise,2,1,1.0355
289,face,noise,1,0,2.1738
289,face,noise,1,0,1.5965
289,face,noise,2,0,1.5972
289,face,noise,2,1,2.365
289,face,noise,2,0,1.598
289,face,noise,3,0,2.3643
289,face,noise,2,0,2.9476
289,face,noise,1,1,4.6815
289,face,noise,3,1,1.8479
289,face,noise,2,0,1.4147
289,face,noise,2,0,2.9142
289,face,noise,1,1,1.659
289,face,noise,3,0,1.4468
289,face,noise,3,1,2.2199
290,car,no_noise,3,0,7.5943
290,car,no_noise,2,0,7.6048
290,car,no_noise,2,0,8.5948
290,car,no_noise,2,0,7.317
290,car,no_noise,3,0,15.2052
290,car,no_noise,3,0,12.1417
290,car,no_noise,3,1,4.746
290,car,no_noise,2,0,3.4464
290,car,no_noise,2,0,18.5118
290,car,no_noise,3,1,4.457
290,car,no_noise,1,0,5.392
290,car,no_noise,1,0,1.5813
290,car,no_noise,2,1,3.099
290,car,no_noise,1,0,6.5285
290,car,no_noise,1,0,3.3124
290,car,no_noise,3,0,17.7017
290,car,no_noise,2,0,3.9773
290,car,no_noise,2,0,2.4616
290,car,no_noise,1,0,7.9965
290,car,no_noise,3,0,11.4849
290,car,no_noise,3,0,18.1828
290,car,no_noise,2,0,8.596
290,car,no_noise,3,1,8.2957
290,car,no_noise,3,0,4.8186
290,car,no_noise,1,0,16.6314
290,car,no_noise,1,0,3.381
290,car,no_noise,3,0,12.0814
290,car,no_noise,1,0,11.2442
290,car,no_noise,2,0,4.7125
290,car,no_noise,3,0,3.1675
290,car,noise,1,0,23.9888
290,car,noise,3,1,14.5094
290,car,noise,1,0,7.5984
290,car,noise,2,0,8.8232
290,car,noise,1,0,5.0035
290,car,noise,3,0,10.5936
290,car,noise,2,0,3.3617
290,car,noise,2,0,12.2605
290,car,noise,3,0,6.7101
290,car,noise,3,0,1.3927
290,car,noise,3,0,10.9699
290,car,noise,2,0,6.99
290,car,noise,3,0,7.8605
290,car,noise,3,1,12.6862
290,car,noise,2,0,8.0895
290,car,noise,3,0,8.0909
290,car,noise,2,1,10.9855
290,car,noise,3,0,7.747
290,car,noise,3,0,7.545
290,car,noise,1,0,10.8575
290,car,noise,1,0,12.0442
290,car,noise,3,1,12.9949
290,car,noise,2,0,9.8426
290,car,noise,1,0,4.3559
290,face,no_noise,1,1,2.8271
290,face,no_noise,2,1,6.1175
290,face,no_noise,1,1,2.8195
290,face,no_noise,3,1,2.7011
290,face,no_noise,3,1,4.3442
290,face,no_noise,2,1,3.2104
290,face,no_noise,1,1,3.3521
290,face,no_noise,3,1,2.4676
290,face,no_noise,2,1,2.6723
290,face,no_noise,3,1,6.4391
290,face,no_noise,2,1,2.6507
290,face,no_noise,3,1,3.2501
290,face,no_noise,3,0,4.1508
290,face,no_noise,1,1,3.885
290,face,no_noise,2,1,2.1615
290,face,no_noise,2,1,3.4784
290,face,no_noise,2,1,3.8174
290,face,no_noise,2,1,6.8684
290,face,no_noise,1,1,6.5893
290,face,no_noise,3,1,2.874
290,face,no_noise,1,1,6.2337
290,face,no_noise,2,1,3.4346
290,face,no_noise,2,1,5.6205
290,face,no_noise,3,0,6.6177
290,face,no_noise,3,1,2.525
290,face,no_noise,1,1,7.5197
290,face,no_noise,2,1,3.4796
290,face,no_noise,1,1,3.2341
290,face,no_noise,1,1,2.9642
290,face,no_noise,2,0,2.8342
290,face,noise,2,1,5.4674
290,face,noise,3,1,2.5812
290,face,noise,1,1,3.2341
290,face,noise,1,1,3.8007
290,face,noise,3,1,6.0668
290,face,noise,1,1,2.8008
290,face,noise,3,0,3.3446
290,face,noise,1,1,1.8383
290,face,noise,2,1,4.9172
290,face,noise,2,1,2.7725
290,face,noise,1,0,5.8343
290,face,noise,2,1,2.6195
290,face,noise,1,1,2.4345
290,face,noise,2,1,6.1675
290,face,noise,1,1,3.0899
290,face,noise,2,1,2.7509
290,face,noise,3,1,2.3803
290,face,noise,1,1,5.1032
290,face,noise,3,1,2.1389
290,face,noise,1,1,2.0009
290,face,noise,2,0,3.9509
290,face,noise,1,1,3.2507
290,face,noise,1,1,3.5196
290,face,noise,2,0,4.5341
293,face,no_noise,1,1,6.7685
293,face,no_noise,2,1,4.7129
293,face,no_noise,3,0,5.8088
293,face,no_noise,3,1,4.8104
293,face,no_noise,2,0,6.8851
293,face,no_noise,3,0,4.3462
293,face,no_noise,1,1,4.7575
293,face,no_noise,3,1,6.615
293,face,no_noise,1,0,5.7592
293,face,no_noise,2,0,4.977
293,face,no_noise,1,0,5.0953
293,face,no_noise,2,0,5.8153
293,face,no_noise,3,0,6.2117000000000004
293,face,no_noise,2,0,3.533
293,face,no_noise,3,0,8.6324
293,face,no_noise,3,0,4.0287
293,face,no_noise,3,0,4.4228
293,face,no_noise,1,0,5.523
293,face,no_noise,1,1,4.2935
293,face,no_noise,3,1,7.625
293,face,no_noise,3,0,3.7205
293,face,no_noise,2,1,4.0287
293,face,no_noise,2,1,6.4801
293,face,no_noise,3,0,2.8823
293,face,no_noise,2,0,6.2174
293,face,no_noise,1,1,4.3951
293,face,no_noise,2,1,5.9105
293,face,no_noise,2,0,3.3072
293,face,no_noise,1,1,2.5384
293,face,no_noise,2,0,4.6694
293,face,noise,1,0,6.5326
293,face,noise,2,0,3.5708
293,face,noise,1,1,2.8013
293,face,noise,3,0,4.7805
293,face,noise,3,1,4.1931
293,face,noise,2,0,3.9842
293,face,noise,3,0,4.6755
293,face,noise,2,0,5.0735
293,face,noise,1,0,5.8262
293,face,noise,3,0,4.4801
293,face,noise,2,1,3.8226
293,face,noise,1,0,3.9813
293,face,noise,3,0,2.6771
293,face,noise,2,1,4.5867000000000004
293,face,noise,1,1,4.3864
293,face,noise,3,0,5.1777
293,face,noise,1,0,5.0657
293,face,noise,2,0,6.4059
293,face,noise,2,0,6.8302
293,face,noise,2,0,4.934
293,face,noise,1,1,3.6437
293,face,noise,1,1,3.6752
293,face,noise,3,0,5.791
293,face,noise,2,0,5.7573
293,car,no_noise,1,0,8.866
293,car,no_noise,1,1,6.6206
293,car,no_noise,1,1,5.842
293,car,no_noise,2,0,4.6035
293,car,no_noise,2,1,4.2338
293,car,no_noise,3,0,10.7181
293,car,no_noise,2,0,4.5763
293,car,no_noise,1,1,4.9104
293,car,no_noise,1,1,4.6297
293,car,no_noise,3,1,7.4915
293,car,no_noise,3,1,7.819
293,car,no_noise,3,1,7.6192
293,car,no_noise,2,1,6.4168
293,car,no_noise,2,1,5.3523
293,car,no_noise,3,1,5.4507
293,car,no_noise,2,1,5.8225
293,car,no_noise,1,1,5.297
293,car,no_noise,2,0,5.34
293,car,no_noise,2,1,9.5944
293,car,no_noise,3,0,9.7556
293,car,no_noise,3,0,5.8102
293,car,no_noise,3,0,10.0166
293,car,no_noise,2,0,5.4426
293,car,no_noise,2,1,10.7546
293,car,no_noise,1,0,7.7127
293,car,no_noise,2,0,7.0586
293,car,no_noise,2,1,8.3639
293,car,no_noise,1,0,7.0355
293,car,no_noise,3,0,5.6679
293,car,no_noise,2,0,7.1173
293,car,noise,1,0,6.8239
293,car,noise,1,0,4.4634
293,car,noise,3,1,11.5961
293,car,noise,1,1,4.4514
293,car,noise,2,1,4.2035
293,car,noise,2,1,3.4867
293,car,noise,1,1,12.9651
293,car,noise,1,1,4.5236
293,car,noise,2,1,3.8571
293,car,noise,1,1,2.8085
293,car,noise,1,1,4.5022
293,car,noise,3,1,4.4658
293,car,noise,1,0,7.463
293,car,noise,1,0,2.6805
293,car,noise,3,1,3.2488
293,car,noise,2,1,3.0473
293,car,noise,3,0,9.9573
293,car,noise,2,1,4.3072
293,car,noise,2,1,8.7651
293,car,noise,2,1,3.7742
293,car,noise,1,0,5.3482
293,car,noise,1,0,4.648
293,car,noise,3,0,7.6705
293,car,noise,3,1,3.1442
294,car,no_noise,3,0,5.5602
294,car,no_noise,2,0,4.1688
294,car,no_noise,3,0,10.1415
294,car,no_noise,1,0,8.7107
294,car,no_noise,2,1,1.8926
294,car,no_noise,3,0,2.7803
294,car,no_noise,2,0,3.1293
294,car,no_noise,1,1,2.649
294,car,no_noise,3,0,3.24
294,car,no_noise,2,0,2.9397
294,car,no_noise,3,1,1.7374
294,car,no_noise,2,0,3.1209
294,car,no_noise,3,0,2.0824
294,car,no_noise,3,0,4.2141
294,car,no_noise,1,0,3.7393
294,car,no_noise,1,0,1.6077
294,car,no_noise,3,0,3.1776
294,car,no_noise,2,0,6.0653
294,car,no_noise,3,0,3.1042
294,car,no_noise,1,1,2.9238
294,car,no_noise,2,0,1.987
294,car,no_noise,3,0,1.7776
294,car,no_noise,1,0,2.4509
294,car,no_noise,3,0,2.046
294,car,no_noise,3,0,2.2464
294,car,no_noise,1,0,1.9635
294,car,no_noise,2,1,1.9567
294,car,no_noise,3,0,2.4476
294,car,no_noise,2,0,1.7838
294,car,no_noise,3,0,2.0861
294,car,noise,2,1,2.5763
294,car,noise,2,0,2.2678
294,car,noise,3,1,2.3056
294,car,noise,2,0,2.875
294,car,noise,3,0,3.7618
294,car,noise,2,1,2.796
294,car,noise,1,1,2.4754
294,car,noise,3,0,1.7071
294,car,noise,1,0,2.461
294,car,noise,3,0,2.4869
294,car,noise,2,0,4.422
294,car,noise,2,0,2.9055
294,car,noise,2,1,3.3094
294,car,noise,1,0,1.9924
294,car,noise,3,1,2.1449
294,car,noise,2,1,2.3375
294,car,noise,3,0,3.3435
294,car,noise,2,1,1.9628
294,car,noise,3,0,1.3306
294,car,noise,2,1,2.6143
294,car,noise,3,1,3.1747
294,car,noise,2,0,2.8428
294,car,noise,1,1,3.6996000000000002
294,car,noise,3,1,2.1928
294,face,no_noise,1,1,1.6827
294,face,no_noise,2,1,2.1655
294,face,no_noise,1,1,1.6098
294,face,no_noise,3,1,2.8616
294,face,no_noise,3,1,3.0977
294,face,no_noise,3,0,2.6969
294,face,no_noise,1,1,1.9662
294,face,no_noise,3,1,1.863
294,face,no_noise,2,1,1.4101
294,face,no_noise,2,0,3.4101
294,face,no_noise,2,1,2.0939
294,face,no_noise,3,1,1.162
294,face,no_noise,2,1,3.4788
294,face,no_noise,1,1,2.0982
294,face,no_noise,2,1,1.9603
294,face,no_noise,2,1,2.0253
294,face,no_noise,2,1,2.6101
294,face,no_noise,1,0,2.6158
294,face,no_noise,3,0,2.0795
294,face,no_noise,3,1,1.2305
294,face,no_noise,3,0,3.3978
294,face,no_noise,2,1,1.5216
294,face,no_noise,3,0,3.4983
294,face,no_noise,1,1,1.9865
294,face,no_noise,3,1,1.9735
294,face,no_noise,3,0,3.3288
294,face,no_noise,2,1,2.1266
294,face,no_noise,1,1,3.146
294,face,no_noise,1,1,1.2005
294,face,no_noise,3,1,3.042
294,face,noise,2,1,4.8094
294,face,noise,3,1,2.4764
294,face,noise,1,1,4.042
294,face,noise,3,0,2.273
294,face,noise,1,0,2.7486
294,face,noise,1,1,1.1404
294,face,noise,2,1,2.208
294,face,noise,1,1,2.2594
294,face,noise,2,1,2.4628
294,face,noise,2,1,1.2726
294,face,noise,3,0,6.5599
294,face,noise,2,1,2.4964
294,face,noise,1,1,2.5655
294,face,noise,1,0,3.063
294,face,noise,2,0,1.221
294,face,noise,3,0,4.8561
294,face,noise,3,1,1.2151
294,face,noise,2,0,3.3013
294,face,noise,3,1,2.9762
294,face,noise,2,0,2.5107
294,face,noise,1,1,1.5582
294,face,noise,2,0,2.3592
294,face,noise,2,0,3.0753
294,face,noise,3,1,3.5017
295,car,no_noise,3,0,7.4478
295,car,no_noise,1,1,4.2891
295,car,no_noise,3,0,16.8224
295,car,no_noise,1,0,8.5625
295,car,no_noise,1,0,25.9254
295,car,no_noise,3,0,8.9523
295,car,no_noise,1,0,10.2493
295,car,no_noise,1,1,4.8381
295,car,no_noise,1,1,6.8497
295,car,no_noise,3,1,13.1742
295,car,no_noise,1,0,4.2289
295,car,no_noise,3,1,4.1274
295,car,no_noise,2,1,5.1891
295,car,no_noise,2,1,6.5781
295,car,no_noise,3,1,4.7803
295,car,no_noise,2,1,4.6663
295,car,no_noise,1,1,12.1647
295,car,no_noise,2,0,15.6756
295,car,no_noise,2,1,6.2037
295,car,no_noise,3,0,2.9176
295,car,no_noise,1,1,5.8
295,car,no_noise,1,1,42.9323
295,car,no_noise,2,0,8.845
295,car,no_noise,3,0,15.9715
295,car,no_noise,1,0,7.3323
295,car,no_noise,3,1,3.7113
295,car,no_noise,3,0,8.2302
295,car,no_noise,2,1,6.0499
295,car,no_noise,3,0,6.4401
295,car,no_noise,1,1,10.4579
295,car,noise,3,0,13.2532
295,car,noise,3,1,12.5025
295,car,noise,3,1,6.0601
295,car,noise,2,0,4.1302
295,car,noise,2,1,3.9331
295,car,noise,2,1,3.3739
295,car,noise,1,1,6.0756
295,car,noise,2,0,6.4154
295,car,noise,1,0,5.5588
295,car,noise,1,1,3.2574
295,car,noise,1,1,4.2718
295,car,noise,3,1,4.2484
295,car,noise,2,1,5.3981
295,car,noise,3,1,6.9735
295,car,noise,3,1,6.0976
295,car,noise,2,1,5.6006
295,car,noise,1,0,4.8892
295,car,noise,2,1,4.5075
295,car,noise,2,1,2.442
295,car,noise,2,1,6.8364
295,car,noise,3,1,3.6219
295,car,noise,3,1,7.0063
295,car,noise,3,0,29.4115
295,car,noise,3,1,6.3192
295,face,no_noise,1,1,2.6644
295,face,no_noise,3,0,32.773
295,face,no_noise,1,1,3.2134
295,face,no_noise,3,1,29.2452
295,face,no_noise,3,1,5.3498
295,face,no_noise,3,0,11.9561
295,face,no_noise,1,1,21.9374
295,face,no_noise,1,0,18.5669
295,face,no_noise,2,1,2.4067
295,face,no_noise,3,1,3.2494
295,face,no_noise,1,0,6.1058
295,face,no_noise,3,1,4.9688
295,face,no_noise,3,0,6.6595
295,face,no_noise,2,0,4.0711
295,face,no_noise,2,1,4.0637
295,face,no_noise,3,0,4.9597
295,face,no_noise,3,0,4.9843
295,face,no_noise,2,1,2.8647
295,face,no_noise,3,0,5.2747
295,face,no_noise,1,0,9.5433
295,face,no_noise,1,1,1.8068
295,face,no_noise,2,1,3.8619
295,face,no_noise,2,1,7.4604
295,face,no_noise,1,1,1.9982
295,face,no_noise,3,1,2.6345
295,face,no_noise,1,1,3.3541
295,face,no_noise,2,1,3.7228
295,face,no_noise,1,1,4.1499
295,face,no_noise,3,0,3.9341
295,face,no_noise,3,1,11.4686
295,face,noise,2,1,8.0662
295,face,noise,1,0,5.1381
295,face,noise,3,0,3.4592
295,face,noise,3,0,3.0003
295,face,noise,1,0,2.3391
295,face,noise,1,1,6.2477
295,face,noise,3,0,3.7956
295,face,noise,2,0,5.6166
295,face,noise,3,0,5.9796
295,face,noise,2,1,2.7135
295,face,noise,1,0,15.3526
295,face,noise,2,1,4.8739
295,face,noise,3,0,4.719
295,face,noise,2,1,3.3388
295,face,noise,2,0,7.3676
295,face,noise,2,1,2.7887
295,face,noise,3,1,4.1379
295,face,noise,3,0,9.5275
295,face,noise,3,1,6.946
295,face,noise,2,0,4.5118
295,face,noise,1,1,3.4939
295,face,noise,1,1,3.2489
295,face,noise,1,1,3.3219
295,face,noise,3,1,3.764
297,face,no_noise,1,1,2.5619
297,face,no_noise,2,1,1.9762
297,face,no_noise,1,1,2.3684
297,face,no_noise,3,1,3.5274
297,face,no_noise,1,0,5.08
297,face,no_noise,3,0,5.6144
297,face,no_noise,1,1,6.9447
297,face,no_noise,3,1,2.5308
297,face,no_noise,2,1,3.9661
297,face,no_noise,2,0,5.6935
297,face,no_noise,2,1,2.8662
297,face,no_noise,3,1,8.5158
297,face,no_noise,3,0,5.5282
297,face,no_noise,1,1,2.453
297,face,no_noise,2,1,2.7128
297,face,no_noise,3,0,7.1526
297,face,no_noise,2,1,4.8863
297,face,no_noise,1,0,6.2122
297,face,no_noise,3,0,3.241
297,face,no_noise,3,1,2.2834
297,face,no_noise,3,0,6.9856
297,face,no_noise,2,1,5.4679
297,face,no_noise,2,1,7.8424
297,face,no_noise,3,0,2.5178
297,face,no_noise,3,1,2.9224
297,face,no_noise,2,0,6.5847
297,face,no_noise,2,1,7.693
297,face,no_noise,1,1,6.7903
297,face,no_noise,1,1,1.844
297,face,no_noise,3,1,3.8727
297,face,noise,2,1,4.5676
297,face,noise,3,1,2.071
297,face,noise,3,0,2.1269
297,face,noise,3,0,4.6566
297,face,noise,3,1,5.5531
297,face,noise,1,1,2.3875
297,face,noise,2,1,4.2976
297,face,noise,1,1,3.2612
297,face,noise,3,0,9.3603
297,face,noise,2,1,3.4471
297,face,noise,2,1,3.5311
297,face,noise,2,1,2.9388
297,face,noise,1,1,3.0607
297,face,noise,2,1,2.988
297,face,noise,1,1,1.8334
297,face,noise,2,1,2.4937
297,face,noise,3,1,1.8209
297,face,noise,1,1,3.214
297,face,noise,3,1,3.159
297,face,noise,1,1,3.5506
297,face,noise,2,0,6.4071
297,face,noise,1,1,5.832
297,face,noise,1,1,4.0961
297,face,noise,3,1,6.285
297,car,no_noise,3,0,7.0049
297,car,no_noise,1,1,4.2176
297,car,no_noise,3,0,8.0433
297,car,no_noise,3,1,2.3021
297,car,no_noise,1,0,8.5223
297,car,no_noise,3,0,3.3394
297,car,no_noise,3,1,2.27
297,car,no_noise,1,1,7.4581
297,car,no_noise,2,0,5.7304
297,car,no_noise,3,1,2.155
297,car,no_noise,1,0,5.6734
297,car,no_noise,3,1,4.7259
297,car,no_noise,3,0,7.2349
297,car,no_noise,2,1,6.7422
297,car,no_noise,3,1,5.0167
297,car,no_noise,3,0,4.9748
297,car,no_noise,1,1,7.0739
297,car,no_noise,1,1,3.1514
297,car,no_noise,3,0,6.2048
297,car,no_noise,1,1,3.5319
297,car,no_noise,2,0,4.6276
297,car,no_noise,2,0,4.6997
297,car,no_noise,3,1,3.4966
297,car,no_noise,2,1,2.5959
297,car,no_noise,3,0,2.4089
297,car,no_noise,1,0,4.7801
297,car,no_noise,2,1,4.2959
297,car,no_noise,2,1,3.1442
297,car,no_noise,1,1,3.8307
297,car,no_noise,1,1,5.8558
297,car,noise,2,1,2.7569
297,car,noise,3,1,7.6268
297,car,noise,3,1,2.2937
297,car,noise,2,0,3.6297
297,car,noise,2,1,2.9762
297,car,noise,2,1,2.6112
297,car,noise,1,1,3.0577
297,car,noise,1,1,1.7279
297,car,noise,2,1,3.4263
297,car,noise,1,1,1.5137
297,car,noise,1,1,2.7483
297,car,noise,3,1,3.177
297,car,noise,1,0,5.7905
297,car,noise,1,0,5.173
297,car,noise,3,1,5.1097
297,car,noise,2,1,7.2417
297,car,noise,3,0,3.1666
297,car,noise,2,1,3.532
297,car,noise,2,1,2.8302
297,car,noise,3,0,3.5744
297,car,noise,3,1,2.2689
297,car,noise,2,0,3.5134
297,car,noise,1,1,3.3935
297,car,noise,1,0,5.2412
299,car,no_noise,2,1,7.1714
299,car,no_noise,1,1,9.4666
299,car,no_noise,1,1,6.9409
299,car,no_noise,3,1,7.7792
299,car,no_noise,2,1,7.3091
299,car,no_noise,1,1,4.0012
299,car,no_noise,3,1,4.1482
299,car,no_noise,1,1,3.454
299,car,no_noise,1,1,3.2794
299,car,no_noise,3,1,5.5936
299,car,no_noise,3,1,3.1684
299,car,no_noise,3,1,2.9754
299,car,no_noise,2,1,4.13
299,car,no_noise,2,1,4.5232
299,car,no_noise,3,1,12.8643
299,car,no_noise,2,1,6.882
299,car,no_noise,1,1,5.6058
299,car,no_noise,2,0,4.1723
299,car,no_noise,2,1,3.5379
299,car,no_noise,3,0,9.324
299,car,no_noise,1,1,6.726
299,car,no_noise,1,1,2.4401
299,car,no_noise,1,0,7.8516
299,car,no_noise,3,0,11.8808
299,car,no_noise,2,1,3.5896
299,car,no_noise,3,1,4.2024
299,car,no_noise,2,1,3.1517
299,car,no_noise,2,1,2.5084
299,car,no_noise,2,0,7.3661
299,car,no_noise,1,1,1.8899
299,car,noise,2,1,3.4098
299,car,noise,3,1,5.2094
299,car,noise,3,1,3.955
299,car,noise,1,1,4.7788
299,car,noise,2,1,2.6585
299,car,noise,2,1,2.0887
299,car,noise,1,1,3.3449
299,car,noise,1,1,2.733
299,car,noise,1,0,6.1619
299,car,noise,1,1,2.9127
299,car,noise,1,1,5.2785
299,car,noise,3,1,2.3646
299,car,noise,2,1,3.1433
299,car,noise,3,1,6.8106
299,car,noise,3,1,3.5969
299,car,noise,2,1,2.6238
299,car,noise,2,1,8.2091
299,car,noise,2,1,2.192
299,car,noise,2,1,2.551
299,car,noise,2,1,1.9712
299,car,noise,3,1,2.8754
299,car,noise,3,1,4.6899
299,car,noise,1,1,3.4055
299,car,noise,3,1,1.842
299,face,no_noise,1,1,2.6273
299,face,no_noise,2,1,1.6133
299,face,no_noise,1,1,2.2876
299,face,no_noise,3,1,2.521
299,face,no_noise,3,1,3.2347
299,face,no_noise,2,1,3.9526
299,face,no_noise,1,1,1.9669
299,face,no_noise,3,1,2.7816
299,face,no_noise,2,1,1.8485
299,face,no_noise,3,1,2.6152
299,face,no_noise,2,1,2.4248
299,face,no_noise,2,0,1.9001
299,face,no_noise,2,1,1.9029
299,face,no_noise,1,1,1.675
299,face,no_noise,2,1,2.2377
299,face,no_noise,2,1,2.3382
299,face,no_noise,2,1,2.0182
299,face,no_noise,2,1,2.4714
299,face,no_noise,3,0,2.6625
299,face,no_noise,3,1,3.2615
299,face,no_noise,1,1,2.1175
299,face,no_noise,2,1,5.8917
299,face,no_noise,2,1,1.8008
299,face,no_noise,1,1,7.1025
299,face,no_noise,3,1,3.84
299,face,no_noise,3,0,3.1968
299,face,no_noise,2,1,2.6929
299,face,no_noise,2,0,1.9641
299,face,no_noise,1,1,1.3899
299,face,no_noise,3,1,5.1548
299,face,noise,2,1,4.4418
299,face,noise,1,0,4.8855
299,face,noise,1,1,3.4459
299,face,noise,3,0,4.1936
299,face,noise,3,1,3.9281
299,face,noise,1,1,3.3071
299,face,noise,2,1,6.2995
299,face,noise,1,1,3.1041
299,face,noise,1,0,4.6647
299,face,noise,2,1,3.0046
299,face,noise,2,1,2.135
299,face,noise,2,1,5.1624
299,face,noise,2,0,3.1783
299,face,noise,2,1,5.2316
299,face,noise,1,1,2.9435
299,face,noise,2,1,3.1147
299,face,noise,3,1,3.3122
299,face,noise,3,0,2.3067
299,face,noise,3,1,1.9281
299,face,noise,2,0,6.5446
299,face,noise,2,0,3.2135
299,face,noise,2,0,2.0584
299,face,noise,3,0,2.7951
299,face,noise,1,0,5.411
303,face,no_noise,1,1,74.3673
303,face,no_noise,2,1,5.6144
303,face,no_noise,3,0,20.9987
303,face,no_noise,1,0,5.4169
303,face,no_noise,1,0,37.6838
303,face,no_noise,2,1,18.7544
303,face,no_noise,1,1,34.6471
303,face,no_noise,3,1,20.3173
303,face,no_noise,2,1,2.3802
303,face,no_noise,3,1,3.4237
303,face,no_noise,2,1,2.684
303,face,no_noise,3,1,3.6027
303,face,no_noise,2,1,2.2974
303,face,no_noise,2,0,2.2813
303,face,no_noise,2,1,2.4646
303,face,no_noise,2,1,20.1559
303,face,no_noise,2,1,3.3581
303,face,no_noise,2,1,10.2864
303,face,no_noise,1,1,6.2151
303,face,no_noise,2,0,13.0335
303,face,no_noise,1,1,3.8299
303,face,no_noise,2,1,6.0349
303,face,no_noise,2,1,11.6211
303,face,no_noise,1,1,6.9326
303,face,no_noise,3,1,2.8005
303,face,no_noise,1,1,6.918
303,face,no_noise,2,1,2.6644
303,face,no_noise,3,0,6.2522
303,face,no_noise,1,1,1.813
303,face,no_noise,3,1,5.531
303,face,noise,1,0,11.4966
303,face,noise,3,1,6.7895
303,face,noise,3,0,8.7888
303,face,noise,1,1,7.5316
303,face,noise,2,0,6.4144
303,face,noise,3,0,8.6959
303,face,noise,3,0,5.315
303,face,noise,1,1,3.684
303,face,noise,3,0,9.448
303,face,noise,2,1,4.5317
303,face,noise,2,1,2.1121
303,face,noise,3,0,9.4034
303,face,noise,1,1,11.131
303,face,noise,2,1,10.4954
303,face,noise,1,1,1.7141
303,face,noise,2,1,3.6137
303,face,noise,3,1,2.2805
303,face,noise,2,0,2.9021
303,face,noise,3,1,9.0148
303,face,noise,2,0,8.5471
303,face,noise,1,1,1.698
303,face,noise,1,1,1.6448
303,face,noise,1,1,6.2539
303,face,noise,1,0,2.1484
303,car,no_noise,3,0,12.6132
303,car,no_noise,2,0,7.3704
303,car,no_noise,1,1,1.712
303,car,no_noise,2,0,5.3765
303,car,no_noise,1,0,10.9367
303,car,no_noise,3,0,7.2243
303,car,no_noise,3,1,8.8611
303,car,no_noise,3,0,16.8139
303,car,no_noise,1,1,10.6599
303,car,no_noise,1,0,9.0887
303,car,no_noise,1,0,7.8103
303,car,no_noise,1,0,7.5945
303,car,no_noise,2,1,12.0859
303,car,no_noise,1,0,7.0251
303,car,no_noise,3,1,8.7727
303,car,no_noise,3,0,5.7737
303,car,no_noise,1,1,1.8271
303,car,no_noise,1,1,8.1298
303,car,no_noise,2,1,9.745
303,car,no_noise,3,0,7.0381
303,car,no_noise,2,0,11.593
303,car,no_noise,1,1,8.0287
303,car,no_noise,2,0,10.4084
303,car,no_noise,3,0,16.939
303,car,no_noise,3,0,15.5717
303,car,no_noise,3,1,9.2775
303,car,no_noise,3,0,4.0388
303,car,no_noise,1,0,5.6723
303,car,no_noise,3,0,8.9878
303,car,no_noise,1,1,10.5731
303,car,noise,2,1,16.2314
303,car,noise,3,1,10.983
303,car,noise,1,0,12.1662
303,car,noise,2,0,11.0736
303,car,noise,2,1,7.9822
303,car,noise,2,1,4.9483
303,car,noise,1,1,6.3334
303,car,noise,1,1,3.5347
303,car,noise,1,0,6.984
303,car,noise,1,1,8.3007
303,car,noise,2,0,9.901
303,car,noise,3,1,4.9025
303,car,noise,2,1,5.3236
303,car,noise,1,0,7.4183
303,car,noise,3,1,15.9496
303,car,noise,2,1,8.4166
303,car,noise,2,1,8.3907
303,car,noise,3,0,4.9005
303,car,noise,2,1,7.5377
303,car,noise,2,1,12.4049
303,car,noise,3,1,5.9265
303,car,noise,2,0,12.0082
303,car,noise,1,1,9.7338
303,car,noise,1,0,9.5023
304,car,no_noise,2,1,4.3763
304,car,no_noise,1,1,4.6988
304,car,no_noise,3,0,3.4568
304,car,no_noise,2,0,3.0005
304,car,no_noise,1,0,5.4164
304,car,no_noise,1,1,5.4712
304,car,no_noise,3,1,6.9325
304,car,no_noise,1,1,3.8644
304,car,no_noise,1,1,5.2066
304,car,no_noise,3,1,3.7833
304,car,no_noise,1,0,5.438
304,car,no_noise,3,1,3.1195
304,car,no_noise,2,1,4.1989
304,car,no_noise,1,0,5.5891
304,car,no_noise,2,0,4.6486
304,car,no_noise,2,1,4.467
304,car,no_noise,1,1,6.4007
304,car,no_noise,2,0,3.4494
304,car,no_noise,2,1,2.7824
304,car,no_noise,1,1,4.2334
304,car,no_noise,3,0,6.7372
304,car,no_noise,1,1,3.8521
304,car,no_noise,3,1,5.7
304,car,no_noise,2,1,5.522
304,car,no_noise,2,1,6.3161
304,car,no_noise,3,1,9.1548
304,car,no_noise,1,0,5.8037
304,car,no_noise,2,1,2.7157
304,car,no_noise,3,0,4.3922
304,car,no_noise,1,1,2.1059
304,car,noise,1,0,5.5126
304,car,noise,2,0,3.2123
304,car,noise,3,1,4.537
304,car,noise,1,1,3.811
304,car,noise,2,1,4.8611
304,car,noise,2,1,3.4278
304,car,noise,1,1,1.4602
304,car,noise,1,1,2.9531
304,car,noise,1,0,3.715
304,car,noise,1,1,3.4109
304,car,noise,3,0,4.5003
304,car,noise,3,1,5.3127
304,car,noise,2,1,3.2598
304,car,noise,2,0,3.7774
304,car,noise,3,1,5.4508
304,car,noise,2,1,5.5144
304,car,noise,2,1,4.7333
304,car,noise,1,0,4.8774
304,car,noise,2,1,1.6946
304,car,noise,2,1,6.9789
304,car,noise,2,0,2.2092
304,car,noise,1,0,4.1304
304,car,noise,1,1,3.0309
304,car,noise,3,1,8.4406
304,face,no_noise,1,1,2.4505
304,face,no_noise,2,1,1.7483
304,face,no_noise,1,1,1.899
304,face,no_noise,3,1,2.8054
304,face,no_noise,3,1,4.2381
304,face,no_noise,3,0,2.7565
304,face,no_noise,1,1,4.1256
304,face,no_noise,3,1,2.2408
304,face,no_noise,2,1,4.076
304,face,no_noise,3,1,4.6079
304,face,no_noise,2,1,1.8642
304,face,no_noise,3,1,2.9512
304,face,no_noise,3,0,4.3842
304,face,no_noise,1,1,2.941
304,face,no_noise,2,1,2.8749
304,face,no_noise,3,0,3.3011
304,face,no_noise,2,1,4.6079
304,face,no_noise,2,1,4.3076
304,face,no_noise,3,0,2.6071
304,face,no_noise,3,1,2.4907
304,face,no_noise,3,0,6.4912
304,face,no_noise,3,0,3.0398
304,face,no_noise,1,0,3.3069
304,face,no_noise,1,1,2.904
304,face,no_noise,3,1,3.374
304,face,no_noise,3,0,3.5157
304,face,no_noise,2,1,4.105
304,face,no_noise,1,1,5.1912
304,face,no_noise,1,1,2.881
304,face,no_noise,3,1,5.4591
304,face,noise,3,0,2.9216
304,face,noise,3,1,2.4504
304,face,noise,2,0,3.1422
304,face,noise,1,1,1.488
304,face,noise,3,1,2.6718
304,face,noise,1,1,2.3164
304,face,noise,2,1,2.8573
304,face,noise,1,1,3.5991
304,face,noise,1,0,2.9923
304,face,noise,1,0,3.3739
304,face,noise,2,1,5.1921
304,face,noise,1,0,2.1057
304,face,noise,1,1,2.6689
304,face,noise,2,1,1.8342
304,face,noise,2,0,3.0815
304,face,noise,3,0,4.2257
304,face,noise,3,1,2.2364
304,face,noise,2,0,3.0016
304,face,noise,3,1,2.2408
304,face,noise,1,1,1.5968
304,face,noise,1,1,1.7831
304,face,noise,1,1,1.5211
304,face,noise,3,0,4.8378
304,face,noise,2,0,9.3103
305,car,no_noise,1,0,4.6265
305,car,no_noise,1,1,2.2491
305,car,no_noise,3,0,2.5237
305,car,no_noise,1,0,3.7155
305,car,no_noise,1,0,3.1021
305,car,no_noise,1,1,3.6073
305,car,no_noise,2,0,2.7158
305,car,no_noise,1,1,3.8554
305,car,no_noise,1,1,3.0378
305,car,no_noise,2,0,6.5548
305,car,no_noise,1,0,2.1395
305,car,no_noise,3,1,2.1222
305,car,no_noise,3,0,3.473
305,car,no_noise,2,1,2.8654
305,car,no_noise,3,1,4.4336
305,car,no_noise,2,1,2.6653
305,car,no_noise,1,1,4.456
305,car,no_noise,2,0,3.222
305,car,no_noise,3,0,2.8732
305,car,no_noise,3,0,3.5236
305,car,no_noise,1,1,3.0942
305,car,no_noise,2,0,3.4755
305,car,no_noise,3,1,2.9555
305,car,no_noise,3,0,4.445
305,car,no_noise,1,0,3.1889
305,car,no_noise,2,0,2.7801
305,car,no_noise,2,1,3.7094
305,car,no_noise,3,0,4.2551
305,car,no_noise,1,1,2.6242
305,car,no_noise,1,1,2.6776
305,car,noise,1,0,4.3894
305,car,noise,3,1,5.5188
305,car,noise,3,1,5.5857
305,car,noise,1,1,1.5852
305,car,noise,3,0,2.5706
305,car,noise,1,0,3.5018
305,car,noise,1,1,4.5869
305,car,noise,1,1,2.3125
305,car,noise,1,0,1.9298
305,car,noise,1,1,1.8494
305,car,noise,1,1,2.4323
305,car,noise,3,1,3.3214
305,car,noise,2,1,3.2859
305,car,noise,1,0,3.0558
305,car,noise,1,0,1.8786
305,car,noise,1,0,2.964
305,car,noise,2,1,3.0373
305,car,noise,2,1,2.5785
305,car,noise,2,1,2.182
305,car,noise,3,0,7.1827
305,car,noise,3,1,3.413
305,car,noise,2,0,3.0397
305,car,noise,2,0,2.1305
305,car,noise,2,0,4.1296
305,face,no_noise,3,0,2.4569
305,face,no_noise,1,0,3.7418
305,face,no_noise,3,0,2.3622
305,face,no_noise,2,0,1.6733
305,face,no_noise,2,0,2.0281
305,face,no_noise,3,0,1.946
305,face,no_noise,1,1,1.7632
305,face,no_noise,1,0,1.2194
305,face,no_noise,2,1,1.9609
305,face,no_noise,3,1,1.9986
305,face,no_noise,3,0,2.5783
305,face,no_noise,2,0,1.6503
305,face,no_noise,2,1,2.0956
305,face,no_noise,1,1,2.0454
305,face,no_noise,1,0,2.8312
305,face,no_noise,3,0,2.3064
305,face,no_noise,3,0,2.1591
305,face,no_noise,2,1,2.1956
305,face,no_noise,3,0,2.1136
305,face,no_noise,2,0,2.1533
305,face,no_noise,2,0,1.6619
305,face,no_noise,3,0,1.7565
305,face,no_noise,3,0,1.3953
305,face,no_noise,2,0,1.7462
305,face,no_noise,2,0,1.1968
305,face,no_noise,1,1,1.6285
305,face,no_noise,2,1,1.0052
305,face,no_noise,3,0,1.8577
305,face,no_noise,3,0,1.7243
305,face,no_noise,1,0,1.7481
305,face,noise,3,0,2.9086
305,face,noise,1,0,1.2823
305,face,noise,2,0,1.1182
305,face,noise,2,0,2.0482
305,face,noise,2,0,2.0244
305,face,noise,1,1,1.2581
305,face,noise,3,0,1.2901
305,face,noise,1,1,1.4421
305,face,noise,2,1,1.6309
305,face,noise,3,0,1.319
305,face,noise,2,1,1.8731
305,face,noise,1,0,1.6902
305,face,noise,2,0,1.9224
305,face,noise,3,0,1.4218
305,face,noise,2,0,2.0901
305,face,noise,3,0,1.8233
305,face,noise,2,0,0.9838
305,face,noise,3,0,1.1892
305,face,noise,3,1,1.4738
305,face,noise,2,0,1.3384
305,face,noise,3,0,1.6629
305,face,noise,1,1,1.3489
305,face,noise,2,0,1.5452
305,face,noise,2,0,1.323
307,face,no_noise,1,1,1.9266
307,face,no_noise,2,1,2.5491
307,face,no_noise,1,1,1.8063
307,face,no_noise,2,0,3.6151
307,face,no_noise,3,1,1.6972
307,face,no_noise,1,0,2.0305
307,face,no_noise,1,1,3.0872
307,face,no_noise,3,1,1.6902
307,face,no_noise,2,1,1.7193
307,face,no_noise,2,0,2.4451
307,face,no_noise,1,0,1.3165
307,face,no_noise,3,1,1.5461
307,face,no_noise,3,0,1.1922
307,face,no_noise,1,1,1.3535
307,face,no_noise,2,1,1.1419
307,face,no_noise,3,0,1.4101
307,face,no_noise,2,1,2.1333
307,face,no_noise,2,1,2.4308
307,face,no_noise,3,0,1.6497
307,face,no_noise,3,1,2.5831
307,face,no_noise,2,0,1.7085
307,face,no_noise,2,1,1.8398
307,face,no_noise,1,0,1.9461
307,face,no_noise,1,1,2.2803
307,face,no_noise,3,1,1.7999
307,face,no_noise,3,0,1.5345
307,face,no_noise,2,1,1.7235
307,face,no_noise,2,0,1.9773
307,face,no_noise,1,1,3.093
307,face,no_noise,3,1,1.9528
307,face,noise,3,0,3.1072
307,face,noise,3,1,2.5109
307,face,noise,3,0,1.3646
307,face,noise,3,0,1.4322
307,face,noise,3,1,1.3919
307,face,noise,2,0,1.9941
307,face,noise,3,0,1.1506
307,face,noise,2,0,1.5768
307,face,noise,3,0,1.3686
307,face,noise,2,1,1.3398
307,face,noise,3,0,0.8072
307,face,noise,1,0,2.1247
307,face,noise,3,0,1.1933
307,face,noise,2,1,1.4852
307,face,noise,1,1,2.1742
307,face,noise,2,1,1.7398
307,face,noise,1,0,2.2945
307,face,noise,1,1,1.4021
307,face,noise,3,1,1.65
307,face,noise,2,0,1.4136
307,face,noise,1,1,1.9363
307,face,noise,1,1,1.6642
307,face,noise,1,1,1.5741
307,face,noise,3,1,1.5146
307,car,no_noise,2,1,3.7023
307,car,no_noise,2,0,1.1923
307,car,no_noise,3,0,2.4284
307,car,no_noise,3,1,1.5058
307,car,no_noise,1,0,1.0747
307,car,no_noise,3,0,2.2393
307,car,no_noise,1,0,2.3494
307,car,no_noise,1,1,1.2292
307,car,no_noise,1,1,1.5862
307,car,no_noise,1,0,1.4972
307,car,no_noise,1,0,1.4595
307,car,no_noise,3,1,2.5334
307,car,no_noise,3,0,1.6937
307,car,no_noise,1,0,1.6885
307,car,no_noise,3,1,1.6942
307,car,no_noise,3,0,1.6217
307,car,no_noise,1,1,2.8816
307,car,no_noise,2,0,2.1022
307,car,no_noise,1,0,1.8386
307,car,no_noise,2,0,1.8788
307,car,no_noise,3,0,1.477
307,car,no_noise,3,0,1.122
307,car,no_noise,3,1,1.876
307,car,no_noise,3,0,1.7378
307,car,no_noise,2,1,1.9813
307,car,no_noise,2,0,1.6877
307,car,no_noise,2,1,1.5909
307,car,no_noise,2,1,1.9639
307,car,no_noise,3,0,1.7227
307,car,no_noise,2,0,1.5196
307,car,noise,2,1,1.9782
307,car,noise,1,0,1.1912
307,car,noise,3,1,1.5955
307,car,noise,1,1,2.3995
307,car,noise,2,1,1.544
307,car,noise,2,1,1.2106
307,car,noise,1,1,1.9685
307,car,noise,1,1,1.5241
307,car,noise,2,1,1.5993
307,car,noise,1,1,1.7196
307,car,noise,1,1,1.7149
307,car,noise,3,1,2.0619
307,car,noise,1,0,1.522
307,car,noise,2,0,2.0004
307,car,noise,1,0,1.5753
307,car,noise,1,0,2.0976
307,car,noise,1,0,0.8691
307,car,noise,2,1,1.5359
307,car,noise,1,0,1.5006
307,car,noise,2,1,1.4733
307,car,noise,1,0,1.3744
307,car,noise,3,1,2.1083
307,car,noise,3,0,1.4335
307,car,noise,3,1,1.9665
308,car,no_noise,2,1,2.4327
308,car,no_noise,1,1,6.3894
308,car,no_noise,3,0,5.6522
308,car,no_noise,3,1,5.5226
308,car,no_noise,2,1,3.0572
308,car,no_noise,1,1,1.9715
308,car,no_noise,3,1,3.2925
308,car,no_noise,1,1,2.3424
308,car,no_noise,2,0,3.8383
308,car,no_noise,3,1,2.654
308,car,no_noise,1,0,3.4051
308,car,no_noise,3,1,2.289
308,car,no_noise,2,1,3.3999
308,car,no_noise,2,1,3.6502
308,car,no_noise,3,1,3.7814
308,car,no_noise,3,0,4.5659
308,car,no_noise,1,1,6.4541
308,car,no_noise,2,0,4.723
308,car,no_noise,1,0,5.2985
308,car,no_noise,3,0,3.0418
308,car,no_noise,3,0,4.5907
308,car,no_noise,1,1,1.6534
308,car,no_noise,3,1,5.8431
308,car,no_noise,3,0,6.5921
308,car,no_noise,2,1,2.5876
308,car,no_noise,2,0,7.539
308,car,no_noise,2,1,3.1547
308,car,no_noise,2,1,4.7898
308,car,no_noise,2,0,6.1376
308,car,no_noise,1,1,1.6135
308,car,noise,2,1,1.8003
308,car,noise,1,0,3.8848
308,car,noise,3,1,2.3454
308,car,noise,1,1,4.8356
308,car,noise,2,1,1.6161
308,car,noise,2,1,3.6702
308,car,noise,1,1,2.8329
308,car,noise,1,1,1.3322
308,car,noise,1,0,2.1822
308,car,noise,1,1,3.3827
308,car,noise,1,1,4.0337
308,car,noise,3,1,1.9325
308,car,noise,2,1,3.4036
308,car,noise,1,0,1.5162
308,car,noise,3,1,4.6838
308,car,noise,2,1,2.0231
308,car,noise,3,0,5.9987
308,car,noise,2,1,3.5689
308,car,noise,2,1,4.5202
308,car,noise,2,1,2.1463
308,car,noise,3,1,2.6676
308,car,noise,3,1,3.5027
308,car,noise,3,0,3.3808
308,car,noise,3,1,3.5994
308,face,no_noise,1,1,3.6021
308,face,no_noise,2,1,4.5835
308,face,no_noise,1,1,3.0442
308,face,no_noise,3,1,2.3903
308,face,no_noise,3,1,3.1405
308,face,no_noise,2,1,1.589
308,face,no_noise,1,1,1.5637
308,face,no_noise,3,1,2.9279
308,face,no_noise,2,1,1.9058
308,face,no_noise,3,1,2.305
308,face,no_noise,2,1,1.9639
308,face,no_noise,3,1,1.6567
308,face,no_noise,2,1,1.5184
308,face,no_noise,1,1,1.9211
308,face,no_noise,2,1,1.4611
308,face,no_noise,2,1,1.5438
308,face,no_noise,2,1,1.9274
308,face,no_noise,3,0,2.5558
308,face,no_noise,1,1,1.317
308,face,no_noise,3,1,2.0121000000000002
308,face,no_noise,1,1,2.8386
308,face,no_noise,2,1,1.4878
308,face,no_noise,2,1,0.9781
308,face,no_noise,1,1,2.4805
308,face,no_noise,3,1,2.3712
308,face,no_noise,1,1,1.1603
308,face,no_noise,2,1,2.6559
308,face,no_noise,1,1,1.8115
308,face,no_noise,1,1,2.479
308,face,no_noise,3,1,2.3087
308,face,noise,3,0,3.2569
308,face,noise,3,1,2.4346
308,face,noise,3,0,2.9022
308,face,noise,1,1,3.3415
308,face,noise,3,1,2.1248
308,face,noise,1,1,2.9782
308,face,noise,2,1,2.2741
308,face,noise,1,1,2.2961
308,face,noise,2,1,3.3965
308,face,noise,2,1,3.0847
308,face,noise,2,1,1.8351
308,face,noise,2,1,2.6345
308,face,noise,1,1,2.3081
308,face,noise,2,1,1.7772
308,face,noise,1,1,1.8948
308,face,noise,2,1,1.9747
308,face,noise,3,1,2.4747
308,face,noise,1,1,2.7408
308,face,noise,3,1,2.2821
308,face,noise,1,1,2.2275
308,face,noise,1,1,2.1615
308,face,noise,1,1,2.6078
308,face,noise,3,0,3.5229
308,face,noise,2,0,5.0079
309,car,no_noise,2,1,5.2876
309,car,no_noise,1,1,6.3585
309,car,no_noise,3,0,4.8706
309,car,no_noise,2,0,1.5636
309,car,no_noise,1,0,3.3618
309,car,no_noise,1,1,1.2776
309,car,no_noise,3,1,4.7201
309,car,no_noise,1,1,3.6862
309,car,no_noise,1,1,6.1895
309,car,no_noise,1,0,15.4346
309,car,no_noise,1,0,2.8663
309,car,no_noise,3,1,3.913
309,car,no_noise,2,1,11.7276
309,car,no_noise,1,0,4.7058
309,car,no_noise,3,1,3.1801
309,car,no_noise,3,0,2.1562
309,car,no_noise,1,1,3.9413
309,car,no_noise,3,0,5.2216
309,car,no_noise,1,0,6.0056
309,car,no_noise,2,0,15.2235
309,car,no_noise,2,0,3.8244
309,car,no_noise,1,1,3.0983
309,car,no_noise,2,0,10.0188
309,car,no_noise,2,1,17.0913
309,car,no_noise,1,0,7.962
309,car,no_noise,2,0,3.6679
309,car,no_noise,2,1,19.4727
309,car,no_noise,2,1,4.2905
309,car,no_noise,3,0,1.8477
309,car,no_noise,2,0,5.3736
309,car,noise,2,1,3.0805
309,car,noise,3,1,4.2895
309,car,noise,3,1,3.36
309,car,noise,2,0,2.9324
309,car,noise,2,1,1.1784
309,car,noise,2,1,1.9642
309,car,noise,3,0,4.2622
309,car,noise,1,1,2.4415
309,car,noise,1,0,2.8829
309,car,noise,1,1,1.8281
309,car,noise,1,1,2.8274
309,car,noise,3,1,4.1901
309,car,noise,2,1,12.0657
309,car,noise,1,0,2.7178
309,car,noise,3,1,13.1038
309,car,noise,1,0,3.2959
309,car,noise,3,0,2.2166
309,car,noise,2,1,2.0593
309,car,noise,1,0,5.0627
309,car,noise,2,1,2.4932
309,car,noise,3,1,3.1086
309,car,noise,2,0,3.0883
309,car,noise,1,1,3.035
309,car,noise,3,1,2.7301
309,face,no_noise,1,1,4.4836
309,face,no_noise,1,0,3.7438
309,face,no_noise,1,1,1.6998
309,face,no_noise,3,1,3.4939
309,face,no_noise,2,0,3.4191
309,face,no_noise,2,1,2.8613
309,face,no_noise,1,1,4.1834
309,face,no_noise,3,1,1.6191
309,face,no_noise,2,1,2.1521
309,face,no_noise,2,0,2.6898
309,face,no_noise,2,1,6.8937
309,face,no_noise,2,0,3.0803
309,face,no_noise,2,1,9.1207
309,face,no_noise,1,1,2.6573
309,face,no_noise,2,1,1.7732
309,face,no_noise,3,0,1.933
309,face,no_noise,2,1,2.3663
309,face,no_noise,1,0,8.6616
309,face,no_noise,1,1,4.8426
309,face,no_noise,3,1,3.1611
309,face,no_noise,3,0,13.868
309,face,no_noise,2,1,1.8161
309,face,no_noise,2,1,0.9337
309,face,no_noise,1,1,5.0016
309,face,no_noise,3,1,1.8818
309,face,no_noise,2,0,4.251
309,face,no_noise,2,1,0.8633
309,face,no_noise,1,1,2.0664
309,face,no_noise,3,0,4.019
309,face,no_noise,2,0,14.476
309,face,noise,2,1,2.1943
309,face,noise,2,0,1.8113
309,face,noise,1,1,2.9011
309,face,noise,1,1,2.8989
309,face,noise,3,1,1.6949
309,face,noise,1,1,1.7293
309,face,noise,3,0,5.4344
309,face,noise,3,0,9.2797
309,face,noise,2,1,1.8122
309,face,noise,2,1,1.3308
309,face,noise,1,0,1.2396
309,face,noise,1,0,3.0729
309,face,noise,2,0,1.5645
309,face,noise,3,0,2.9007
309,face,noise,1,1,3.318
309,face,noise,3,0,2.1673
309,face,noise,3,1,1.448
309,face,noise,1,1,2.319
309,face,noise,3,1,11.7138
309,face,noise,1,1,2.0638
309,face,noise,3,0,3.1328
309,face,noise,1,1,1.9013
309,face,noise,2,0,1.8819
309,face,noise,3,1,1.7489
310,car,no_noise,3,0,8.2849
310,car,no_noise,1,1,4.8369
310,car,no_noise,3,0,4.2591
310,car,no_noise,2,0,6.4591
310,car,no_noise,2,1,3.8678
310,car,no_noise,3,0,4.9998
310,car,no_noise,1,0,4.6336
310,car,no_noise,1,1,3.1421
310,car,no_noise,1,1,5.2292
310,car,no_noise,1,0,5.2796
310,car,no_noise,3,1,4.8678
310,car,no_noise,3,1,4.1775
310,car,no_noise,2,1,5.4843
310,car,no_noise,2,1,5.019
310,car,no_noise,3,1,5.0016
310,car,no_noise,3,0,2.8349
310,car,no_noise,3,0,7.5952
310,car,no_noise,2,0,3.3509
310,car,no_noise,1,0,4.7007
310,car,no_noise,3,0,5.9958
310,car,no_noise,3,0,5.1419
310,car,no_noise,2,0,4.0353
310,car,no_noise,1,0,3.8472
310,car,no_noise,2,1,6.0867000000000004
310,car,no_noise,2,1,4.5349
310,car,no_noise,2,0,3.0198
310,car,no_noise,2,1,7.3681
310,car,no_noise,2,1,5.9511
310,car,no_noise,3,0,5.7192
310,car,no_noise,2,0,5.9848
310,car,noise,1,0,4.042
310,car,noise,3,1,2.7961
310,car,noise,3,1,4.1211
310,car,noise,1,1,2.9349
310,car,noise,2,1,4.7223
310,car,noise,2,1,2.1948
310,car,noise,1,1,4.2474
310,car,noise,1,1,3.4174
310,car,noise,2,1,2.2732
310,car,noise,1,1,3.3236
310,car,noise,1,1,2.0235
310,car,noise,3,1,4.8077
310,car,noise,2,1,2.8377
310,car,noise,3,1,4.6505
310,car,noise,3,1,4.6533
310,car,noise,3,0,5.5672
310,car,noise,2,1,3.6103
310,car,noise,2,1,3.1281
310,car,noise,3,0,4.1001
310,car,noise,2,1,3.2394
310,car,noise,2,0,5.2695
310,car,noise,1,0,3.1264
310,car,noise,1,1,4.9532
310,car,noise,3,1,6.2318
310,face,no_noise,1,1,1.195
310,face,no_noise,2,1,1.9045
310,face,no_noise,1,1,2.3266
310,face,no_noise,1,0,3.329
310,face,no_noise,3,1,2.7135
310,face,no_noise,2,1,2.0896
310,face,no_noise,1,1,2.414
310,face,no_noise,3,1,1.9676
310,face,no_noise,2,1,2.8894
310,face,no_noise,3,1,2.0922
310,face,no_noise,2,1,3.8026
310,face,no_noise,3,1,1.7852
310,face,no_noise,2,1,1.4275
310,face,no_noise,2,0,1.6179
310,face,no_noise,2,1,2.0172
310,face,no_noise,3,0,2.3674
310,face,no_noise,2,1,1.9586
310,face,no_noise,2,1,2.3801
310,face,no_noise,1,1,3.5844
310,face,no_noise,3,1,2.7731
310,face,no_noise,1,1,2.0833
310,face,no_noise,2,1,2.9777
310,face,no_noise,2,1,1.7134
310,face,no_noise,1,1,3.1424
310,face,no_noise,3,1,4.2545
310,face,no_noise,1,1,1.989
310,face,no_noise,2,1,2.3512
310,face,no_noise,3,0,4.1037
310,face,no_noise,1,1,2.8805
310,face,no_noise,3,1,2.6568
310,face,noise,2,1,1.7006
310,face,noise,3,1,3.4713
310,face,noise,1,1,2.494
310,face,noise,1,1,2.4786
310,face,noise,3,1,2.2688
310,face,noise,1,1,2.1381
310,face,noise,2,1,2.3382
310,face,noise,1,1,2.667
310,face,noise,1,0,2.5409
310,face,noise,3,0,4.2128
310,face,noise,3,0,3.9214
310,face,noise,2,1,2.2671
310,face,noise,1,1,3.7259
310,face,noise,2,1,3.593
310,face,noise,1,1,2.4167
310,face,noise,2,1,1.7512
310,face,noise,3,1,3.2271
310,face,noise,1,1,2.2333
310,face,noise,3,1,3.5664
310,face,noise,2,0,3.0593
310,face,noise,1,1,2.8696
310,face,noise,1,1,2.2666
310,face,noise,1,1,2.5053
310,face,noise,3,1,2.2174
313,face,no_noise,1,1,4.0468
313,face,no_noise,2,1,3.3665
313,face,no_noise,3,0,6.5207
313,face,no_noise,3,1,3.5236
313,face,no_noise,2,0,4.3312
313,face,no_noise,2,1,2.8133
313,face,no_noise,2,0,4.6801
313,face,no_noise,3,1,5.7685
313,face,no_noise,2,1,2.5428
313,face,no_noise,2,0,4.8426
313,face,no_noise,2,1,1.9622
313,face,no_noise,3,1,2.7269
313,face,no_noise,2,1,2.5134
313,face,no_noise,1,1,1.9968
313,face,no_noise,2,1,2.9427
313,face,no_noise,3,0,2.4001
313,face,no_noise,2,1,1.6131
313,face,no_noise,3,0,5.3859
313,face,no_noise,3,0,3.7768
313,face,no_noise,3,1,2.1833
313,face,no_noise,1,1,3.0413
313,face,no_noise,2,1,4.7375
313,face,no_noise,2,1,1.8319
313,face,no_noise,1,1,4.3387
313,face,no_noise,3,1,3.0091
313,face,no_noise,1,1,3.4242
313,face,no_noise,2,1,3.1324
313,face,no_noise,1,1,3.0154
313,face,no_noise,1,1,1.6396
313,face,no_noise,3,1,3.23
313,face,noise,2,1,3.5988
313,face,noise,3,1,3.0802
313,face,noise,1,1,3.1765
313,face,noise,1,1,1.9082
313,face,noise,3,1,2.6949
313,face,noise,1,1,2.51
313,face,noise,2,1,2.3648
313,face,noise,1,1,2.0609
313,face,noise,1,0,3.0122
313,face,noise,3,0,3.7234
313,face,noise,2,1,3.3763
313,face,noise,2,1,3.3256
313,face,noise,1,1,3.5829
313,face,noise,2,1,1.9201
313,face,noise,1,1,4.873
313,face,noise,2,1,1.8781
313,face,noise,3,1,1.5515
313,face,noise,1,1,4.4556
313,face,noise,3,1,4.6602
313,face,noise,2,0,2.5111
313,face,noise,1,1,1.4636
313,face,noise,1,1,3.44
313,face,noise,1,1,2.0145
313,face,noise,2,0,3.308
313,car,no_noise,2,1,5.686
313,car,no_noise,2,0,3.9135
313,car,no_noise,3,0,4.5681
313,car,no_noise,1,0,3.7771
313,car,no_noise,2,1,2.396
313,car,no_noise,3,0,3.724
313,car,no_noise,1,0,3.0028
313,car,no_noise,3,0,3.8475
313,car,no_noise,1,1,3.6739
313,car,no_noise,3,1,3.9146
313,car,no_noise,1,0,1.5883
313,car,no_noise,2,0,3.3133
313,car,no_noise,2,1,2.9095
313,car,no_noise,1,0,2.4853
313,car,no_noise,2,0,3.6003
313,car,no_noise,1,0,1.7977
313,car,no_noise,2,0,2.1146
313,car,no_noise,2,0,4.2081
313,car,no_noise,2,1,3.2337
313,car,no_noise,2,0,3.0257
313,car,no_noise,1,1,4.5715
313,car,no_noise,3,0,2.2865
313,car,no_noise,3,1,2.6762
313,car,no_noise,2,1,4.4304
313,car,no_noise,1,0,2.9097
313,car,no_noise,3,1,3.0511
313,car,no_noise,2,1,2.4779
313,car,no_noise,2,1,2.7262
313,car,no_noise,3,0,1.7798
313,car,no_noise,1,1,2.3485
313,car,noise,1,0,3.2595
313,car,noise,2,0,1.6448
313,car,noise,3,1,2.6269
313,car,noise,1,1,2.826
313,car,noise,2,1,1.6149
313,car,noise,2,1,2.1616
313,car,noise,1,1,1.239
313,car,noise,1,1,1.0408
313,car,noise,1,0,2.0778
313,car,noise,2,0,1.1967
313,car,noise,1,1,1.5207
313,car,noise,3,1,1.9616
313,car,noise,2,1,2.0711
313,car,noise,1,0,4.4871
313,car,noise,3,1,2.1105
313,car,noise,2,1,1.6639
313,car,noise,2,1,3.145
313,car,noise,1,0,1.3041
313,car,noise,2,1,2.3154
313,car,noise,1,0,1.7628
313,car,noise,3,1,1.8292
313,car,noise,2,0,1.3709
313,car,noise,1,1,1.9041
313,car,noise,1,0,1.8146
314,car,no_noise,2,1,16.7346
314,car,no_noise,1,1,23.6709
314,car,no_noise,1,1,14.6889
314,car,no_noise,2,0,37.395
314,car,no_noise,2,1,22.3403
314,car,no_noise,1,1,32.2027
314,car,no_noise,3,1,12.1041
314,car,no_noise,1,1,17.0328
314,car,no_noise,1,1,20.0306
314,car,no_noise,1,0,30.3611
314,car,no_noise,1,0,32.4033
314,car,no_noise,3,1,6.8583
314,car,no_noise,2,1,25.562
314,car,no_noise,2,1,29.6272
314,car,no_noise,3,1,20.7675
314,car,no_noise,2,1,10.3078
314,car,no_noise,1,1,33.5988
314,car,no_noise,1,1,14.2252
314,car,no_noise,2,1,57.9884
314,car,no_noise,1,1,14.5105
314,car,no_noise,1,1,32.3765
314,car,no_noise,1,1,22.1397
314,car,no_noise,3,1,18.849
314,car,no_noise,2,1,14.7319
314,car,no_noise,2,1,31.8309
314,car,no_noise,3,1,8.126
314,car,no_noise,2,1,26.6736
314,car,no_noise,2,1,10.7103
314,car,no_noise,3,0,28.7771
314,car,no_noise,1,1,60.0272
314,car,noise,2,1,25.5576
314,car,noise,3,1,15.7911
314,car,noise,3,1,16.641
314,car,noise,1,1,10.1273
314,car,noise,2,1,13.4675
314,car,noise,2,1,19.1547
314,car,noise,1,1,6.7644
314,car,noise,1,1,59.5697
314,car,noise,2,1,18.8163
314,car,noise,1,1,11.2102
314,car,noise,1,1,52.412
314,car,noise,3,1,12.85
314,car,noise,2,1,19.1295
314,car,noise,3,1,23.5279
314,car,noise,3,1,22.3818
314,car,noise,2,1,21.7792
314,car,noise,2,1,11.5102
314,car,noise,3,0,17.2659
314,car,noise,2,1,10.4232
314,car,noise,2,1,164.5479
314,car,noise,1,0,5.2491
314,car,noise,3,1,16.5877
314,car,noise,3,0,8.6859
314,car,noise,3,1,4.3769
314,face,no_noise,1,1,4.7234
314,face,no_noise,1,0,9.8081
314,face,no_noise,1,1,7.0196
314,face,no_noise,2,0,18.424
314,face,no_noise,3,1,12.4965
314,face,no_noise,2,1,7.0739
314,face,no_noise,1,1,22.7542
314,face,no_noise,3,1,19.2078
314,face,no_noise,2,1,4.4037
314,face,no_noise,3,1,14.6529
314,face,no_noise,1,0,7.7807
314,face,no_noise,3,1,9.0443
314,face,no_noise,3,0,10.2291
314,face,no_noise,2,0,5.5728
314,face,no_noise,1,0,3.243
314,face,no_noise,3,0,7.4858
314,face,no_noise,2,1,4.0022
314,face,no_noise,3,0,9.2023
314,face,no_noise,3,0,11.9841
314,face,no_noise,2,0,4.0027
314,face,no_noise,1,1,5.6311
314,face,no_noise,2,1,9.05
314,face,no_noise,2,1,11.5542
314,face,no_noise,1,1,17.7324
314,face,no_noise,1,0,3.723
314,face,no_noise,2,0,13.5203
314,face,no_noise,2,1,4.2564
314,face,no_noise,1,1,4.1183
314,face,no_noise,1,1,6.8236
314,face,no_noise,2,0,2.4066
314,face,noise,2,1,7.7046
314,face,noise,1,0,3.9574
314,face,noise,1,1,4.2201
314,face,noise,3,0,11.5833
314,face,noise,3,1,3.5429
314,face,noise,1,1,7.339
314,face,noise,2,1,3.1193
314,face,noise,2,0,4.6813
314,face,noise,3,0,9.1548
314,face,noise,1,0,2.8633
314,face,noise,3,0,3.1617
314,face,noise,2,1,12.0915
314,face,noise,3,0,7.8197
314,face,noise,1,0,2.6548
314,face,noise,3,0,9.1427
314,face,noise,2,1,4.3343
314,face,noise,2,0,7.4881
314,face,noise,3,0,9.9552
314,face,noise,1,0,8.5207
314,face,noise,2,0,6.2048
314,face,noise,3,0,5.0171
314,face,noise,2,0,10.1097
314,face,noise,2,0,7.0719
314,face,noise,2,0,3.8364
315,face,no_noise,1,1,4.1217
315,face,no_noise,2,1,6.0581
315,face,no_noise,1,1,3.2715
315,face,no_noise,2,0,6.8806
315,face,no_noise,1,0,4.6636
315,face,no_noise,3,0,7.6584
315,face,no_noise,3,0,4.6392
315,face,no_noise,3,1,4.2638
315,face,no_noise,1,0,4.9241
315,face,no_noise,1,0,4.7087
315,face,no_noise,3,0,6.9512
315,face,no_noise,3,1,4.6115
315,face,no_noise,2,1,4.897
315,face,no_noise,3,0,3.8748
315,face,no_noise,1,0,4.3885
315,face,no_noise,3,0,6.6582
315,face,no_noise,2,1,5.8145
315,face,no_noise,1,0,4.4267
315,face,no_noise,3,0,4.0974
315,face,no_noise,3,1,5.3568
315,face,no_noise,2,0,2.6095
315,face,no_noise,3,0,5.1216
315,face,no_noise,3,0,3.8903
315,face,no_noise,2,0,5.4193
315,face,no_noise,2,0,3.772
315,face,no_noise,3,0,4.3666
315,face,no_noise,1,0,5.8739
315,face,no_noise,3,0,2.9206
315,face,no_noise,1,1,3.7048
315,face,no_noise,1,0,5.1396
315,face,noise,1,0,3.8074
315,face,noise,2,0,2.4702
315,face,noise,1,1,3.8488
315,face,noise,3,0,5.7719
315,face,noise,1,0,3.5223
315,face,noise,3,0,2.3752
315,face,noise,2,1,4.2557
315,face,noise,2,0,3.611
315,face,noise,1,0,3.8099
315,face,noise,3,0,2.5495
315,face,noise,1,0,2.1689
315,face,noise,1,0,2.5575
315,face,noise,1,1,3.8956
315,face,noise,3,0,3.3309
315,face,noise,2,0,4.1103
315,face,noise,1,0,3.2877
315,face,noise,3,1,2.658
315,face,noise,3,0,3.9435
315,face,noise,3,1,3.6556
315,face,noise,1,1,2.7872
315,face,noise,1,1,4.1565
315,face,noise,3,0,3.4142
315,face,noise,1,1,2.9713
315,face,noise,2,0,3.538
315,car,no_noise,3,0,3.6412
315,car,no_noise,1,1,2.5656
315,car,no_noise,3,0,4.0983
315,car,no_noise,2,0,4.3509
315,car,no_noise,2,1,3.0147
315,car,no_noise,3,0,3.785
315,car,no_noise,2,0,4.2263
315,car,no_noise,2,0,4.3249
315,car,no_noise,1,1,2.3446
315,car,no_noise,2,0,4.4948
315,car,no_noise,1,0,2.6503
315,car,no_noise,3,1,6.136
315,car,no_noise,3,0,2.7924
315,car,no_noise,1,0,4.0887
315,car,no_noise,3,1,5.3049
315,car,no_noise,3,0,4.5092
315,car,no_noise,1,1,4.442
315,car,no_noise,2,0,2.5407
315,car,no_noise,3,0,2.8991
315,car,no_noise,1,1,10.2403
315,car,no_noise,3,0,2.0814
315,car,no_noise,1,1,2.3995
315,car,no_noise,2,0,3.7195
315,car,no_noise,1,0,5.8177
315,car,no_noise,2,1,5.3846
315,car,no_noise,2,0,2.5371
315,car,no_noise,3,0,4.7468
315,car,no_noise,2,1,11.4996
315,car,no_noise,2,0,4.1523
315,car,no_noise,1,1,3.9309
315,car,noise,1,0,2.6124
315,car,noise,3,1,2.8796
315,car,noise,3,1,2.9015
315,car,noise,2,0,3.3685
315,car,noise,2,1,2.9557
315,car,noise,2,1,3.1435
315,car,noise,3,0,5.185
315,car,noise,1,1,2.9702
315,car,noise,1,0,3.092
315,car,noise,1,1,5.2401
315,car,noise,3,0,2.2824
315,car,noise,1,0,4.7469
315,car,noise,2,1,4.3301
315,car,noise,3,1,2.1035
315,car,noise,1,0,2.8904
315,car,noise,1,0,1.9895
315,car,noise,3,0,3.7655
315,car,noise,2,1,3.161
315,car,noise,3,0,2.8818
315,car,noise,2,1,3.7899
315,car,noise,3,1,4.1561
315,car,noise,2,0,2.5309
315,car,noise,3,0,2.9869
315,car,noise,3,1,4.5552
316,face,no_noise,2,0,3.4553
316,face,no_noise,1,0,1.2987
316,face,no_noise,3,0,2.4809
316,face,no_noise,2,0,1.3321
316,face,no_noise,3,1,1.9313
316,face,no_noise,2,1,1.6153
316,face,no_noise,1,1,2.0477
316,face,no_noise,3,1,1.3653
316,face,no_noise,2,1,2.5472
316,face,no_noise,2,0,1.249
316,face,no_noise,2,1,3.547
316,face,no_noise,3,1,2.0982
316,face,no_noise,3,0,1.0828
316,face,no_noise,2,0,2.7478
316,face,no_noise,3,0,1.865
316,face,no_noise,2,1,0.9316
316,face,no_noise,2,1,1.7984
316,face,no_noise,1,0,1.4661
316,face,no_noise,3,0,1.8983
316,face,no_noise,3,1,1.865
316,face,no_noise,3,0,1.5988
316,face,no_noise,3,0,1.4821
316,face,no_noise,2,1,0.8326
316,face,no_noise,3,0,1.0661
316,face,no_noise,3,1,1.7487
316,face,no_noise,1,1,2.7053
316,face,no_noise,2,1,1.7235
316,face,no_noise,3,0,1.7221
316,face,no_noise,1,1,1.7673
316,face,no_noise,2,0,1.5162
316,face,noise,1,0,10.9719
316,face,noise,2,0,1.4329
316,face,noise,3,0,0.7007
316,face,noise,2,0,0.4865
316,face,noise,2,0,0.7165
316,face,noise,1,1,0.8001
316,face,noise,3,0,1.1501
316,face,noise,2,0,0.5735
316,face,noise,2,1,0.7696
316,face,noise,3,0,0.2674
316,face,noise,2,1,0.6601
316,face,noise,2,1,0.2872
316,face,noise,2,0,0.5519
316,face,noise,2,1,1.2666
316,face,noise,2,0,3.6625
316,face,noise,3,0,9.2265
316,face,noise,1,0,0.8
316,face,noise,2,0,0.4359
316,face,noise,2,0,0.6577
316,face,noise,2,0,1.9504
316,face,noise,2,0,1.1172
316,face,noise,2,0,3.2688
316,face,noise,2,0,1.8161
316,face,noise,2,0,3.6486
316,car,no_noise,3,0,5.2348
316,car,no_noise,1,1,2.269
316,car,no_noise,3,0,1.745
316,car,no_noise,1,0,2.1053
316,car,no_noise,1,0,0.3126
316,car,no_noise,2,0,0.3585
316,car,no_noise,1,0,0.6809
316,car,no_noise,3,0,2.1405
316,car,no_noise,1,1,0.9617
316,car,no_noise,1,0,0.5849
316,car,no_noise,1,0,0.7496
316,car,no_noise,3,1,0.7762
316,car,no_noise,2,1,1.0087
316,car,no_noise,1,0,0.6401
316,car,no_noise,3,1,1.5746
316,car,no_noise,3,0,1.4423
316,car,no_noise,2,0,1.0459
316,car,no_noise,1,1,1.0394
316,car,no_noise,2,1,1.5753
316,car,no_noise,2,0,0.6176
316,car,no_noise,1,1,1.0763
316,car,no_noise,3,0,1.981
316,car,no_noise,3,1,0.8499
316,car,no_noise,3,0,1.0258
316,car,no_noise,1,0,1.9881
316,car,no_noise,2,0,0.7285
316,car,no_noise,3,0,1.5554
316,car,no_noise,2,1,0.6241
316,car,no_noise,3,0,0.9928
316,car,no_noise,2,0,1.4581
316,car,noise,1,0,11.4017
316,car,noise,3,1,0.2586
316,car,noise,3,1,0.4682
316,car,noise,3,0,0.4779
316,car,noise,2,1,0.9924
316,car,noise,2,1,0.5317
316,car,noise,1,1,0.86240000000000006
316,car,noise,1,1,0.4662
316,car,noise,1,0,0.5489
316,car,noise,3,0,0.6039
316,car,noise,2,0,0.5683
316,car,noise,1,0,0.6244
316,car,noise,1,0,0.7152
316,car,noise,2,0,0.8057
316,car,noise,1,0,1.1628
316,car,noise,1,0,1.4422
316,car,noise,2,1,1.5484
316,car,noise,2,1,0.7882
316,car,noise,2,1,1.21
316,car,noise,3,0,1.0955
316,car,noise,2,0,0.827
316,car,noise,1,0,1.6111
316,car,noise,1,1,1.7263
316,car,noise,2,0,1.3079
317,car,no_noise,2,1,6.0565
317,car,no_noise,1,1,3.609
317,car,no_noise,3,0,4.0244
317,car,no_noise,3,1,5.4794
317,car,no_noise,2,1,4.6342
317,car,no_noise,3,0,2.4737
317,car,no_noise,3,1,4.8729
317,car,no_noise,2,0,3.3355
317,car,no_noise,1,1,3.8874
317,car,no_noise,1,0,10.177
317,car,no_noise,3,1,2.8584
317,car,no_noise,3,1,7.7245
317,car,no_noise,3,0,8.1116
317,car,no_noise,2,1,6.9865
317,car,no_noise,3,1,3.8361
317,car,no_noise,2,1,6.6351
317,car,no_noise,2,0,3.7332
317,car,no_noise,2,0,9.5925
317,car,no_noise,3,0,2.7392
317,car,no_noise,2,0,4.4624
317,car,no_noise,3,0,3.1152
317,car,no_noise,1,1,5.3739
317,car,no_noise,1,0,5.8814
317,car,no_noise,2,1,5.3231
317,car,no_noise,2,1,6.981
317,car,no_noise,2,0,4.5692
317,car,no_noise,2,1,4.6343
317,car,no_noise,2,1,4.656
317,car,no_noise,3,0,4.5473
317,car,no_noise,2,0,2.1634
317,car,noise,3,0,2.8425
317,car,noise,3,1,2.6582
317,car,noise,2,0,1.9132
317,car,noise,2,0,2.8124
317,car,noise,2,1,3.8115
317,car,noise,2,1,4.1301
317,car,noise,1,1,5.6343
317,car,noise,3,0,3.4054
317,car,noise,1,0,3.8729
317,car,noise,1,1,7.4675
317,car,noise,2,0,5.8465
317,car,noise,3,1,4.9065
317,car,noise,2,1,5.636
317,car,noise,3,1,5.2596
317,car,noise,2,0,5.5468
317,car,noise,1,0,6.5774
317,car,noise,3,0,2.2706
317,car,noise,1,0,2.0175
317,car,noise,2,1,5.3386
317,car,noise,2,1,8.6057
317,car,noise,2,0,4.9896
317,car,noise,2,0,7.0095
317,car,noise,2,0,5.2837
317,car,noise,2,0,7.3307
317,face,no_noise,1,1,1.8115
317,face,no_noise,2,1,2.258
317,face,no_noise,3,0,3.1144
317,face,no_noise,1,0,3.5568
317,face,no_noise,2,0,1.7742
317,face,no_noise,2,1,1.4531
317,face,no_noise,1,1,2.6197
317,face,no_noise,1,0,1.7452
317,face,no_noise,2,1,2.1682
317,face,no_noise,1,0,3.5541
317,face,no_noise,2,1,2.6131
317,face,no_noise,3,1,2.6628
317,face,no_noise,1,0,2.0186
317,face,no_noise,1,1,2.1016
317,face,no_noise,1,0,2.8935
317,face,no_noise,2,1,3.0563
317,face,no_noise,2,1,2.0495
317,face,no_noise,1,0,1.8793
317,face,no_noise,2,0,1.9954
317,face,no_noise,3,1,3.3057
317,face,no_noise,2,0,2.3429
317,face,no_noise,2,1,2.661
317,face,no_noise,3,0,1.8582
317,face,no_noise,1,1,2.2124
317,face,no_noise,1,0,2.3226
317,face,no_noise,3,0,2.7834
317,face,no_noise,2,1,3.6019
317,face,no_noise,1,1,3.1867
317,face,no_noise,1,1,2.9994
317,face,no_noise,2,0,3.0672
317,face,noise,2,1,0.6444
317,face,noise,2,0,1.5418
317,face,noise,2,0,4.4404
317,face,noise,2,0,1.1204
317,face,noise,2,0,1.1716
317,face,noise,2,0,1.5696
317,face,noise,3,0,1.7888
317,face,noise,2,0,1.2657
317,face,noise,1,0,1.3348
317,face,noise,2,1,0.9689
317,face,noise,3,0,0.9819
317,face,noise,2,1,1.0612
317,face,noise,2,0,0.9768
317,face,noise,3,0,1.2249
317,face,noise,1,1,1.6263
317,face,noise,1,0,1.9586
317,face,noise,3,1,2.4378
317,face,noise,2,0,2.072
317,face,noise,3,1,1.2084
317,face,noise,2,0,1.9062
317,face,noise,3,0,4.3494
317,face,noise,3,0,1.4785
317,face,noise,2,0,1.2577
317,face,noise,3,1,1.3771
319,car,no_noise,2,1,22.8771
319,car,no_noise,1,1,8.203
319,car,no_noise,3,0,14.6355
319,car,no_noise,2,0,22.9002
319,car,no_noise,2,1,5.3448
319,car,no_noise,3,0,18.1124
319,car,no_noise,2,0,9.5068
319,car,no_noise,1,1,9.9892
319,car,no_noise,1,1,5.2845
319,car,no_noise,1,0,7.519
319,car,no_noise,3,1,10.3375
319,car,no_noise,3,1,10.0959
319,car,no_noise,2,1,5.973
319,car,no_noise,1,0,5.2874
319,car,no_noise,3,1,4.0816
319,car,no_noise,3,0,3.7645
319,car,no_noise,1,1,6.2787
319,car,no_noise,3,0,10.7756
319,car,no_noise,1,0,5.6632
319,car,no_noise,3,0,5.7636
319,car,no_noise,3,0,6.5334
319,car,no_noise,1,1,5.5699
319,car,no_noise,3,1,8.3234
319,car,no_noise,2,1,7.1489
319,car,no_noise,2,1,5.4519
319,car,no_noise,2,0,5.4495
319,car,no_noise,3,0,17.6956
319,car,no_noise,2,1,4.5317
319,car,no_noise,3,0,3.0627
319,car,no_noise,2,0,6.5344
319,car,noise,2,1,6.3913
319,car,noise,1,0,3.4229
319,car,noise,2,0,17.6112
319,car,noise,2,0,4.1015
319,car,noise,2,1,2.4938
319,car,noise,2,1,9.9791
319,car,noise,3,0,5.0738
319,car,noise,1,1,1.9554
319,car,noise,1,0,1.6281
319,car,noise,1,1,5.3262
319,car,noise,1,1,3.9613
319,car,noise,3,1,2.8639
319,car,noise,1,0,11.5307
319,car,noise,1,0,4.6261
319,car,noise,3,1,11.6639
319,car,noise,1,0,7.4973
319,car,noise,3,0,4.7805
319,car,noise,2,1,3.4998
319,car,noise,2,1,8.598
319,car,noise,3,0,5.9163
319,car,noise,3,1,2.5627
319,car,noise,3,1,8.9892
319,car,noise,3,0,8.1427
319,car,noise,3,1,3.5759
319,face,no_noise,3,0,16.6541
319,face,no_noise,2,1,6.7273
319,face,no_noise,1,1,3.7243
319,face,no_noise,2,0,25.0886
319,face,no_noise,2,0,3.8915
319,face,no_noise,3,0,3.1957
319,face,no_noise,1,1,4.0136
319,face,no_noise,3,1,7.7797
319,face,no_noise,2,1,5.9144
319,face,no_noise,2,0,2.8423
319,face,no_noise,1,0,2.4356
319,face,no_noise,2,0,2.944
319,face,no_noise,3,0,3.8802
319,face,no_noise,2,0,11.0128
319,face,no_noise,2,1,3.2958
319,face,no_noise,3,0,2.2142
319,face,no_noise,2,1,6.2765
319,face,no_noise,1,0,2.3654
319,face,no_noise,3,0,4.0138
319,face,no_noise,3,1,8.4278
319,face,no_noise,2,0,4.7252
319,face,no_noise,2,1,3.6769
319,face,no_noise,2,1,2.4966
319,face,no_noise,3,0,2.8677
319,face,no_noise,3,1,5.3419
319,face,no_noise,3,0,5.5945
319,face,no_noise,2,1,2.2752
319,face,no_noise,2,0,3.0999
319,face,no_noise,1,1,2.5972
319,face,no_noise,3,1,9.7913
319,face,noise,3,0,4.8456
319,face,noise,2,0,2.7446
319,face,noise,2,0,4.2066
319,face,noise,3,0,3.5307
319,face,noise,2,0,3.4153
319,face,noise,2,0,3.8644
319,face,noise,3,0,2.8211
319,face,noise,2,0,2.6658
319,face,noise,1,0,2.8352
319,face,noise,1,0,2.8352
319,face,noise,1,0,1.8496
319,face,noise,1,0,2.1035
319,face,noise,2,0,2.0849
319,face,noise,2,1,3.4235
319,face,noise,3,0,2.9199
319,face,noise,1,0,2.9753
319,face,noise,2,0,4.4303
319,face,noise,3,0,4.1332
319,face,noise,2,0,3.1648
319,face,noise,2,0,2.0765
319,face,noise,1,1,1.7991
319,face,noise,1,1,2.7754
319,face,noise,1,1,4.6015
319,face,noise,3,1,3.4244
320,face,no_noise,2,0,6.2591
320,face,no_noise,2,1,2.3311
320,face,no_noise,1,1,2.7672
320,face,no_noise,3,1,2.2846
320,face,no_noise,1,0,2.7351
320,face,no_noise,2,1,2.6643
320,face,no_noise,3,0,2.8756
320,face,no_noise,3,1,1.7575
320,face,no_noise,2,1,1.8531
320,face,no_noise,1,0,3.3408
320,face,no_noise,1,0,1.4999
320,face,no_noise,3,1,2.6289
320,face,no_noise,2,1,1.9973
320,face,no_noise,1,1,1.9865
320,face,no_noise,2,1,1.8243
320,face,no_noise,2,1,2.7258
320,face,no_noise,3,0,2.505
320,face,no_noise,1,0,2.2928
320,face,no_noise,1,1,2.6327
320,face,no_noise,3,1,1.7879
320,face,no_noise,2,0,2.607
320,face,no_noise,2,1,1.7215
320,face,no_noise,2,1,1.813
320,face,no_noise,1,1,3.7835
320,face,no_noise,3,1,1.6802
320,face,no_noise,1,1,2.9461
320,face,no_noise,2,1,1.3301
320,face,no_noise,1,1,2.1506
320,face,no_noise,1,1,1.5006
320,face,no_noise,3,1,2.2992
320,face,noise,2,1,3.3292
320,face,noise,3,1,2.5616
320,face,noise,1,1,2.6172
320,face,noise,1,1,1.9193
320,face,noise,3,1,1.9421
320,face,noise,1,1,1.8883
320,face,noise,1,0,2.5577
320,face,noise,2,0,2.6785
320,face,noise,1,0,2.2597
320,face,noise,2,1,1.4638
320,face,noise,2,1,1.6587
320,face,noise,1,0,1.9714
320,face,noise,1,1,1.9503
320,face,noise,2,1,1.1613
320,face,noise,1,1,1.9663
320,face,noise,3,0,2.9898
320,face,noise,3,1,1.3733
320,face,noise,1,1,1.9597
320,face,noise,3,1,2.3542
320,face,noise,2,0,1.9056
320,face,noise,1,1,2.3796
320,face,noise,1,1,1.5783
320,face,noise,3,0,2.2557
320,face,noise,3,1,2.4226
320,car,no_noise,1,0,2.1393
320,car,no_noise,1,1,3.4342
320,car,no_noise,3,0,2.2147
320,car,no_noise,3,1,2.6826
320,car,no_noise,2,1,2.8693
320,car,no_noise,1,1,1.5129
320,car,no_noise,1,0,1.948
320,car,no_noise,1,1,2.1269
320,car,no_noise,1,1,1.8104
320,car,no_noise,2,0,1.6076
320,car,no_noise,2,0,1.201
320,car,no_noise,1,0,2.0568
320,car,no_noise,2,1,1.2948
320,car,no_noise,2,1,1.2698
320,car,no_noise,2,0,1.8921
320,car,no_noise,3,0,2.1705
320,car,no_noise,3,0,0.911
320,car,no_noise,2,0,1.0954
320,car,no_noise,3,0,1.1511
320,car,no_noise,1,1,1.4877
320,car,no_noise,2,0,1.2559
320,car,no_noise,3,0,0.9904
320,car,no_noise,2,0,1.0605
320,car,no_noise,3,0,1.1653
320,car,no_noise,2,1,0.948
320,car,no_noise,3,1,1.7917
320,car,no_noise,3,0,1.5672
320,car,no_noise,3,0,1.1475
320,car,no_noise,2,0,1.2599
320,car,no_noise,2,0,1.2977
320,car,noise,3,0,1.7665
320,car,noise,2,0,1.1822
320,car,noise,3,1,0.9915
320,car,noise,2,0,1.5332
320,car,noise,2,1,1.5321
320,car,noise,1,0,0.9433
320,car,noise,1,1,1.2948
320,car,noise,1,1,1.174
320,car,noise,1,0,0.9676
320,car,noise,2,0,1.1775
320,car,noise,2,0,1.2764
320,car,noise,3,1,1.2517
320,car,noise,2,1,1.2894
320,car,noise,1,0,1.077
320,car,noise,2,0,0.9851
320,car,noise,3,0,0.9456
320,car,noise,2,1,1.0085
320,car,noise,2,1,0.9692
320,car,noise,1,0,0.733
320,car,noise,2,1,1.0317
320,car,noise,2,0,0.9516
320,car,noise,2,0,0.8888
320,car,noise,2,0,1.746
320,car,noise,1,0,1.7855
321,face,no_noise,1,1,3.5562
321,face,no_noise,2,1,4.8674
321,face,no_noise,1,1,1.9668
321,face,no_noise,1,0,3.7462
321,face,no_noise,1,0,3.114
321,face,no_noise,2,1,2.6896
321,face,no_noise,1,1,2.0801
321,face,no_noise,3,1,1.9002
321,face,no_noise,2,1,2.2443
321,face,no_noise,3,1,1.9704
321,face,no_noise,1,0,2.2339
321,face,no_noise,3,1,2.4112
321,face,no_noise,2,1,3.7776
321,face,no_noise,1,1,3.8694
321,face,no_noise,2,1,3.3554
321,face,no_noise,2,1,2.8891
321,face,no_noise,2,1,2.8557
321,face,no_noise,3,0,2.8782
321,face,no_noise,1,1,3.2139
321,face,no_noise,3,1,3.1785
321,face,no_noise,1,1,3.1918
321,face,no_noise,2,1,2.7034
321,face,no_noise,2,1,2.6002
321,face,no_noise,1,1,2.6155
321,face,no_noise,3,1,2.6231
321,face,no_noise,1,1,3.2785
321,face,no_noise,2,1,2.6567
321,face,no_noise,1,1,2.8888
321,face,no_noise,1,1,2.7499
321,face,no_noise,3,1,3.3338
321,face,noise,2,1,3.1554
321,face,noise,1,0,3.4457
321,face,noise,1,1,3.3106
321,face,noise,1,1,3.558
321,face,noise,3,1,2.7891
321,face,noise,1,1,2.6448
321,face,noise,2,1,2.4116
321,face,noise,1,1,2.5448
321,face,noise,1,0,1.2226
321,face,noise,3,0,1.9886
321,face,noise,1,0,3.6579
321,face,noise,2,1,2.4445
321,face,noise,1,1,2.2117
321,face,noise,2,1,2.7894
321,face,noise,1,1,2.3671
321,face,noise,3,0,1.6667
321,face,noise,3,1,1.7564
321,face,noise,1,1,2.3
321,face,noise,3,1,3.2116
321,face,noise,2,0,1.9233
321,face,noise,3,0,2.6336
321,face,noise,1,1,1.7498
321,face,noise,1,1,2.2585
321,face,noise,1,0,2.2001
321,car,no_noise,2,1,2.4307
321,car,no_noise,1,1,3.8709
321,car,no_noise,2,0,2.8613
321,car,no_noise,1,0,5.69
321,car,no_noise,1,0,4.53
321,car,no_noise,3,0,2.3682
321,car,no_noise,3,1,3.6564
321,car,no_noise,2,0,6.5593
321,car,no_noise,1,1,2.6344
321,car,no_noise,1,0,3.2879
321,car,no_noise,1,0,3.2772
321,car,no_noise,3,1,2.5789
321,car,no_noise,2,1,3.8532
321,car,no_noise,1,0,2.3147
321,car,no_noise,3,1,2.7421
321,car,no_noise,3,0,5.3196
321,car,no_noise,2,0,3.5832
321,car,no_noise,1,1,1.8616
321,car,no_noise,1,0,2.8719
321,car,no_noise,3,0,2.3742
321,car,no_noise,3,0,5.0291
321,car,no_noise,2,0,4.2152
321,car,no_noise,3,1,3.1262
321,car,no_noise,1,0,2.0724
321,car,no_noise,2,1,2.9505
321,car,no_noise,1,0,3.6829
321,car,no_noise,2,1,2.2162
321,car,no_noise,1,0,2.5493
321,car,no_noise,3,0,1.9492
321,car,no_noise,1,1,3.7177
321,car,noise,2,1,3.7619
321,car,noise,3,1,4.4445
321,car,noise,3,1,3.0341
321,car,noise,3,0,3.0902
321,car,noise,2,1,2.3114
321,car,noise,2,1,2.3927
321,car,noise,3,0,3.2237
321,car,noise,1,1,1.8451
321,car,noise,1,0,1.4771
321,car,noise,1,1,2.5231
321,car,noise,2,0,2.3995
321,car,noise,3,1,2.3452
321,car,noise,1,0,3.6895
321,car,noise,1,0,2.8471
321,car,noise,3,1,2.2776
321,car,noise,2,1,2.733
321,car,noise,3,0,4.0329
321,car,noise,2,1,2.2234
321,car,noise,2,1,3.023
321,car,noise,3,0,5.5573
321,car,noise,2,0,1.453
321,car,noise,2,0,3.4456
321,car,noise,1,1,2.7779
321,car,noise,3,1,4.7537
322,face,no_noise,2,0,2.8865
322,face,no_noise,2,1,2.1691
322,face,no_noise,3,0,1.2025
322,face,no_noise,3,1,1.7356
322,face,no_noise,3,1,1.5329
322,face,no_noise,2,1,1.383
322,face,no_noise,1,1,1.7237
322,face,no_noise,3,1,1.2026
322,face,no_noise,2,1,2.6422
322,face,no_noise,3,1,2.0516
322,face,no_noise,2,1,1.9164
322,face,no_noise,3,1,1.5267
322,face,no_noise,2,1,1.7178
322,face,no_noise,1,1,1.9875
322,face,no_noise,2,1,2.0932
322,face,no_noise,3,0,1.8847
322,face,no_noise,2,1,2.0168
322,face,no_noise,2,1,2.1079
322,face,no_noise,3,0,2.792
322,face,no_noise,3,1,2.8229
322,face,no_noise,2,0,2.9161
322,face,no_noise,2,1,2.25
322,face,no_noise,2,1,0.9684
322,face,no_noise,3,0,2.3096
322,face,no_noise,1,0,2.6675
322,face,no_noise,1,1,1.4055
322,face,no_noise,3,0,2.1852
322,face,no_noise,3,0,1.5059
322,face,no_noise,1,1,2.0171
322,face,no_noise,3,1,2.0014
322,face,noise,3,0,1.8349
322,face,noise,3,1,1.4083
322,face,noise,3,0,1.4923
322,face,noise,1,1,1.8581
322,face,noise,3,1,1.4746
322,face,noise,3,0,1.6266
322,face,noise,3,0,2.0746000000000002
322,face,noise,3,0,2.0995
322,face,noise,1,0,2.0532
322,face,noise,3,0,1.1728
322,face,noise,3,0,1.5565
322,face,noise,2,1,1.6699
322,face,noise,1,1,2.3019
322,face,noise,2,1,2.3827
322,face,noise,1,1,2.9009
322,face,noise,2,1,1.6872
322,face,noise,2,0,2.4678
322,face,noise,2,0,2.4867
322,face,noise,2,0,1.7042
322,face,noise,3,0,2.5849
322,face,noise,2,0,1.9697
322,face,noise,1,1,2.6996000000000002
322,face,noise,1,1,2.8994
322,face,noise,3,1,2.7667
322,car,no_noise,2,1,2.3505
322,car,no_noise,1,1,2.6489
322,car,no_noise,2,0,2.7194
322,car,no_noise,1,0,2.4206
322,car,no_noise,2,1,2.4469
322,car,no_noise,2,0,1.7433
322,car,no_noise,3,1,2.4554
322,car,no_noise,2,0,3.2259
322,car,no_noise,1,1,3.0395
322,car,no_noise,1,0,3.3765
322,car,no_noise,1,0,2.5312
322,car,no_noise,3,1,2.1689
322,car,no_noise,3,0,3.271
322,car,no_noise,2,1,2.5636
322,car,no_noise,3,1,2.0178
322,car,no_noise,3,0,2.5125
322,car,no_noise,3,0,3.2257
322,car,no_noise,3,0,2.5129
322,car,no_noise,3,0,2.912
322,car,no_noise,3,0,2.4172
322,car,no_noise,3,0,2.3719
322,car,no_noise,3,0,2.5403
322,car,no_noise,3,1,3.043
322,car,no_noise,2,1,2.2176
322,car,no_noise,3,0,3.0878
322,car,no_noise,2,0,2.1919
322,car,no_noise,2,1,1.9726
322,car,no_noise,2,1,1.8953
322,car,no_noise,3,0,1.8056
322,car,no_noise,2,0,1.8889
322,car,noise,2,1,2.6307
322,car,noise,1,0,2.1508
322,car,noise,3,1,2.7685
322,car,noise,2,0,1.9015
322,car,noise,3,0,2.0372
322,car,noise,2,1,2.6527
322,car,noise,3,0,2.8279
322,car,noise,1,1,3.6534
322,car,noise,1,0,4.292
322,car,noise,1,1,3.0885
322,car,noise,2,0,2.3779
322,car,noise,3,1,2.0384
322,car,noise,1,0,2.5165
322,car,noise,1,0,3.2218
322,car,noise,1,0,1.6942
322,car,noise,1,0,1.9794
322,car,noise,2,1,2.3054
322,car,noise,3,0,2.7559
322,car,noise,1,0,2.4725
322,car,noise,1,0,2.4613
322,car,noise,1,0,1.6415
322,car,noise,2,0,3.0151
322,car,noise,1,1,2.7491
322,car,noise,2,0,2.9852
323,face,no_noise,1,1,3.8726
323,face,no_noise,2,1,3.5187
323,face,no_noise,1,1,1.819700001
323,face,no_noise,3,1,3.6687
323,face,no_noise,2,0,6.652099999
323,face,no_noise,2,1,4.2368
323,face,no_noise,1,1,3.206400001
323,face,no_noise,3,1,2.8689
323,face,no_noise,2,1,3.148599999
323,face,no_noise,3,1,2.9791
323,face,no_noise,2,1,3.3959
323,face,no_noise,3,1,3.8062
323,face,no_noise,2,1,2.6349
323,face,no_noise,2,0,4.6638
323,face,no_noise,2,1,1.8574
323,face,no_noise,2,1,4.797099999
323,face,no_noise,2,1,2.472
323,face,no_noise,2,1,5.4972
323,face,no_noise,1,1,4.6748
323,face,no_noise,3,1,3.0373
323,face,no_noise,1,1,2.7143
323,face,no_noise,2,1,1.5084
323,face,no_noise,2,1,1.5465
323,face,no_noise,1,1,1.881
323,face,no_noise,3,1,2.669
323,face,no_noise,1,1,1.9212
323,face,no_noise,3,0,6.2759
323,face,no_noise,1,1,2.188400001
323,face,no_noise,1,1,2.9858
323,face,no_noise,3,1,2.337099999
323,face,noise,2,1,3.028099999
323,face,noise,3,1,3.0455
323,face,noise,3,0,3.4743
323,face,noise,1,1,1.4983
323,face,noise,3,1,4.024400001
323,face,noise,1,1,6.4634
323,face,noise,2,1,3.498599999
323,face,noise,1,1,1.814400001
323,face,noise,3,0,3.014799999
323,face,noise,2,1,2.6246
323,face,noise,2,1,2.370599999
323,face,noise,2,1,3.3521
323,face,noise,1,1,3.8083
323,face,noise,2,1,1.321
323,face,noise,1,1,3.499900001
323,face,noise,2,1,3.2892
323,face,noise,3,1,2.1096
323,face,noise,1,1,1.7902
323,face,noise,3,1,2.8498
323,face,noise,2,0,4.3551
323,face,noise,1,1,2.9141
323,face,noise,1,1,2.6857
323,face,noise,1,1,2.6582
323,face,noise,3,1,5.6991
323,car,no_noise,2,1,6.294900001
323,car,no_noise,1,1,5.9912
323,car,no_noise,1,1,4.8077
323,car,no_noise,1,0,5.69
323,car,no_noise,1,0,3.26
323,car,no_noise,1,1,4.6795
323,car,no_noise,3,1,9.1647
323,car,no_noise,1,1,3.5265
323,car,no_noise,1,1,3.3058
323,car,no_noise,3,1,8.4132
323,car,no_noise,3,1,3.6733
323,car,no_noise,3,1,2.906900001
323,car,no_noise,2,1,4.5116
323,car,no_noise,1,0,4.9044
323,car,no_noise,1,0,5.502200001
323,car,no_noise,3,0,5.5203
323,car,no_noise,2,0,4.439900001
323,car,no_noise,2,0,5.2124
323,car,no_noise,2,1,3.3301
323,car,no_noise,3,0,4.8903
323,car,no_noise,1,1,1.5211
323,car,no_noise,1,1,11.4054
323,car,no_noise,3,1,3.763400001
323,car,no_noise,3,0,8.2395
323,car,no_noise,3,0,5.5661
323,car,no_noise,2,0,8.1206
323,car,no_noise,2,1,6.7067
323,car,no_noise,2,1,2.6332
323,car,no_noise,3,0,3.3574
323,car,no_noise,1,1,3.2798
323,car,noise,2,1,4.776900001
323,car,noise,2,0,2.7145
323,car,noise,3,1,3.202
323,car,noise,1,1,15.8054
323,car,noise,2,1,4.3507
323,car,noise,2,1,2.303599999
323,car,noise,1,1,2.2484
323,car,noise,1,1,4.224
323,car,noise,2,1,3.255599999
323,car,noise,2,0,9.2362
323,car,noise,1,1,4.835
323,car,noise,3,1,2.989900001
323,car,noise,2,1,1.808400001
323,car,noise,1,0,2.6587
323,car,noise,3,1,4.990299999
323,car,noise,2,1,3.9202
323,car,noise,2,1,5.0007
323,car,noise,2,1,3.1179
323,car,noise,3,0,7.6386
323,car,noise,2,1,5.1491
323,car,noise,2,0,4.839
323,car,noise,3,1,3.6706
323,car,noise,3,0,4.8352
323,car,noise,3,1,5.869
324,car,no_noise,2,1,5.2636
324,car,no_noise,1,1,5.5634
324,car,no_noise,2,0,7.8302
324,car,no_noise,2,0,5.9495
324,car,no_noise,1,0,11.5461
324,car,no_noise,3,0,9.166
324,car,no_noise,1,0,8.2376
324,car,no_noise,1,1,3.3216
324,car,no_noise,1,1,4.0256
324,car,no_noise,1,0,6.5718
324,car,no_noise,3,1,4.7544
324,car,no_noise,3,1,5.2314
324,car,no_noise,2,1,5.1597
324,car,no_noise,2,1,4.1546
324,car,no_noise,3,1,4.3436
324,car,no_noise,3,0,3.0058
324,car,no_noise,1,1,4.1982
324,car,no_noise,3,0,4.5039
324,car,no_noise,1,0,2.3616
324,car,no_noise,1,1,3.9752
324,car,no_noise,3,0,2.5018
324,car,no_noise,1,1,5.0777
324,car,no_noise,1,0,3.3683
324,car,no_noise,2,1,5.6816
324,car,no_noise,2,1,3.4831
324,car,no_noise,2,0,5.82
324,car,no_noise,3,0,2.9063
324,car,no_noise,2,1,2.9799
324,car,no_noise,1,1,11.6017
324,car,no_noise,2,0,2.992
324,car,noise,3,0,4.8668
324,car,noise,3,1,4.5587
324,car,noise,3,1,3.0606
324,car,noise,2,0,2.3276
324,car,noise,2,1,5.1418
324,car,noise,2,1,1.6085
324,car,noise,3,0,1.8263
324,car,noise,1,1,2.8729
324,car,noise,2,1,2.2765
324,car,noise,1,1,1.9928
324,car,noise,1,1,2.7766
324,car,noise,3,1,2.2615
324,car,noise,2,1,7.3383
324,car,noise,3,1,5.8633
324,car,noise,3,1,2.2008
324,car,noise,2,1,6.5896
324,car,noise,3,0,2.8131
324,car,noise,2,1,2.1669
324,car,noise,2,1,3.3935
324,car,noise,3,0,2.3482
324,car,noise,3,1,3.2579
324,car,noise,3,1,1.6603
324,car,noise,3,0,3.2261
324,car,noise,3,1,1.5119
324,face,no_noise,1,1,4.7044
324,face,no_noise,2,1,3.3999
324,face,no_noise,1,1,1.9001
324,face,no_noise,2,0,3.4582
324,face,no_noise,2,0,2.594
324,face,no_noise,3,0,2.714
324,face,no_noise,3,0,1.7173
324,face,no_noise,3,1,2.6728
324,face,no_noise,3,0,5.9693
324,face,no_noise,2,0,3.7743
324,face,no_noise,1,0,1.6743
324,face,no_noise,3,1,1.6174
324,face,no_noise,2,1,2.6813
324,face,no_noise,1,1,2.1386
324,face,no_noise,2,1,2.1982
324,face,no_noise,3,0,1.8328
324,face,no_noise,3,0,2.7509
324,face,no_noise,3,0,2.6498
324,face,no_noise,3,0,2.1019
324,face,no_noise,3,1,1.9837
324,face,no_noise,3,0,3.6967
324,face,no_noise,2,1,2.161
324,face,no_noise,2,1,2.3283
324,face,no_noise,3,0,2.1787
324,face,no_noise,3,1,2.635
324,face,no_noise,2,0,3.4976
324,face,no_noise,2,1,1.4185
324,face,no_noise,1,1,3.9183
324,face,no_noise,3,0,1.6558
324,face,no_noise,2,0,1.9065
324,face,noise,3,0,5.7408
324,face,noise,2,0,1.9266
324,face,noise,2,0,1.83
324,face,noise,1,1,1.6832
324,face,noise,3,1,2.9641
324,face,noise,1,1,1.9498
324,face,noise,3,0,2.2861
324,face,noise,1,1,1.6835
324,face,noise,1,0,2.2078
324,face,noise,2,1,2.7505
324,face,noise,2,1,2.0612
324,face,noise,1,0,2.9638
324,face,noise,3,0,1.9818
324,face,noise,3,0,1.8113
324,face,noise,3,0,2.6945
324,face,noise,3,0,3.2764
324,face,noise,2,0,2.0018
324,face,noise,1,1,2.0175
324,face,noise,3,1,1.5996
324,face,noise,2,0,1.2297
324,face,noise,2,0,1.5549
324,face,noise,2,0,1.926
324,face,noise,2,0,2.2817
324,face,noise,3,1,1.4104
325,car,no_noise,3,0,6.495
325,car,no_noise,1,1,5.745
325,car,no_noise,3,0,9.48
325,car,no_noise,3,1,6.863
325,car,no_noise,3,0,9.912
325,car,no_noise,3,0,10.35
325,car,no_noise,3,1,5.396
325,car,no_noise,1,1,6.929
325,car,no_noise,1,1,8.786
325,car,no_noise,1,0,5.761
325,car,no_noise,3,1,6.988
325,car,no_noise,1,0,9.819
325,car,no_noise,3,0,8.943
325,car,no_noise,1,0,7.626
325,car,no_noise,1,0,10.904
325,car,no_noise,3,0,6.552
325,car,no_noise,2,0,9.463
325,car,no_noise,1,1,7.291
325,car,no_noise,1,0,7.478
325,car,no_noise,3,0,6.481
325,car,no_noise,3,0,6.796
325,car,no_noise,1,1,10.979
325,car,no_noise,1,0,5.198
325,car,no_noise,3,0,7.082
325,car,no_noise,2,1,8.867
325,car,no_noise,3,1,4.411
325,car,no_noise,1,0,6.24
325,car,no_noise,1,0,5.938
325,car,no_noise,3,0,3.008
325,car,no_noise,2,0,5.038
325,car,noise,2,1,8.756
325,car,noise,3,1,6.513
325,car,noise,3,1,5.054
325,car,noise,1,1,5.522
325,car,noise,3,0,9.981
325,car,noise,2,1,7.785
325,car,noise,1,1,7.248
325,car,noise,1,1,5.621
325,car,noise,2,1,6.477
325,car,noise,1,1,4.847
325,car,noise,1,1,7.727
325,car,noise,3,1,8.953
325,car,noise,2,1,4.476
325,car,noise,3,1,4.121
325,car,noise,3,1,5.302
325,car,noise,2,1,6.38
325,car,noise,1,0,8.82
325,car,noise,2,1,5.769
325,car,noise,2,1,8.886
325,car,noise,2,1,7.983
325,car,noise,2,0,4.901
325,car,noise,3,1,4.758
325,car,noise,3,0,8.402
325,car,noise,3,1,4.524
325,face,no_noise,1,1,3.221
325,face,no_noise,2,1,3.622
325,face,no_noise,1,1,3.366
325,face,no_noise,3,1,4.864
325,face,no_noise,3,1,3.95
325,face,no_noise,3,0,2.519
325,face,no_noise,1,1,3.554
325,face,no_noise,3,1,3.139
325,face,no_noise,2,1,3.042
325,face,no_noise,3,1,2.958
325,face,no_noise,2,1,5.947
325,face,no_noise,2,0,4.593
325,face,no_noise,2,1,5.066
325,face,no_noise,2,0,4.699
325,face,no_noise,2,1,3.568
325,face,no_noise,3,0,4.468
325,face,no_noise,2,1,4.99
325,face,no_noise,2,1,5.421
325,face,no_noise,3,0,5.802
325,face,no_noise,3,1,5.78
325,face,no_noise,1,1,4.347
325,face,no_noise,2,1,4.085
325,face,no_noise,2,1,4.559
325,face,no_noise,1,1,5.666
325,face,no_noise,3,1,5.666
325,face,no_noise,1,1,5.211
325,face,no_noise,2,1,5.822
325,face,no_noise,1,1,5.412
325,face,no_noise,1,1,6.429
325,face,no_noise,3,1,5.269
325,face,noise,2,1,3.849
325,face,noise,2,0,4.87
325,face,noise,3,0,6.205
325,face,noise,1,1,5.311
325,face,noise,3,1,5.865
325,face,noise,3,0,6.741
325,face,noise,2,1,6.252
325,face,noise,3,0,4.204
325,face,noise,3,0,4.392
325,face,noise,2,1,3.609
325,face,noise,2,1,5.741
325,face,noise,2,1,4.929
325,face,noise,3,0,6.917
325,face,noise,1,0,5.644
325,face,noise,1,1,5.864
325,face,noise,2,1,6.693
325,face,noise,3,1,7.587
325,face,noise,2,0,8.521
325,face,noise,3,1,4.256
325,face,noise,1,1,7.625
325,face,noise,3,0,6.486
325,face,noise,1,1,6.384
325,face,noise,1,1,5.972
325,face,noise,2,0,6.137
326,car,no_noise,2,1,3.9487
326,car,no_noise,1,1,3.9332
326,car,no_noise,3,0,2.3157
326,car,no_noise,2,0,1.7063
326,car,no_noise,1,0,3.5776
326,car,no_noise,1,1,2.6409
326,car,no_noise,3,1,1.3955
326,car,no_noise,3,0,2.7679
326,car,no_noise,1,1,3.4285
326,car,no_noise,1,0,2.4508
326,car,no_noise,3,1,2.6284
326,car,no_noise,2,0,2.7459
326,car,no_noise,2,1,2.0985
326,car,no_noise,3,0,2.1616
326,car,no_noise,2,0,3.6339
326,car,no_noise,3,0,2.2599
326,car,no_noise,1,1,2.4493
326,car,no_noise,2,0,3.6303
326,car,no_noise,3,0,1.8037
326,car,no_noise,3,0,2.9868
326,car,no_noise,2,0,1.8545
326,car,no_noise,1,1,3.6713
326,car,no_noise,3,1,2.1825
326,car,no_noise,1,0,4.2958
326,car,no_noise,2,1,4.0037
326,car,no_noise,3,1,3.145
326,car,no_noise,3,0,2.2516
326,car,no_noise,2,1,3.3288
326,car,no_noise,3,0,1.8961
326,car,no_noise,2,0,2.6868
326,car,noise,3,0,5.7441
326,car,noise,1,0,3.3004
326,car,noise,3,1,1.6367
326,car,noise,2,0,2.5602
326,car,noise,2,1,1.7536
326,car,noise,2,1,4.4418
326,car,noise,1,1,3.5152
326,car,noise,1,1,2.0245
326,car,noise,2,1,4.0391
326,car,noise,1,1,4.011
326,car,noise,1,1,4.239
326,car,noise,3,1,3.0307
326,car,noise,2,1,3.1993
326,car,noise,2,0,3.0872
326,car,noise,3,1,2.319
326,car,noise,1,0,2.2527
326,car,noise,3,0,2.2008
326,car,noise,2,1,1.9205
326,car,noise,3,0,3.7368
326,car,noise,3,0,2.0244
326,car,noise,3,1,2.0635
326,car,noise,1,0,5.0848
326,car,noise,2,0,1.6247
326,car,noise,2,0,3.4585
326,face,no_noise,1,1,2.2554
326,face,no_noise,2,1,2.4327
326,face,no_noise,1,1,1.3664
326,face,no_noise,3,1,4.3177
326,face,no_noise,1,0,1.2233
326,face,no_noise,2,1,2.4333
326,face,no_noise,3,0,1.8003
326,face,no_noise,3,1,2.3515
326,face,no_noise,2,1,2.333
326,face,no_noise,3,1,3.3316
326,face,no_noise,2,1,2.5163
326,face,no_noise,3,1,1.1757
326,face,no_noise,3,0,1.2258
326,face,no_noise,1,1,1.4331
326,face,no_noise,1,0,1.224
326,face,no_noise,3,0,1.8
326,face,no_noise,2,1,2.3494
326,face,no_noise,3,0,1.5528
326,face,no_noise,1,1,1.6239
326,face,no_noise,3,1,1.8341
326,face,no_noise,2,0,1.7162
326,face,no_noise,2,1,3.2991
326,face,no_noise,2,1,3.4364
326,face,no_noise,3,0,1.6164
326,face,no_noise,3,1,1.4534
326,face,no_noise,1,1,2.5669
326,face,no_noise,3,0,1.8022
326,face,no_noise,2,0,2.0501
326,face,no_noise,3,0,3.2837
326,face,no_noise,2,0,3.1056
326,face,noise,2,1,5.0362
326,face,noise,3,1,1.3201
326,face,noise,1,1,2.2494
326,face,noise,1,1,1.0009
326,face,noise,3,1,2.0759
326,face,noise,1,1,2.1663
326,face,noise,3,0,1.9183
326,face,noise,1,1,1.7379
326,face,noise,2,1,2.6214
326,face,noise,2,1,1.8392
326,face,noise,2,1,1.0329
326,face,noise,2,1,2.0662
326,face,noise,3,0,1.6
326,face,noise,1,0,2.2325
326,face,noise,2,0,3.234
326,face,noise,3,0,1.7332
326,face,noise,3,1,1.4164
326,face,noise,1,1,1.9498
326,face,noise,3,1,3.0192
326,face,noise,1,1,1.6765
326,face,noise,1,1,2.9151
326,face,noise,3,0,1.9184
326,face,noise,2,0,3.1359
326,face,noise,3,1,2.2372
327,car,no_noise,2,1,12.6628
327,car,no_noise,1,1,7.2685
327,car,no_noise,1,1,6.6345
327,car,no_noise,2,0,11.1222
327,car,no_noise,3,0,11.1309
327,car,no_noise,1,1,4.3929
327,car,no_noise,1,0,8.8019
327,car,no_noise,1,1,8.744
327,car,no_noise,1,1,11.8707
327,car,no_noise,3,1,11.5802
327,car,no_noise,3,1,9.1838
327,car,no_noise,3,1,3.8131
327,car,no_noise,2,1,3.6683
327,car,no_noise,2,1,4.4832
327,car,no_noise,1,0,5.496
327,car,no_noise,1,0,11.0459
327,car,no_noise,1,1,9.5742
327,car,no_noise,2,0,2.2119
327,car,no_noise,2,1,5.8718
327,car,no_noise,3,0,5.4632
327,car,no_noise,1,1,12.0434
327,car,no_noise,1,1,8.3625
327,car,no_noise,3,1,7.5401
327,car,no_noise,3,0,2.9327
327,car,no_noise,2,1,3.3161
327,car,no_noise,3,1,6.8559
327,car,no_noise,2,1,5.7899
327,car,no_noise,2,1,4.1917
327,car,no_noise,3,0,2.8576
327,car,no_noise,3,0,5.0179
327,car,noise,2,1,4.7571
327,car,noise,3,1,3.1684
327,car,noise,3,1,6.5856
327,car,noise,2,0,7.4711
327,car,noise,2,1,4.2634
327,car,noise,2,1,5.6369
327,car,noise,1,1,4.9717
327,car,noise,1,1,5.4617000000000004
327,car,noise,2,1,8.4472
327,car,noise,3,0,2.4152
327,car,noise,1,1,6.0101
327,car,noise,3,1,6.2373
327,car,noise,2,1,3.1291
327,car,noise,1,0,4.6504
327,car,noise,3,1,3.2197
327,car,noise,1,0,5.8888
327,car,noise,2,1,10.1942
327,car,noise,2,1,7.4218
327,car,noise,3,0,5.8514
327,car,noise,2,1,7.3258
327,car,noise,1,0,2.3615
327,car,noise,3,1,5.2993
327,car,noise,3,0,3.6367
327,car,noise,2,0,2.3723
327,face,no_noise,1,1,4.4381
327,face,no_noise,2,1,7.3711
327,face,no_noise,1,1,11.0913
327,face,no_noise,3,1,3.5748
327,face,no_noise,3,1,6.9808
327,face,no_noise,1,0,4.8003
327,face,no_noise,2,0,5.6969
327,face,no_noise,3,1,8.6001
327,face,no_noise,1,0,6.5127
327,face,no_noise,1,0,4.351
327,face,no_noise,3,0,4.5143
327,face,no_noise,2,0,5.6738
327,face,no_noise,3,0,6.0968
327,face,no_noise,1,1,4.2475
327,face,no_noise,2,1,5.9499
327,face,no_noise,2,1,7.7836
327,face,no_noise,2,1,6.4338
327,face,no_noise,3,0,7.0463
327,face,no_noise,3,0,3.249
327,face,no_noise,3,1,2.2933
327,face,no_noise,2,0,5.0795
327,face,no_noise,2,1,6.4665
327,face,no_noise,1,0,2.4845
327,face,no_noise,1,1,5.7137
327,face,no_noise,3,1,4.0146
327,face,no_noise,1,1,3.5629
327,face,no_noise,2,1,5.4599
327,face,no_noise,3,0,8.0648
327,face,no_noise,3,0,1.9629
327,face,no_noise,1,0,2.8196
327,face,noise,1,0,3.7735
327,face,noise,3,1,6.591
327,face,noise,3,0,5.0072
327,face,noise,1,1,6.5566
327,face,noise,2,0,2.1574
327,face,noise,3,0,2.2371
327,face,noise,2,1,2.7383
327,face,noise,2,0,2.7077
327,face,noise,2,1,2.4685
327,face,noise,2,1,2.4893
327,face,noise,2,1,3.9394
327,face,noise,3,0,1.9465
327,face,noise,1,1,2.5632
327,face,noise,2,1,5.5755
327,face,noise,1,1,3.9675
327,face,noise,3,0,3.9563
327,face,noise,3,1,1.8562
327,face,noise,3,0,4.3663
327,face,noise,1,0,2.78
327,face,noise,1,1,2.0176
327,face,noise,3,0,2.2183
327,face,noise,3,0,2.4757
327,face,noise,2,0,2.0864
327,face,noise,3,1,2.6822
328,car,no_noise,2,1,5.7374
328,car,no_noise,1,1,3.8319
328,car,no_noise,3,0,4.9381
328,car,no_noise,1,0,7.9801
328,car,no_noise,1,0,7.9735
328,car,no_noise,3,0,3.6946
328,car,no_noise,3,1,4.9978
328,car,no_noise,3,0,5.3838
328,car,no_noise,1,1,2.7657
328,car,no_noise,3,1,4.428
328,car,no_noise,1,0,3.5176
328,car,no_noise,1,0,1.5843
328,car,no_noise,2,1,4.1495
328,car,no_noise,1,0,2.9532
328,car,no_noise,2,0,6.8294
328,car,no_noise,2,1,4.0678
328,car,no_noise,1,1,3.9473
328,car,no_noise,2,0,4.4792
328,car,no_noise,3,0,8.5776
328,car,no_noise,3,0,2.1673
328,car,no_noise,1,1,3.5496
328,car,no_noise,3,0,3.6314
328,car,no_noise,3,1,5.1066
328,car,no_noise,3,0,5.468
328,car,no_noise,2,1,2.9632
328,car,no_noise,3,1,3.0584
328,car,no_noise,1,0,2.9222
328,car,no_noise,2,1,2.5826
328,car,no_noise,3,0,1.9818
328,car,no_noise,3,0,5.5113
328,car,noise,2,1,3.9011
328,car,noise,3,1,3.2949
328,car,noise,2,0,3.3202
328,car,noise,1,1,2.3241
328,car,noise,2,1,1.6932
328,car,noise,2,1,2.5005
328,car,noise,3,0,4.2032
328,car,noise,1,1,3.0231
328,car,noise,1,0,1.9936
328,car,noise,2,0,2.6781
328,car,noise,1,1,1.8841
328,car,noise,3,1,2.2191
328,car,noise,2,1,3.331
328,car,noise,1,0,2.5807
328,car,noise,3,1,1.6312
328,car,noise,2,1,2.2417
328,car,noise,2,1,2.7706
328,car,noise,2,1,1.3801
328,car,noise,1,0,2.4698
328,car,noise,2,1,1.7053
328,car,noise,3,1,2.5507
328,car,noise,1,0,2.7799
328,car,noise,1,1,2.5364
328,car,noise,3,1,1.7711
328,face,no_noise,1,1,2.2197
328,face,no_noise,3,0,2.5377
328,face,no_noise,1,1,1.6965
328,face,no_noise,3,1,2.0757
328,face,no_noise,2,0,2.3683
328,face,no_noise,2,1,1.858
328,face,no_noise,1,1,1.8845
328,face,no_noise,3,1,1.8252
328,face,no_noise,2,1,1.836
328,face,no_noise,2,0,2.09
328,face,no_noise,2,1,2.0105
328,face,no_noise,2,0,2.1816
328,face,no_noise,3,0,2.0551
328,face,no_noise,2,0,2.1408
328,face,no_noise,1,0,2.2772
328,face,no_noise,3,0,2.3389
328,face,no_noise,3,0,1.8936
328,face,no_noise,1,0,2.2695
328,face,no_noise,2,0,1.6672
328,face,no_noise,3,1,1.9426
328,face,no_noise,2,0,3.3546
328,face,no_noise,3,0,2.674
328,face,no_noise,2,1,1.6582
328,face,no_noise,3,0,1.7476
328,face,no_noise,2,0,4.1536
328,face,no_noise,1,1,3.4212
328,face,no_noise,2,1,2.5596
328,face,no_noise,3,0,3.2489
328,face,no_noise,2,0,1.4949
328,face,no_noise,2,0,2.913
328,face,noise,2,1,3.0439
328,face,noise,2,0,1.752
328,face,noise,1,1,1.8232
328,face,noise,2,0,1.6346
328,face,noise,3,1,1.8182
328,face,noise,2,0,2.3253
328,face,noise,3,0,1.6355
328,face,noise,2,0,2.7465
328,face,noise,3,0,1.9014
328,face,noise,3,0,1.7188
328,face,noise,1,0,1.876
328,face,noise,3,0,1.4716
328,face,noise,2,0,1.6786
328,face,noise,1,0,2.4373
328,face,noise,1,1,2.0741
328,face,noise,2,1,2.558
328,face,noise,2,0,1.6699
328,face,noise,3,0,2.3519
328,face,noise,2,0,1.0247
328,face,noise,1,1,1.5123
328,face,noise,3,0,2.3244
328,face,noise,2,0,2.1396
328,face,noise,3,0,2.2011
328,face,noise,2,0,2.311
330,car,no_noise,3,0,2.2496
330,car,no_noise,3,0,1.3346
330,car,no_noise,1,1,1.2081
330,car,no_noise,2,0,1.1072
330,car,no_noise,1,0,1.3305
330,car,no_noise,2,0,1.4068
330,car,no_noise,1,0,1.1293
330,car,no_noise,1,1,1.0613
330,car,no_noise,2,0,1.2111
330,car,no_noise,1,0,1.2651
330,car,no_noise,3,1,0.9436
330,car,no_noise,1,0,1.1774
330,car,no_noise,2,1,5.0548
330,car,no_noise,2,1,0.6825
330,car,no_noise,1,0,0.6547
330,car,no_noise,3,0,1.8189
330,car,no_noise,2,0,0.8003
330,car,no_noise,3,0,0.7935
330,car,no_noise,2,1,0.8046
330,car,no_noise,3,0,0.584
330,car,no_noise,2,0,0.4472
330,car,no_noise,1,1,0.5039
330,car,no_noise,1,0,0.8638
330,car,no_noise,1,0,0.8107
330,car,no_noise,2,1,0.7692
330,car,no_noise,2,0,0.8685
330,car,no_noise,2,1,1.2742
330,car,no_noise,2,1,1.0495
330,car,no_noise,1,1,1.1558
330,car,no_noise,1,1,1.0782
330,car,noise,1,0,8.6743
330,car,noise,1,0,1.2031
330,car,noise,2,0,1.8484
330,car,noise,2,0,0.9336
330,car,noise,2,1,1.2231
330,car,noise,2,1,1.5812
330,car,noise,1,1,1.5739
330,car,noise,1,1,1.0698
330,car,noise,1,0,1.0521
330,car,noise,1,1,1.9751
330,car,noise,1,1,0.9448
330,car,noise,3,1,1.5006
330,car,noise,1,0,1.6426
330,car,noise,1,0,1.0295
330,car,noise,1,0,1.6032
330,car,noise,2,1,1.4446
330,car,noise,1,0,1.0761
330,car,noise,2,1,2.0503
330,car,noise,1,0,1.4187
330,car,noise,2,1,2.2252
330,car,noise,2,0,1.6958
330,car,noise,1,0,0.9092
330,car,noise,2,0,1.7672
330,car,noise,2,0,1.9949
330,face,no_noise,2,0,2.5617
330,face,no_noise,3,0,1.3432
330,face,no_noise,2,0,0.8282
330,face,no_noise,1,0,0.9219
330,face,no_noise,2,0,1.0326
330,face,no_noise,3,0,0.7873
330,face,no_noise,1,1,1.0115
330,face,no_noise,2,0,0.6365
330,face,no_noise,3,0,0.8686
330,face,no_noise,2,0,1.7593
330,face,no_noise,1,0,0.9078
330,face,no_noise,2,0,1.1875
330,face,no_noise,3,0,1.2038
330,face,no_noise,2,0,0.9383
330,face,no_noise,3,0,1.5743
330,face,no_noise,2,1,0.7028
330,face,no_noise,1,0,1.9773
330,face,no_noise,2,1,1.094
330,face,no_noise,3,0,1.0888
330,face,no_noise,2,0,2.136
330,face,no_noise,2,0,3.3314
330,face,no_noise,3,0,0.7801
330,face,no_noise,1,0,2.9782
330,face,no_noise,2,0,2.3422
330,face,no_noise,3,1,0.7939
330,face,no_noise,2,0,1.7578
330,face,no_noise,1,0,0.8817
330,face,no_noise,3,0,0.7371
330,face,no_noise,3,0,0.6765
330,face,no_noise,2,0,0.791
330,face,noise,2,1,0.8689
330,face,noise,3,1,0.8403
330,face,noise,1,1,0.7716
330,face,noise,2,0,1.6946
330,face,noise,3,1,1.0915
330,face,noise,2,0,0.9272
330,face,noise,1,0,1.3378
330,face,noise,3,0,2.5592
330,face,noise,2,1,1.051
330,face,noise,2,1,3.2177
330,face,noise,3,0,2.4206
330,face,noise,1,0,2.7808
330,face,noise,3,0,1.4434
330,face,noise,2,1,1.7366
330,face,noise,2,0,0.8614
330,face,noise,3,0,1.9529
330,face,noise,3,1,1.3037
330,face,noise,2,0,1.3918
330,face,noise,3,1,0.9839
330,face,noise,1,1,1.2885
330,face,noise,2,0,1.5907
330,face,noise,3,0,2.2603
330,face,noise,2,0,2.7217
330,face,noise,2,0,4.0334
332,face,no_noise,1,1,14.8594
332,face,no_noise,3,0,9.751
332,face,no_noise,1,1,13.7859
332,face,no_noise,2,0,6.5942
332,face,no_noise,3,1,15.1365
332,face,no_noise,3,0,6.9157
332,face,no_noise,2,0,47.5043
332,face,no_noise,3,1,45.624
332,face,no_noise,2,1,4.7469
332,face,no_noise,3,1,10.1029
332,face,no_noise,2,1,5.3837
332,face,no_noise,3,1,3.648
332,face,no_noise,3,0,6.0624
332,face,no_noise,1,1,2.6896
332,face,no_noise,2,1,49.5197
332,face,no_noise,3,0,4.3303
332,face,no_noise,2,1,4.4129
332,face,no_noise,3,0,7.6263
332,face,no_noise,3,0,48.4236
332,face,no_noise,3,1,3.1551
332,face,no_noise,3,0,3.0165
332,face,no_noise,2,1,7.7015
332,face,no_noise,2,1,18.2108
332,face,no_noise,3,0,9.0335
332,face,no_noise,3,1,4.5553
332,face,no_noise,2,0,20.7472
332,face,no_noise,2,1,3.5162
332,face,no_noise,2,0,2.5493
332,face,no_noise,3,0,5.055
332,face,no_noise,2,0,38.3139
332,face,noise,1,0,35.5068
332,face,noise,1,0,4.9882
332,face,noise,3,0,2.4409
332,face,noise,3,0,3.6317
332,face,noise,1,0,4.4985
332,face,noise,1,1,10.7072
332,face,noise,3,0,5.7202
332,face,noise,2,0,2.9575
332,face,noise,3,0,3.2016
332,face,noise,1,0,6.9317
332,face,noise,3,0,4.9907
332,face,noise,3,0,3.5157
332,face,noise,3,0,2.1335
332,face,noise,2,1,22.6557
332,face,noise,3,0,39.1391
332,face,noise,3,0,63.5513
332,face,noise,3,1,21.4494
332,face,noise,3,0,2.9604
332,face,noise,3,1,5.6663
332,face,noise,2,0,5.3928
332,face,noise,1,1,3.9587
332,face,noise,1,1,5.0831
332,face,noise,2,0,3.2397
332,face,noise,3,1,34.1346
332,car,no_noise,2,1,48.6546
332,car,no_noise,1,1,51.9958
332,car,no_noise,1,1,19.995
332,car,no_noise,1,0,37.2298
332,car,no_noise,1,0,43.7891
332,car,no_noise,1,1,6.9255
332,car,no_noise,3,1,26.9285
332,car,no_noise,1,1,12.4214
332,car,no_noise,1,1,7.4445
332,car,no_noise,3,1,14.477
332,car,no_noise,3,1,8.4921
332,car,no_noise,3,1,4.1694
332,car,no_noise,3,0,5.9101
332,car,no_noise,2,1,6.7735
332,car,no_noise,3,1,19.5954
332,car,no_noise,2,1,15.3916
332,car,no_noise,1,1,5.9845
332,car,no_noise,2,0,75.0065
332,car,no_noise,3,0,8.2274
332,car,no_noise,1,1,10.6688
332,car,no_noise,3,0,18.8278
332,car,no_noise,3,0,41.2171
332,car,no_noise,2,0,4.494
332,car,no_noise,2,1,4.4485
332,car,no_noise,1,0,8.8389
332,car,no_noise,3,1,6.241
332,car,no_noise,2,1,12.8889
332,car,no_noise,2,1,2.513
332,car,no_noise,1,1,2.9266
332,car,no_noise,1,1,5.8371
332,car,noise,2,1,13.4435
332,car,noise,3,1,3.2283
332,car,noise,3,1,4.4934
332,car,noise,1,1,4.9539
332,car,noise,2,1,8.7226
332,car,noise,2,1,5.8236
332,car,noise,1,1,3.2382
332,car,noise,1,1,3.475
332,car,noise,2,1,78.8783
332,car,noise,1,1,3.393
332,car,noise,1,1,8.6118
332,car,noise,3,1,8.8211
332,car,noise,2,1,3.3074
332,car,noise,3,1,6.9896
332,car,noise,2,0,7.643
332,car,noise,2,1,7.9472
332,car,noise,2,1,2.3774
332,car,noise,2,1,4.2366
332,car,noise,2,1,4.5875
332,car,noise,3,0,8.3865
332,car,noise,3,1,3.1016
332,car,noise,3,1,7.9851
332,car,noise,1,1,7.1523
332,car,noise,3,1,8.7319
335,car,no_noise,2,1,8.7189
335,car,no_noise,1,1,3.4547
335,car,no_noise,3,0,4.0119
335,car,no_noise,2,0,8.3348
335,car,no_noise,2,1,7.0326
335,car,no_noise,1,1,10.5948
335,car,no_noise,2,0,8.3138
335,car,no_noise,1,1,4.3041
335,car,no_noise,1,1,4.4184
335,car,no_noise,2,0,6.9181
335,car,no_noise,1,0,6.1813
335,car,no_noise,3,1,2.3389
335,car,no_noise,2,1,6.1518
335,car,no_noise,1,0,1.8864
335,car,no_noise,3,1,6.2904
335,car,no_noise,2,1,4.1716
335,car,no_noise,1,1,3.8706
335,car,no_noise,2,0,3.3919
335,car,no_noise,1,0,4.1278
335,car,no_noise,1,1,5.1273
335,car,no_noise,3,0,3.0956
335,car,no_noise,1,1,3.7905
335,car,no_noise,2,0,3.6218
335,car,no_noise,2,1,3.1382
335,car,no_noise,2,1,4.4811
335,car,no_noise,3,1,3.2736
335,car,no_noise,2,1,3.3543
335,car,no_noise,2,1,4.0228
335,car,no_noise,3,0,3.7452
335,car,no_noise,1,1,2.4362
335,car,noise,2,1,5.6313
335,car,noise,3,1,5.7218
335,car,noise,2,0,6.7657
335,car,noise,2,0,7.4843
335,car,noise,2,1,1.2993
335,car,noise,2,1,2.9531
335,car,noise,1,1,2.2255
335,car,noise,1,1,3.2764
335,car,noise,2,1,3.1616
335,car,noise,1,1,2.7487
335,car,noise,1,1,4.8683
335,car,noise,3,1,2.6279
335,car,noise,2,1,3.6917
335,car,noise,2,0,3.1366
335,car,noise,3,1,1.8114
335,car,noise,2,1,1.9481
335,car,noise,2,1,4.9526
335,car,noise,2,1,4.4427
335,car,noise,2,1,1.7412
335,car,noise,2,1,2.6794
335,car,noise,3,1,2.383
335,car,noise,1,0,2.1793
335,car,noise,2,0,4.61
335,car,noise,3,1,2.5088
335,face,no_noise,1,1,3.5044
335,face,no_noise,2,1,2.2254
335,face,no_noise,1,1,4.0583
335,face,no_noise,3,1,3.2694
335,face,no_noise,2,0,3.6316
335,face,no_noise,2,1,3.1159
335,face,no_noise,1,1,3.6816
335,face,no_noise,3,1,2.3824
335,face,no_noise,2,1,3.2124
335,face,no_noise,3,1,3.3817
335,face,no_noise,2,1,2.7828
335,face,no_noise,2,0,4.9963
335,face,no_noise,3,0,4.2976
335,face,no_noise,1,1,1.9825
335,face,no_noise,2,1,2.3508
335,face,no_noise,3,0,2.8389
335,face,no_noise,2,1,3.6979
335,face,no_noise,2,1,3.2237
335,face,no_noise,1,1,4.1206
335,face,no_noise,3,1,2.3962
335,face,no_noise,2,0,3.0485
335,face,no_noise,2,1,1.9164
335,face,no_noise,2,1,1.9832
335,face,no_noise,1,1,3.0358
335,face,no_noise,1,0,3.7014
335,face,no_noise,1,1,3.8416
335,face,no_noise,2,1,2.1272
335,face,no_noise,3,0,1.998
335,face,no_noise,1,1,1.9785
335,face,no_noise,3,1,2.4449
335,face,noise,2,1,3.0942
335,face,noise,3,1,4.0959
335,face,noise,2,0,4.4243
335,face,noise,2,0,1.6329
335,face,noise,3,1,2.2755
335,face,noise,1,1,2.7579
335,face,noise,2,1,2.8779
335,face,noise,3,0,3.9323
335,face,noise,1,0,3.8915
335,face,noise,2,1,2.9254
335,face,noise,2,1,3.0761
335,face,noise,2,1,3.5633
335,face,noise,2,0,3.9402
335,face,noise,1,0,2.7741
335,face,noise,1,1,2.0261
335,face,noise,3,0,2.792
335,face,noise,3,1,1.6345
335,face,noise,1,1,2.5261
335,face,noise,3,1,1.7099
335,face,noise,2,0,2.5086
335,face,noise,2,0,2.4764
335,face,noise,1,1,1.7757
335,face,noise,2,0,1.6752
335,face,noise,3,1,2.6279
336,car,no_noise,1,0,6.7149
336,car,no_noise,1,1,3.8511
336,car,no_noise,2,0,3.3238
336,car,no_noise,2,0,4.5882
336,car,no_noise,1,0,2.534
336,car,no_noise,3,0,2.2093
336,car,no_noise,1,0,2.637
336,car,no_noise,1,1,3.4749
336,car,no_noise,1,1,2.4913
336,car,no_noise,3,1,1.993
336,car,no_noise,3,1,1.9419
336,car,no_noise,3,1,4.1419
336,car,no_noise,1,0,3.3918
336,car,no_noise,3,0,2.4003
336,car,no_noise,3,1,2.0883
336,car,no_noise,3,0,3.125
336,car,no_noise,1,1,3.1538
336,car,no_noise,1,1,2.3497
336,car,no_noise,2,1,4.2849
336,car,no_noise,1,1,2.5998
336,car,no_noise,2,0,2.4086
336,car,no_noise,1,1,3.1929
336,car,no_noise,3,1,2.4505
336,car,no_noise,2,1,2.4233
336,car,no_noise,2,1,2.3917
336,car,no_noise,2,0,2.8071
336,car,no_noise,2,1,2.2934
336,car,no_noise,3,0,3.0663
336,car,no_noise,1,1,2.4665
336,car,no_noise,1,1,2.9538
336,car,noise,1,0,3.5417
336,car,noise,1,0,2.451
336,car,noise,2,0,2.5946
336,car,noise,1,1,2.644
336,car,noise,2,1,2.8407
336,car,noise,2,1,2.3908
336,car,noise,3,0,4.0024
336,car,noise,2,0,2.1355
336,car,noise,1,0,3.348
336,car,noise,1,1,2.4427
336,car,noise,1,1,3.7448
336,car,noise,3,1,2.4234
336,car,noise,1,0,3.6483
336,car,noise,2,0,3.3616
336,car,noise,3,1,4.2602
336,car,noise,1,0,3.0406
336,car,noise,3,0,3.4591
336,car,noise,2,1,2.1226
336,car,noise,2,1,2.4885
336,car,noise,3,0,2.0111
336,car,noise,3,1,2.2521
336,car,noise,3,1,1.3933
336,car,noise,3,0,1.4763
336,car,noise,2,0,2.2177
336,face,no_noise,3,0,4.142
336,face,no_noise,3,0,3.6164
336,face,no_noise,2,0,1.4202
336,face,no_noise,3,1,2.7194
336,face,no_noise,2,0,1.1576
336,face,no_noise,3,0,2.1499
336,face,no_noise,1,1,1.9655
336,face,no_noise,3,1,2.7506
336,face,no_noise,1,0,2.2414
336,face,no_noise,2,0,2.0087
336,face,no_noise,2,1,1.1257
336,face,no_noise,2,0,1.6353
336,face,no_noise,3,0,1.4182
336,face,no_noise,2,0,0.6503
336,face,no_noise,2,1,0.8419
336,face,no_noise,2,1,0.8253
336,face,no_noise,2,1,0.9091
336,face,no_noise,1,0,1.493
336,face,no_noise,2,0,0.6741
336,face,no_noise,3,1,0.8252
336,face,no_noise,2,0,0.5167
336,face,no_noise,2,1,0.7927
336,face,no_noise,2,1,0.7753
336,face,no_noise,1,1,0.8753
336,face,no_noise,1,0,1.6528
336,face,no_noise,2,0,1.8597
336,face,no_noise,1,0,0.6701
336,face,no_noise,2,0,0.8926
336,face,no_noise,3,0,1.8254
336,face,no_noise,1,0,1.8173
336,face,noise,2,1,3.0846
336,face,noise,1,0,2.5453
336,face,noise,1,1,0.8536
336,face,noise,1,1,0.8651
336,face,noise,3,1,0.749
336,face,noise,2,0,0.7875
336,face,noise,3,0,1.537
336,face,noise,3,0,1.1975
336,face,noise,2,1,0.7135
336,face,noise,2,1,0.8564
336,face,noise,3,0,0.888
336,face,noise,3,0,0.7805
336,face,noise,2,0,0.6743
336,face,noise,2,1,0.8913
336,face,noise,2,0,0.8115
336,face,noise,2,1,0.9005
336,face,noise,2,0,0.8194
336,face,noise,3,0,0.8417
336,face,noise,1,0,1.3103
336,face,noise,2,0,0.5444
336,face,noise,3,0,0.7586
336,face,noise,2,0,0.7096
336,face,noise,2,0,0.7002
336,face,noise,3,1,1.5916
339,face,no_noise,2,0,5.4841
339,face,no_noise,1,0,3.2367
339,face,no_noise,1,1,3.5272
339,face,no_noise,3,1,2.8231
339,face,no_noise,2,0,3.5257
339,face,no_noise,3,0,2.1734
339,face,no_noise,2,0,2.8599
339,face,no_noise,3,1,1.625
339,face,no_noise,1,0,2.2283
339,face,no_noise,3,1,3.3911
339,face,no_noise,2,1,2.1548
339,face,no_noise,3,1,2.101
339,face,no_noise,3,0,2.1927
339,face,no_noise,1,1,3.0083
339,face,no_noise,2,1,1.4804
339,face,no_noise,2,1,2.214
339,face,no_noise,2,1,1.615
339,face,no_noise,2,1,3.2093
339,face,no_noise,3,0,1.76
339,face,no_noise,1,0,2.1423
339,face,no_noise,3,0,2.583
339,face,no_noise,2,1,3.4762
339,face,no_noise,2,1,2.1409
339,face,no_noise,3,0,3.1458
339,face,no_noise,3,1,3.2914
339,face,no_noise,2,0,2.3281
339,face,no_noise,2,1,0.7892
339,face,no_noise,1,1,2.3827
339,face,no_noise,1,1,1.7941
339,face,no_noise,2,0,1.8794
339,face,noise,1,0,1.5283
339,face,noise,2,0,1.4726
339,face,noise,1,1,1.995
339,face,noise,3,0,2.9232
339,face,noise,2,0,2.273
339,face,noise,2,0,0.7913
339,face,noise,1,0,2.7648
339,face,noise,2,0,2.36
339,face,noise,1,0,1.9056
339,face,noise,2,1,2.7918
339,face,noise,1,0,1.6046
339,face,noise,3,0,1.5597
339,face,noise,3,0,0.9791
339,face,noise,2,1,2.0088
339,face,noise,2,0,1.0237
339,face,noise,1,0,1.3145
339,face,noise,3,1,2.7097
339,face,noise,2,0,1.9747
339,face,noise,2,0,1.1467
339,face,noise,1,1,2.3573
339,face,noise,2,0,1.5322
339,face,noise,1,1,1.1609
339,face,noise,3,0,2.1478
339,face,noise,3,1,1.3299
339,car,no_noise,3,0,3.2308
339,car,no_noise,1,1,3.2421
339,car,no_noise,3,0,3.8973
339,car,no_noise,3,1,3.5375
339,car,no_noise,1,0,1.6657
339,car,no_noise,1,1,1.7023
339,car,no_noise,1,0,3.4698
339,car,no_noise,3,0,4.0655
339,car,no_noise,1,1,2.1254
339,car,no_noise,1,0,2.034
339,car,no_noise,3,1,2.4669
339,car,no_noise,1,0,2.4724
339,car,no_noise,2,1,2.8504
339,car,no_noise,1,0,3.0002
339,car,no_noise,1,0,3.1837
339,car,no_noise,2,1,3.2327
339,car,no_noise,3,0,2.6674
339,car,no_noise,1,1,1.8319
339,car,no_noise,2,1,1.5756
339,car,no_noise,1,1,1.969
339,car,no_noise,1,1,2.1482
339,car,no_noise,3,0,3.8852
339,car,no_noise,3,1,2.4325
339,car,no_noise,2,1,2.1794
339,car,no_noise,2,1,1.4727
339,car,no_noise,2,0,2.7533
339,car,no_noise,2,1,2.3006
339,car,no_noise,2,1,3.0891
339,car,no_noise,3,0,2.8681
339,car,no_noise,1,1,4.0801
339,car,noise,3,0,3.2959
339,car,noise,3,1,2.5474
339,car,noise,2,0,2.05
339,car,noise,1,1,3.4835
339,car,noise,2,1,2.0883
339,car,noise,2,1,1.5917
339,car,noise,1,1,2.8295
339,car,noise,1,1,1.0504
339,car,noise,1,0,1.1152
339,car,noise,2,0,2.5192
339,car,noise,1,1,2.6253
339,car,noise,1,0,1.0556
339,car,noise,2,1,2.8816
339,car,noise,1,0,1.6205
339,car,noise,1,0,1.4619
339,car,noise,2,1,1.4693
339,car,noise,2,1,1.6482
339,car,noise,2,1,1.0004
339,car,noise,3,0,3.5838
339,car,noise,2,1,3.3905
339,car,noise,1,0,2.5155
339,car,noise,1,0,1.544
339,car,noise,1,1,1.8652
339,car,noise,2,0,1.6186
340,car,no_noise,3,0,7.1098
340,car,no_noise,1,1,3.2536
340,car,no_noise,3,0,3.6838
340,car,no_noise,3,1,4.9372
340,car,no_noise,2,1,5.6082
340,car,no_noise,3,0,4.3742
340,car,no_noise,3,1,4e-4
340,car,no_noise,1,1,2.885
340,car,no_noise,1,1,2.8712
340,car,no_noise,1,0,2.4424
340,car,no_noise,3,1,2.9526
340,car,no_noise,3,1,5.0358
340,car,no_noise,2,1,3.5861
340,car,no_noise,2,1,1.5924
340,car,no_noise,2,0,4.1868
340,car,no_noise,3,0,2.9878
340,car,no_noise,3,0,2.4457
340,car,no_noise,2,0,2.8098
340,car,no_noise,2,1,3.5537
340,car,no_noise,3,0,5.1664
340,car,no_noise,3,0,3.2669
340,car,no_noise,3,0,3.6862
340,car,no_noise,2,0,4.0282
340,car,no_noise,1,0,4.2718
340,car,no_noise,2,1,3.9124
340,car,no_noise,2,0,2.5707
340,car,no_noise,2,1,2.541
340,car,no_noise,2,1,4.4745
340,car,no_noise,2,0,2.8044
340,car,no_noise,1,1,4.0572
340,car,noise,2,1,6.1649
340,car,noise,3,1,3.2555
340,car,noise,3,1,4.6251
340,car,noise,2,0,2.9686
340,car,noise,2,1,1.8186
340,car,noise,2,1,2.3752
340,car,noise,1,1,2.6061
340,car,noise,3,0,2.5829
340,car,noise,2,1,1.8342
340,car,noise,1,1,3.0222
340,car,noise,1,1,2.2178
340,car,noise,2,0,3.7565
340,car,noise,2,1,2.1216
340,car,noise,3,1,3.2163
340,car,noise,3,1,2.784
340,car,noise,2,1,3.002
340,car,noise,2,1,1.8479
340,car,noise,2,1,3.2138
340,car,noise,2,1,1.968
340,car,noise,2,1,3.0088
340,car,noise,3,1,2.1469
340,car,noise,2,0,3.4829
340,car,noise,3,0,4.4764
340,car,noise,2,0,3.7856
340,face,no_noise,1,1,2.4203
340,face,no_noise,2,1,2.2441
340,face,no_noise,1,1,1.7243
340,face,no_noise,2,0,1.8234
340,face,no_noise,3,1,4.2564
340,face,no_noise,2,1,1.469
340,face,no_noise,1,1,4.5311
340,face,no_noise,3,1,1.5243
340,face,no_noise,1,0,3.5088
340,face,no_noise,3,1,1.5644
340,face,no_noise,1,0,2.1152
340,face,no_noise,1,0,1.8646
340,face,no_noise,1,0,2.5895
340,face,no_noise,1,1,3.5522
340,face,no_noise,1,0,2.6228
340,face,no_noise,1,0,2.525
340,face,no_noise,2,1,2.121
340,face,no_noise,3,0,3.1873
340,face,no_noise,3,0,2.5751
340,face,no_noise,3,1,1.0478
340,face,no_noise,2,0,3.1202
340,face,no_noise,2,1,3.3006
340,face,no_noise,2,1,2.8875
340,face,no_noise,3,0,3.1228
340,face,no_noise,3,1,4.9535
340,face,no_noise,1,1,2.031
340,face,no_noise,2,1,1.9159
340,face,no_noise,2,0,3.5535
340,face,no_noise,1,1,1.5401
340,face,no_noise,3,1,3.1726
340,face,noise,3,0,2.753
340,face,noise,3,1,3.5287
340,face,noise,2,0,1.3809
340,face,noise,1,1,3.1393
340,face,noise,3,1,3.8648
340,face,noise,3,0,2.0975
340,face,noise,2,1,2.4997
340,face,noise,3,0,2.7139
340,face,noise,3,0,2.3242
340,face,noise,2,1,1.5868
340,face,noise,2,1,2.206
340,face,noise,3,0,3.9897
340,face,noise,1,1,2.8533
340,face,noise,2,1,1.8984
340,face,noise,1,1,2.7068
340,face,noise,2,1,2.5568
340,face,noise,3,1,2.2396
340,face,noise,3,0,2.9293
340,face,noise,3,1,1.2285
340,face,noise,2,0,1.8772
340,face,noise,3,0,1.936
340,face,noise,2,0,1.7393
340,face,noise,2,0,2.8286
340,face,noise,3,1,1.1576
342,car,no_noise,2,1,15.3126
342,car,no_noise,3,0,22.5078
342,car,no_noise,1,1,3.7453
342,car,no_noise,2,0,8.0137
342,car,no_noise,2,1,15.136
342,car,no_noise,2,0,13.3234
342,car,no_noise,2,0,12.1693
342,car,no_noise,3,0,16.6368
342,car,no_noise,1,1,7.4597
342,car,no_noise,1,0,27.9981
342,car,no_noise,1,0,7.8771
342,car,no_noise,3,1,6.2151
342,car,no_noise,3,0,14.6511
342,car,no_noise,2,1,5.1261
342,car,no_noise,1,0,7.6992
342,car,no_noise,1,0,5.1405
342,car,no_noise,1,1,9.5923
342,car,no_noise,1,1,8.4367
342,car,no_noise,1,0,12.7437
342,car,no_noise,1,1,14.2532
342,car,no_noise,2,0,11.3932
342,car,no_noise,3,0,19.63
342,car,no_noise,3,1,13.1304
342,car,no_noise,2,1,3.5482
342,car,no_noise,2,1,7.4323
342,car,no_noise,3,1,2.6237
342,car,no_noise,1,0,8.1641
342,car,no_noise,1,0,8.2424
342,car,no_noise,1,1,5.2225
342,car,no_noise,3,0,6.6055
342,car,noise,1,0,8.2573
342,car,noise,2,0,9.3019
342,car,noise,3,1,13.1526
342,car,noise,1,1,6.6401
342,car,noise,3,0,5.2573
342,car,noise,2,1,8.2418
342,car,noise,1,1,6.5223
342,car,noise,1,1,4.321
342,car,noise,2,1,13.2676
342,car,noise,1,1,5.4454
342,car,noise,1,1,21.2108
342,car,noise,3,1,4.6931
342,car,noise,2,1,13.2118
342,car,noise,3,1,30.5944
342,car,noise,3,1,3.1286
342,car,noise,1,0,8.7753
342,car,noise,2,1,8.0414
342,car,noise,1,0,10.8324
342,car,noise,2,1,9.6523
342,car,noise,2,1,12.0026
342,car,noise,3,1,4.3941
342,car,noise,1,0,3.4323
342,car,noise,1,1,6.7179
342,car,noise,3,1,8.7358
342,face,no_noise,1,1,6.2859
342,face,no_noise,2,1,7.1954
342,face,no_noise,1,1,6.4826
342,face,no_noise,3,1,3.7646
342,face,no_noise,3,1,5.9493
342,face,no_noise,3,0,8.6642
342,face,no_noise,1,1,22.0533
342,face,no_noise,3,1,4.3793
342,face,no_noise,2,1,2.8055
342,face,no_noise,3,1,3.1613
342,face,no_noise,2,1,2.4399
342,face,no_noise,3,1,2.4722
342,face,no_noise,3,0,4.4071
342,face,no_noise,1,1,2.8794
342,face,no_noise,2,1,3.859
342,face,no_noise,3,0,6.8597
342,face,no_noise,2,1,3.8145
342,face,no_noise,2,1,5.248
342,face,no_noise,3,0,7.5281
342,face,no_noise,3,1,4.5353
342,face,no_noise,2,0,4.7833
342,face,no_noise,2,1,5.2862
342,face,no_noise,2,1,5.5458
342,face,no_noise,3,0,7.2813
342,face,no_noise,3,1,7.2062
342,face,no_noise,1,1,6.9367
342,face,no_noise,2,1,7.3583
342,face,no_noise,1,1,2.6935
342,face,no_noise,1,1,2.8028
342,face,no_noise,3,1,2.3141
342,face,noise,2,1,4.9576
342,face,noise,2,0,3.1335
342,face,noise,3,0,3.7606
342,face,noise,3,0,1.8898
342,face,noise,3,1,3.4328
342,face,noise,1,1,3.3694
342,face,noise,2,1,3.458
342,face,noise,2,0,3.5837
342,face,noise,3,0,4.3824
342,face,noise,2,1,2.7876
342,face,noise,2,1,5.8785
342,face,noise,3,0,25.8521
342,face,noise,3,0,13.5559
342,face,noise,2,1,3.1621
342,face,noise,1,1,1.4534
342,face,noise,3,0,7.047
342,face,noise,3,1,3.024
342,face,noise,2,0,2.5911
342,face,noise,3,1,4.6466
342,face,noise,2,0,3.1436
342,face,noise,2,0,6.2528
342,face,noise,1,1,3.9153
342,face,noise,3,0,6.3441
342,face,noise,3,1,8.0386
344,face,no_noise,1,1,5.4351
344,face,no_noise,2,1,4.2876
344,face,no_noise,1,1,3.5381
344,face,no_noise,2,0,5.3691
344,face,no_noise,3,1,8.2834
344,face,no_noise,1,0,5.9849
344,face,no_noise,2,0,6.2327
344,face,no_noise,3,1,2.9352
344,face,no_noise,2,1,3.1905
344,face,no_noise,3,1,7.1993
344,face,no_noise,2,1,3.4017
344,face,no_noise,3,1,3.0669
344,face,no_noise,2,1,3.9841
344,face,no_noise,1,1,3.1184
344,face,no_noise,2,1,2.6699
344,face,no_noise,2,1,4.7673
344,face,no_noise,2,1,3.1186
344,face,no_noise,3,0,6.8827
344,face,no_noise,2,0,4.4512
344,face,no_noise,3,1,5.7321
344,face,no_noise,2,0,4.135
344,face,no_noise,2,1,2.9508
344,face,no_noise,2,1,3.5845
344,face,no_noise,1,1,6.016
344,face,no_noise,3,1,5.3473
344,face,no_noise,1,1,6.0084
344,face,no_noise,2,1,4.1518
344,face,no_noise,2,0,3.039
344,face,no_noise,1,1,3.2833
344,face,no_noise,2,0,4.4087
344,face,noise,2,1,21.187
344,face,noise,2,0,10.0162
344,face,noise,3,0,2.3054
344,face,noise,1,1,3.5917
344,face,noise,3,1,2.6038
344,face,noise,1,1,2.216
344,face,noise,3,0,3.2381
344,face,noise,2,0,3.091
344,face,noise,3,0,3.2798
344,face,noise,2,1,1.5012
344,face,noise,3,0,2.0776
344,face,noise,1,0,3.0554
344,face,noise,2,0,2.2861
344,face,noise,1,0,4.0012
344,face,noise,1,1,2.1903
344,face,noise,3,0,2.9733
344,face,noise,3,1,2.4343
344,face,noise,1,1,3.835
344,face,noise,3,1,2.8421
344,face,noise,1,1,2.199
344,face,noise,2,0,4.4751
344,face,noise,1,1,2.3611
344,face,noise,3,0,2.81
344,face,noise,3,1,3.0673
344,car,no_noise,1,0,9.0192
344,car,no_noise,2,0,5.5005
344,car,no_noise,2,0,4.4726
344,car,no_noise,2,0,4.3293
344,car,no_noise,1,0,4.0782
344,car,no_noise,1,1,9.5076
344,car,no_noise,3,1,6.933
344,car,no_noise,2,0,10.517
344,car,no_noise,1,1,13.2612
344,car,no_noise,2,0,4.4527
344,car,no_noise,3,1,6.3655
344,car,no_noise,3,1,5.5662
344,car,no_noise,2,1,3.1549
344,car,no_noise,2,1,5.3656
344,car,no_noise,3,1,4.6369
344,car,no_noise,2,1,4.9054
344,car,no_noise,1,1,3.899
344,car,no_noise,3,0,3.1886
344,car,no_noise,3,0,4.6852
344,car,no_noise,1,1,4.5968
344,car,no_noise,3,0,3.0423
344,car,no_noise,1,1,7.6307
344,car,no_noise,2,0,5.6169
344,car,no_noise,2,1,3.1032
344,car,no_noise,2,1,3.8332
344,car,no_noise,2,0,7.0845
344,car,no_noise,3,0,2.2998
344,car,no_noise,1,0,2.8665
344,car,no_noise,2,0,5.8162
344,car,no_noise,2,0,6.0674
344,car,noise,1,0,4.7322
344,car,noise,1,0,10.0954
344,car,noise,3,1,6.7588
344,car,noise,3,0,2.9651
344,car,noise,2,1,3.0776
344,car,noise,2,1,3.5557
344,car,noise,3,0,4.0608
344,car,noise,1,1,2.8998
344,car,noise,2,1,3.6776
344,car,noise,2,0,5.4255
344,car,noise,1,1,2.92
344,car,noise,3,1,3.044
344,car,noise,2,1,2.5912
344,car,noise,3,1,3.2601
344,car,noise,3,1,2.3172
344,car,noise,1,0,2.9106
344,car,noise,3,0,3.7264
344,car,noise,2,1,3.4207
344,car,noise,1,0,3.8725
344,car,noise,3,0,2.3253
344,car,noise,1,0,4.8217
344,car,noise,3,1,3.163
344,car,noise,3,0,2.3388
344,car,noise,1,0,5.9821
347,car,no_noise,2,1,7.0674
347,car,no_noise,1,1,4.3522
347,car,no_noise,1,1,4.6748
347,car,no_noise,2,0,2.047
347,car,no_noise,2,1,2.3142
347,car,no_noise,3,0,4.495
347,car,no_noise,3,1,3.8029
347,car,no_noise,1,1,5.7088
347,car,no_noise,2,0,2.1536
347,car,no_noise,1,0,4.2203
347,car,no_noise,1,0,2.3323
347,car,no_noise,3,1,2.5944
347,car,no_noise,2,1,2.4918
347,car,no_noise,1,0,2.0605
347,car,no_noise,1,0,2.3863
347,car,no_noise,3,0,2.3138
347,car,no_noise,2,0,3.4977
347,car,no_noise,2,0,4.0533
347,car,no_noise,1,0,2.5185
347,car,no_noise,3,0,5.1517
347,car,no_noise,3,0,3.4273
347,car,no_noise,1,1,3.0979
347,car,no_noise,1,0,5.7368
347,car,no_noise,2,1,3.4281
347,car,no_noise,2,1,6.0233
347,car,no_noise,2,0,2.6892
347,car,no_noise,2,1,4.8222
347,car,no_noise,2,1,3.3046
347,car,no_noise,3,0,1.6321
347,car,no_noise,2,0,6.0595
347,car,noise,2,1,2.4035
347,car,noise,3,1,2.1947
347,car,noise,3,1,4.4105
347,car,noise,2,0,2.9272
347,car,noise,2,1,2.1304
347,car,noise,1,0,5.396
347,car,noise,3,0,3.7523
347,car,noise,2,0,5.2503
347,car,noise,1,0,2.9119
347,car,noise,3,0,3.4145
347,car,noise,1,1,3.013
347,car,noise,3,1,2.9313
347,car,noise,1,0,6.1302
347,car,noise,3,1,2.3628
347,car,noise,3,1,3.8693
347,car,noise,2,1,3.6446
347,car,noise,3,0,3.3435
347,car,noise,2,1,7.5516
347,car,noise,1,0,4.0459
347,car,noise,1,0,3.5971
347,car,noise,1,0,2.3216
347,car,noise,3,1,6.2864
347,car,noise,1,1,5.7829
347,car,noise,3,1,4.7062
347,face,no_noise,1,1,1.8494
347,face,no_noise,2,1,2.979
347,face,no_noise,3,0,2.6346
347,face,no_noise,3,1,2.6755
347,face,no_noise,1,0,3.2026
347,face,no_noise,3,0,3.2955
347,face,no_noise,1,1,2.3088
347,face,no_noise,2,0,2.9078
347,face,no_noise,2,1,2.5919
347,face,no_noise,3,1,3.5826
347,face,no_noise,2,1,2.7322
347,face,no_noise,2,0,2.5913
347,face,no_noise,3,0,3.2281
347,face,no_noise,2,0,2.3967
347,face,no_noise,3,0,2.5476
347,face,no_noise,3,0,3.0838
347,face,no_noise,2,1,3.0671
347,face,no_noise,2,1,3.2529
347,face,no_noise,1,1,2.7317
347,face,no_noise,3,1,3.7424
347,face,no_noise,2,0,2.2922
347,face,no_noise,2,1,2.8425
347,face,no_noise,1,0,3.875
347,face,no_noise,3,0,2.5625
347,face,no_noise,1,0,4.1107
347,face,no_noise,3,0,2.9634
347,face,no_noise,3,0,5.0264
347,face,no_noise,1,1,2.458
347,face,no_noise,2,0,4.5677
347,face,no_noise,1,0,4.015
347,face,noise,1,0,3.1643
347,face,noise,2,0,2.1554
347,face,noise,3,0,2.4086
347,face,noise,3,0,2.7242
347,face,noise,1,0,2.1873
347,face,noise,3,0,2.5856
347,face,noise,3,0,2.4183
347,face,noise,3,0,2.4075
347,face,noise,1,0,1.9847
347,face,noise,2,1,1.6363
347,face,noise,3,0,2.07
347,face,noise,1,0,2.2184
347,face,noise,3,0,3.4012
347,face,noise,1,0,2.4046
347,face,noise,3,0,2.5007
347,face,noise,3,0,2.5685
347,face,noise,1,0,2.4211
347,face,noise,2,0,3.068
347,face,noise,1,0,2.2707
347,face,noise,2,0,3.8524
347,face,noise,2,0,3.334
347,face,noise,3,0,3.2014
347,face,noise,1,1,1.7565
347,face,noise,2,0,2.2055
348,car,no_noise,3,0,7.5399
348,car,no_noise,1,1,5.344
348,car,no_noise,1,1,4.6677
348,car,no_noise,3,1,4.752
348,car,no_noise,3,0,5.0839
348,car,no_noise,3,0,10.4886
348,car,no_noise,3,1,5.9923
348,car,no_noise,1,1,14.0925
348,car,no_noise,1,1,4.5631
348,car,no_noise,3,1,6.2108
348,car,no_noise,2,0,13.9274
348,car,no_noise,3,1,3.4995
348,car,no_noise,2,1,3.1138
348,car,no_noise,2,1,2.692
348,car,no_noise,3,1,2.2154
348,car,no_noise,2,1,5.2101
348,car,no_noise,1,1,5.133
348,car,no_noise,2,0,2.1118
348,car,no_noise,2,1,4.5444
348,car,no_noise,1,1,4.3137
348,car,no_noise,1,1,2.7113
348,car,no_noise,1,1,3.5698
348,car,no_noise,3,1,5.0476
348,car,no_noise,2,1,13.8091
348,car,no_noise,2,1,5.1643
348,car,no_noise,3,1,4.7043
348,car,no_noise,1,0,2.7963
348,car,no_noise,2,1,2.88
348,car,no_noise,2,0,3.9713
348,car,no_noise,2,0,6.6954
348,car,noise,2,1,6.5815
348,car,noise,3,1,3.9437
348,car,noise,3,1,2.9635
348,car,noise,1,1,3.0713
348,car,noise,2,1,5.0579
348,car,noise,2,1,3.4876
348,car,noise,1,1,1.9558
348,car,noise,3,0,3.6158
348,car,noise,2,1,2.7291
348,car,noise,1,1,6.0943
348,car,noise,3,0,4.6603
348,car,noise,2,0,2.7619
348,car,noise,2,1,2.8323
348,car,noise,3,1,2.9144
348,car,noise,2,0,2.0721
348,car,noise,2,1,2.4675
348,car,noise,2,1,2.7389
348,car,noise,1,0,2.8427
348,car,noise,2,1,2.175
348,car,noise,3,0,4.1264
348,car,noise,3,1,5.492
348,car,noise,3,1,2.807
348,car,noise,3,0,3.9889
348,car,noise,3,1,1.9038
348,face,no_noise,1,1,2.9091
348,face,no_noise,3,0,4.8118
348,face,no_noise,1,1,2.2312
348,face,no_noise,2,0,4.8175
348,face,no_noise,1,0,3.0684
348,face,no_noise,2,1,2.3648
348,face,no_noise,3,0,2.7887
348,face,no_noise,3,1,2.3686
348,face,no_noise,2,1,1.8468
348,face,no_noise,3,1,1.6412
348,face,no_noise,2,1,1.2678
348,face,no_noise,3,1,2.6353
348,face,no_noise,3,0,1.8894
348,face,no_noise,1,1,1.9648
348,face,no_noise,2,1,2.6983
348,face,no_noise,2,1,3.0192
348,face,no_noise,2,1,2.5339
348,face,no_noise,1,0,2.0816
348,face,no_noise,2,0,3.72
348,face,no_noise,3,1,1.6649
348,face,no_noise,2,0,1.8718
348,face,no_noise,2,1,1.6673
348,face,no_noise,2,1,1.2157
348,face,no_noise,3,0,1.6452
348,face,no_noise,3,1,1.6496
348,face,no_noise,1,1,1.5834
348,face,no_noise,2,1,4.1084
348,face,no_noise,2,0,2.0639
348,face,no_noise,1,1,1.3997
348,face,no_noise,3,1,3.134
348,face,noise,1,0,4.5606
348,face,noise,1,0,8.2502
348,face,noise,3,0,2.2184
348,face,noise,1,1,5.9306
348,face,noise,2,0,2.0446
348,face,noise,1,1,2.7698
348,face,noise,2,1,3.0634
348,face,noise,1,1,1.4258
348,face,noise,1,0,1.6147
348,face,noise,2,1,1.2807
348,face,noise,2,1,1.1119
348,face,noise,2,1,1.3965
348,face,noise,2,0,1.8339
348,face,noise,2,1,1.5955
348,face,noise,1,1,1.7145
348,face,noise,2,1,2.0089
348,face,noise,3,1,1.8376
348,face,noise,2,0,3.9674
348,face,noise,3,1,1.4833
348,face,noise,2,0,1.5281
348,face,noise,1,1,1.1963
348,face,noise,1,1,1.1123
348,face,noise,3,0,2.5346
348,face,noise,3,1,1.2315
349,car,no_noise,3,0,7.4031
349,car,no_noise,3,0,7.94
349,car,no_noise,3,0,3.3225
349,car,no_noise,3,1,7.5849
349,car,no_noise,1,0,5.3722
349,car,no_noise,3,0,5.8972
349,car,no_noise,3,1,7.4789
349,car,no_noise,1,1,5.1851
349,car,no_noise,1,1,3.9825
349,car,no_noise,1,0,4.2958
349,car,no_noise,3,1,5.1139
349,car,no_noise,3,1,7.5398
349,car,no_noise,3,0,3.6466
349,car,no_noise,2,1,3.7385
349,car,no_noise,3,1,2.9824
349,car,no_noise,3,0,4.8436
349,car,no_noise,1,1,4.4871
349,car,no_noise,2,0,3.8241
349,car,no_noise,1,0,4.7482
349,car,no_noise,1,1,2.6316
349,car,no_noise,2,0,4.8894
349,car,no_noise,3,0,7.1057
349,car,no_noise,2,0,2.6545
349,car,no_noise,2,1,3.365
349,car,no_noise,1,0,3.6531
349,car,no_noise,2,0,1.9686
349,car,no_noise,1,0,1.7834
349,car,no_noise,3,0,2.5526
349,car,no_noise,1,1,3.1162
349,car,no_noise,1,1,1.4334
349,car,noise,3,0,8.7269
349,car,noise,3,1,4.4794
349,car,noise,3,1,4.6808
349,car,noise,2,0,2.7198
349,car,noise,3,0,2.404
349,car,noise,2,1,2.5739
349,car,noise,1,1,5.2956
349,car,noise,1,1,1.7062
349,car,noise,1,0,0.9454
349,car,noise,1,1,1.3404
349,car,noise,2,0,0.9276
349,car,noise,3,1,1.3697
349,car,noise,2,1,2.6811
349,car,noise,1,0,1.7121
349,car,noise,3,1,1.8507
349,car,noise,2,1,1.272
349,car,noise,1,0,0.5772
349,car,noise,3,0,0.2801
349,car,noise,2,1,0.5279
349,car,noise,1,0,0.3108
349,car,noise,1,0,0.2607
349,car,noise,2,0,0.2327
349,car,noise,3,0,0.2428
349,car,noise,2,0,0.2582
349,face,no_noise,1,1,6.5367
349,face,no_noise,2,1,3.9427
349,face,no_noise,1,1,3.542
349,face,no_noise,3,1,7.0869
349,face,no_noise,1,0,2.5996
349,face,no_noise,1,0,2.4793
349,face,no_noise,1,1,4.4332
349,face,no_noise,3,1,3.3983
349,face,no_noise,2,1,2.1319
349,face,no_noise,3,1,2.7871
349,face,no_noise,2,1,3.6321
349,face,no_noise,3,1,1.9751
349,face,no_noise,3,0,3.5464
349,face,no_noise,2,0,4.8535
349,face,no_noise,1,0,1.8699
349,face,no_noise,2,1,4.4364
349,face,no_noise,2,1,4.7812
349,face,no_noise,2,1,3.0994
349,face,no_noise,1,1,2.6112
349,face,no_noise,2,0,2.8073
349,face,no_noise,1,1,3.67
349,face,no_noise,2,1,2.7798
349,face,no_noise,1,0,1.9717
349,face,no_noise,2,0,3.6328
349,face,no_noise,3,1,2.718
349,face,no_noise,3,0,4.0533
349,face,no_noise,2,1,2.2564
349,face,no_noise,1,1,2.6132
349,face,no_noise,3,0,2.8129
349,face,no_noise,2,0,5.513
349,face,noise,3,0,2.4183
349,face,noise,3,1,1.05
349,face,noise,1,1,0.3554
349,face,noise,3,0,0.2796
349,face,noise,2,0,0.2646
349,face,noise,3,0,0.2683
349,face,noise,1,0,0.2726
349,face,noise,2,0,0.2982
349,face,noise,2,1,0.2469
349,face,noise,2,1,0.2674
349,face,noise,1,0,0.2077
349,face,noise,3,0,0.2093
349,face,noise,1,1,0.1907
349,face,noise,2,1,0.1649
349,face,noise,3,0,0.3643
349,face,noise,1,0,0.6456
349,face,noise,2,0,0.1294
349,face,noise,3,0,0.2651
349,face,noise,1,0,0.6832
349,face,noise,2,0,0.4215
349,face,noise,3,0,0.1881
349,face,noise,1,1,0.3185
349,face,noise,2,0,0.182
349,face,noise,1,0,0.157
350,face,no_noise,1,1,3.5996
350,face,no_noise,2,1,4.7461
350,face,no_noise,1,1,3.6673
350,face,no_noise,3,1,5.3671
350,face,no_noise,2,0,6.5802
350,face,no_noise,2,1,9.5149
350,face,no_noise,1,1,2.0636
350,face,no_noise,3,1,1.5017
350,face,no_noise,2,1,2.2677
350,face,no_noise,3,1,1.3899
350,face,no_noise,1,0,2.0154
350,face,no_noise,3,1,3.0381
350,face,no_noise,2,1,7.5839
350,face,no_noise,1,1,1.8809
350,face,no_noise,1,0,7.4649
350,face,no_noise,2,1,3.7307
350,face,no_noise,2,1,6.237
350,face,no_noise,1,0,6.2144
350,face,no_noise,3,0,3.2884
350,face,no_noise,3,1,3.1174
350,face,no_noise,2,0,4.8797
350,face,no_noise,2,1,2.966
350,face,no_noise,2,1,5.6088
350,face,no_noise,3,0,5.5987
350,face,no_noise,3,1,4.2364
350,face,no_noise,1,1,8.7517
350,face,no_noise,2,1,2.3138
350,face,no_noise,1,1,4.6149
350,face,no_noise,1,1,1.8848
350,face,no_noise,3,1,7.3575
350,face,noise,3,0,9.1645
350,face,noise,1,0,6.9025
350,face,noise,3,0,2.5822
350,face,noise,1,1,1.5652
350,face,noise,3,1,1.2322
350,face,noise,1,1,2.388
350,face,noise,3,0,5.9297
350,face,noise,1,1,2.4965
350,face,noise,1,0,4.0989
350,face,noise,2,1,8.5049
350,face,noise,2,1,4.2697
350,face,noise,3,0,4.5485
350,face,noise,1,1,3.1658
350,face,noise,2,1,5.7172
350,face,noise,1,1,2.0336
350,face,noise,3,0,4.483
350,face,noise,3,1,2.5624
350,face,noise,3,0,2.1314
350,face,noise,3,1,4.1546
350,face,noise,2,0,7.1819
350,face,noise,1,1,6.3837
350,face,noise,1,1,3.1946
350,face,noise,2,0,4.3955
350,face,noise,3,1,2.6564
350,car,no_noise,3,0,16.9132
350,car,no_noise,1,1,10.2564
350,car,no_noise,1,1,8.9896
350,car,no_noise,2,0,15.9674
350,car,no_noise,1,0,18.2422
350,car,no_noise,1,1,17.3611
350,car,no_noise,3,1,8.5336
350,car,no_noise,1,1,41.9596
350,car,no_noise,1,1,10.5056
350,car,no_noise,1,0,16.6425
350,car,no_noise,3,1,14.2514
350,car,no_noise,3,1,4.9838
350,car,no_noise,2,1,4.6906
350,car,no_noise,2,1,6.1938
350,car,no_noise,3,1,8.3675
350,car,no_noise,2,1,8.5397
350,car,no_noise,1,1,4.0831
350,car,no_noise,1,1,13.6129
350,car,no_noise,2,1,4.9764
350,car,no_noise,1,1,23.2668
350,car,no_noise,1,1,9.527
350,car,no_noise,1,1,18.392
350,car,no_noise,3,1,18.6254
350,car,no_noise,1,0,8.9443
350,car,no_noise,2,1,3.1185
350,car,no_noise,3,1,4.1723
350,car,no_noise,2,1,6.413
350,car,no_noise,2,1,11.7056
350,car,no_noise,1,1,4.147
350,car,no_noise,1,1,6.0584
350,car,noise,2,1,7.4965
350,car,noise,3,1,4.9803
350,car,noise,3,1,4.3005
350,car,noise,1,1,5.1192
350,car,noise,3,0,10.9768
350,car,noise,1,0,7.4047
350,car,noise,1,1,6.4839
350,car,noise,1,1,4.1715
350,car,noise,2,1,5.1099
350,car,noise,1,1,4.4114
350,car,noise,2,0,3.6364
350,car,noise,2,0,5.5696
350,car,noise,2,1,3.9241
350,car,noise,2,0,10.1222
350,car,noise,3,1,4.9753
350,car,noise,1,0,7.566
350,car,noise,2,1,17.8015
350,car,noise,2,1,3.2072
350,car,noise,2,1,5.6557
350,car,noise,2,1,5.0734
350,car,noise,3,1,2.2929
350,car,noise,2,0,3.1393
350,car,noise,1,1,20.0697
350,car,noise,3,1,3.684
351,face,no_noise,1,1,3.8306
351,face,no_noise,3,0,3.981
351,face,no_noise,1,1,5.0611
351,face,no_noise,2,0,4.5096
351,face,no_noise,2,0,10.4281
351,face,no_noise,1,0,4.5092
351,face,no_noise,3,0,7.2834
351,face,no_noise,3,1,4.253
351,face,no_noise,2,1,7.0938
351,face,no_noise,3,1,14.3204
351,face,no_noise,2,1,2.8111
351,face,no_noise,2,0,7.1142
351,face,no_noise,3,0,3.1122
351,face,no_noise,2,0,5.6754
351,face,no_noise,2,1,3.3023
351,face,no_noise,2,1,6.4406
351,face,no_noise,2,1,4.1703
351,face,no_noise,1,0,12.3296
351,face,no_noise,2,0,8.1808
351,face,no_noise,3,1,4.8303
351,face,no_noise,1,1,5.7089
351,face,no_noise,2,1,4.1288
351,face,no_noise,2,1,7.3802
351,face,no_noise,3,0,4.7776
351,face,no_noise,1,0,3.6393
351,face,no_noise,2,0,5.4265
351,face,no_noise,2,1,3.5068
351,face,no_noise,1,1,3.795
351,face,no_noise,1,1,5.0952
351,face,no_noise,3,1,5.0567
351,face,noise,3,0,4.843
351,face,noise,3,1,6.1861
351,face,noise,3,0,5.1469
351,face,noise,2,0,5.2166
351,face,noise,3,1,3.9141
351,face,noise,1,1,3.6794
351,face,noise,1,0,1.1978
351,face,noise,1,1,4.8514
351,face,noise,1,0,3.3375
351,face,noise,2,1,4.2
351,face,noise,1,0,5.6931
351,face,noise,1,0,4.53
351,face,noise,3,0,3.7487
351,face,noise,1,0,6.962
351,face,noise,2,0,6.7877
351,face,noise,3,0,4.4262
351,face,noise,3,1,4.6675
351,face,noise,3,0,6.8626
351,face,noise,2,0,12.3014
351,face,noise,3,0,3.6526
351,face,noise,3,0,6.7725
351,face,noise,2,0,6.896
351,face,noise,2,0,6.4546
351,face,noise,1,0,4.4315
351,car,no_noise,2,1,4.7421
351,car,no_noise,2,0,5.0866
351,car,no_noise,1,1,7.9244
351,car,no_noise,3,1,3.3064
351,car,no_noise,1,0,4.0618
351,car,no_noise,1,1,10.5035
351,car,no_noise,3,1,3.0666
351,car,no_noise,2,0,3.8327
351,car,no_noise,1,1,5.3728
351,car,no_noise,1,0,4.287
351,car,no_noise,3,1,3.2651
351,car,no_noise,3,1,5.0536
351,car,no_noise,3,0,7.3313
351,car,no_noise,2,1,8.8999
351,car,no_noise,3,1,6.9614
351,car,no_noise,2,1,5.4048
351,car,no_noise,2,0,5.5083
351,car,no_noise,1,1,2.7857
351,car,no_noise,1,0,5.1916
351,car,no_noise,3,0,4.629
351,car,no_noise,3,0,4.6507
351,car,no_noise,1,1,9.0353
351,car,no_noise,1,0,4.0214
351,car,no_noise,2,1,5.6376
351,car,no_noise,2,1,6.045
351,car,no_noise,2,0,7.2643
351,car,no_noise,2,1,7.8846
351,car,no_noise,1,0,14.195
351,car,no_noise,3,0,3.1397
351,car,no_noise,1,1,7.6365
351,car,noise,1,0,4.4125
351,car,noise,1,0,5.0646
351,car,noise,2,0,7.2786
351,car,noise,1,1,4.942
351,car,noise,2,1,7.1025
351,car,noise,2,1,3.9106
351,car,noise,1,1,6.7213
351,car,noise,1,1,6.1599
351,car,noise,1,0,4.741
351,car,noise,1,1,8.0636
351,car,noise,2,0,2.2202
351,car,noise,2,0,5.7019
351,car,noise,1,0,5.0465
351,car,noise,1,0,2.6448
351,car,noise,3,1,3.8176
351,car,noise,1,0,3.5326
351,car,noise,3,0,4.2285
351,car,noise,2,1,3.0712
351,car,noise,3,0,3.8389
351,car,noise,3,0,7.3406
351,car,noise,3,1,2.6551
351,car,noise,3,1,6.0443
351,car,noise,3,0,6.2493
351,car,noise,3,1,16.6972
352,car,no_noise,1,0,4.211
352,car,no_noise,1,1,16.5854
352,car,no_noise,3,0,6.5766
352,car,no_noise,1,0,8.5147
352,car,no_noise,2,1,12.0392
352,car,no_noise,3,0,4.7135
352,car,no_noise,3,1,13.7546
352,car,no_noise,1,1,8.5299
352,car,no_noise,1,1,6.3788
352,car,no_noise,2,0,9.1453
352,car,no_noise,3,1,5.6843
352,car,no_noise,3,1,10.9358
352,car,no_noise,2,1,6.9977
352,car,no_noise,2,1,3.9127
352,car,no_noise,3,1,2.9482
352,car,no_noise,2,1,5.4291
352,car,no_noise,1,1,5.5951
352,car,no_noise,1,1,4.6132
352,car,no_noise,1,0,5.3122
352,car,no_noise,1,1,3.799
352,car,no_noise,2,0,8.6541
352,car,no_noise,3,0,4.3188
352,car,no_noise,3,1,9.622
352,car,no_noise,2,1,3.8474
352,car,no_noise,3,0,5.1631
352,car,no_noise,2,0,11.7445
352,car,no_noise,3,0,6.7778
352,car,no_noise,2,1,3.9474
352,car,no_noise,3,0,1.8823
352,car,no_noise,1,1,2.9842
352,car,noise,1,0,11.2446
352,car,noise,3,1,17.1311
352,car,noise,3,1,11.1521
352,car,noise,1,1,3.7429
352,car,noise,3,0,6.118
352,car,noise,1,0,9.0877
352,car,noise,1,1,11.0907
352,car,noise,1,1,8.1734000000000009
352,car,noise,1,0,4.4596
352,car,noise,1,1,3.9
352,car,noise,1,1,6.1764
352,car,noise,3,1,21.647
352,car,noise,2,1,3.7274
352,car,noise,1,0,10.1062
352,car,noise,2,0,8.1263
352,car,noise,2,1,9.5896
352,car,noise,3,0,5.7898
352,car,noise,2,1,11.1703
352,car,noise,3,0,1.6513
352,car,noise,1,0,6.0425
352,car,noise,3,1,2.4045
352,car,noise,3,1,8.5973
352,car,noise,2,0,7.2007
352,car,noise,1,0,6.3468
352,face,no_noise,1,1,3.0149
352,face,no_noise,2,1,1.9969
352,face,no_noise,2,0,6.8784
352,face,no_noise,1,0,2.7009
352,face,no_noise,3,1,3.5194
352,face,no_noise,2,1,3.4817
352,face,no_noise,1,1,9.5092
352,face,no_noise,1,0,4.0972
352,face,no_noise,1,0,6.4291
352,face,no_noise,3,1,3.0841
352,face,no_noise,2,1,4.6473
352,face,no_noise,3,1,4.8074
352,face,no_noise,2,1,1.433
352,face,no_noise,2,0,2.4182
352,face,no_noise,2,1,4.814
352,face,no_noise,1,0,3.1151
352,face,no_noise,1,0,7.8832
352,face,no_noise,3,0,4.8338
352,face,no_noise,2,0,2.7264
352,face,no_noise,3,1,2.1692
352,face,no_noise,1,1,3.3154
352,face,no_noise,2,1,3.3198
352,face,no_noise,2,1,3.452
352,face,no_noise,1,1,4.514
352,face,no_noise,3,1,3.6481
352,face,no_noise,1,1,2.6826
352,face,no_noise,2,1,7.9303
352,face,no_noise,1,1,9.7927
352,face,no_noise,2,0,2.5493
352,face,no_noise,3,1,4.0751
352,face,noise,2,1,2.7272
352,face,noise,3,1,2.3115
352,face,noise,1,1,2.6444
352,face,noise,1,1,1.68
352,face,noise,3,1,3.013
352,face,noise,1,1,2.5624
352,face,noise,3,0,2.779
352,face,noise,3,0,8.024
352,face,noise,2,1,1.9627
352,face,noise,2,1,2.8458
352,face,noise,1,0,3.1286
352,face,noise,3,0,2.2002
352,face,noise,3,0,3.4614
352,face,noise,2,1,3.5439
352,face,noise,2,0,5.2094
352,face,noise,1,0,8.9566
352,face,noise,2,0,2.6432
352,face,noise,2,0,4.4271
352,face,noise,3,1,2.7121
352,face,noise,2,0,3.811
352,face,noise,1,1,2.912
352,face,noise,3,0,1.7632
352,face,noise,2,0,6.1809
352,face,noise,1,0,3.7939
353,face,no_noise,1,1,7.4641
353,face,no_noise,2,1,4.7994
353,face,no_noise,1,1,2.3327
353,face,no_noise,3,1,5.303
353,face,no_noise,2,0,2.2166
353,face,no_noise,2,1,2.7494
353,face,no_noise,1,1,5.2169
353,face,no_noise,3,1,5.9664
353,face,no_noise,3,0,4.717
353,face,no_noise,3,1,3.0846
353,face,no_noise,2,1,2.6019
353,face,no_noise,2,0,2.834
353,face,no_noise,2,1,4.55
353,face,no_noise,1,1,5.1829
353,face,no_noise,2,1,4.3353
353,face,no_noise,3,0,2.3002
353,face,no_noise,2,1,4.054
353,face,no_noise,2,1,2.3009
353,face,no_noise,1,1,2.683
353,face,no_noise,3,1,2.7521
353,face,no_noise,1,1,2.9333
353,face,no_noise,2,1,2.4336
353,face,no_noise,2,1,2.0838
353,face,no_noise,3,0,4.6842
353,face,no_noise,1,0,3.5829
353,face,no_noise,1,1,2.467
353,face,no_noise,2,1,2.8995
353,face,no_noise,1,1,4.0676
353,face,no_noise,1,1,3.9493
353,face,no_noise,2,0,4.9832
353,face,noise,2,1,3.2629
353,face,noise,2,0,1.8834
353,face,noise,1,1,3.2538
353,face,noise,1,1,1.3667
353,face,noise,3,1,2.136
353,face,noise,1,1,2.5324
353,face,noise,2,1,2.0325
353,face,noise,2,0,3.4906
353,face,noise,3,0,2.6181
353,face,noise,3,0,2.9356
353,face,noise,2,1,2.704
353,face,noise,3,0,1.9568
353,face,noise,1,1,2.1334
353,face,noise,2,1,1.753
353,face,noise,1,1,2.0208
353,face,noise,3,0,2.4179
353,face,noise,3,1,1.5347
353,face,noise,2,0,2.503
353,face,noise,3,1,1.717
353,face,noise,2,0,3.1001
353,face,noise,2,0,1.8038
353,face,noise,1,1,1.7169
353,face,noise,2,0,1.752
353,face,noise,3,1,1.8997
353,car,no_noise,2,1,7.5821
353,car,no_noise,1,1,2.4679
353,car,no_noise,3,0,4.4663
353,car,no_noise,3,1,6.0529
353,car,no_noise,3,0,6.1761
353,car,no_noise,1,1,6.8246
353,car,no_noise,3,1,1.71
353,car,no_noise,1,1,4.1013
353,car,no_noise,1,1,5.2618
353,car,no_noise,1,0,6.4185
353,car,no_noise,3,1,4.1675
353,car,no_noise,3,1,2.0012
353,car,no_noise,3,0,6.432
353,car,no_noise,1,0,2.4454
353,car,no_noise,3,1,4.6613
353,car,no_noise,1,0,3.5551
353,car,no_noise,1,1,3.071
353,car,no_noise,1,1,11.9663
353,car,no_noise,3,0,3.219
353,car,no_noise,2,0,9.478
353,car,no_noise,3,0,1.5517
353,car,no_noise,1,1,2.3421
353,car,no_noise,2,0,3.3663
353,car,no_noise,2,1,3.4681
353,car,no_noise,3,0,1.7375
353,car,no_noise,2,0,5.0534
353,car,no_noise,1,0,5.148
353,car,no_noise,3,0,6.7318
353,car,no_noise,3,0,5.1829
353,car,no_noise,1,1,3.8334
353,car,noise,2,1,6.9087
353,car,noise,3,1,3.7953
353,car,noise,3,1,2.102
353,car,noise,2,0,3.9664
353,car,noise,3,0,5.031
353,car,noise,1,0,2.9666
353,car,noise,1,1,2.7999
353,car,noise,1,1,1.4419
353,car,noise,2,1,2.2659
353,car,noise,1,1,2.294
353,car,noise,1,1,2.2786
353,car,noise,3,1,7.282
353,car,noise,3,0,6.9994
353,car,noise,1,0,10.4728
353,car,noise,3,1,5.7009
353,car,noise,2,1,2.4492
353,car,noise,2,1,3.103
353,car,noise,2,1,1.6621
353,car,noise,3,0,2.6506
353,car,noise,2,1,3.1485
353,car,noise,3,1,1.7695
353,car,noise,2,0,3.0851
353,car,noise,1,1,9.4669
353,car,noise,3,1,1.8577
354,face,no_noise,1,1,1.7783
354,face,no_noise,2,1,3.0188
354,face,no_noise,1,1,1.6169
354,face,no_noise,2,0,2.87
354,face,no_noise,3,1,3.1221
354,face,no_noise,2,1,1.3475
354,face,no_noise,1,1,2.7415
354,face,no_noise,3,1,2.5159
354,face,no_noise,2,1,3.4341
354,face,no_noise,3,1,2.0258
354,face,no_noise,2,1,1.9214
354,face,no_noise,3,1,2.4946
354,face,no_noise,2,1,1.2655
354,face,no_noise,2,0,2.2449
354,face,no_noise,2,1,2.3337
354,face,no_noise,2,1,2.883
354,face,no_noise,2,1,1.7188
354,face,no_noise,2,1,1.8548
354,face,no_noise,1,1,3.218
354,face,no_noise,3,1,3.0347
354,face,no_noise,1,1,1.9495
354,face,no_noise,2,1,1.5509
354,face,no_noise,2,1,1.8105
354,face,no_noise,1,1,3.0397
354,face,no_noise,3,1,1.8908
354,face,no_noise,1,1,1.7664
354,face,no_noise,2,1,1.6227
354,face,no_noise,1,1,2.5856
354,face,no_noise,1,1,1.2924
354,face,no_noise,3,1,1.8744
354,face,noise,2,1,2.4758
354,face,noise,3,1,1.9043
354,face,noise,3,0,2.0499
354,face,noise,1,1,1.5247
354,face,noise,3,1,1.8788
354,face,noise,1,1,2.4678
354,face,noise,2,1,2.6688
354,face,noise,1,1,2.1995
354,face,noise,2,1,2.4683
354,face,noise,2,1,2.0524
354,face,noise,2,1,2.171
354,face,noise,2,1,2.1177
354,face,noise,1,1,3.5677
354,face,noise,2,1,3.5677
354,face,noise,1,1,2.1419
354,face,noise,2,1,3.1925
354,face,noise,3,1,2.3815
354,face,noise,1,1,2.7639
354,face,noise,3,1,2.3617
354,face,noise,2,0,2.885
354,face,noise,1,1,2.6694
354,face,noise,1,1,3.2359
354,face,noise,1,1,1.6475
354,face,noise,3,1,3.75
354,car,no_noise,2,1,3.7436
354,car,no_noise,2,0,4.1013
354,car,no_noise,1,1,2.4668
354,car,no_noise,3,1,3.2134
354,car,no_noise,2,1,2.8884
354,car,no_noise,3,0,2.665
354,car,no_noise,1,0,4.6475
354,car,no_noise,1,1,1.9809
354,car,no_noise,2,0,4.1011
354,car,no_noise,3,1,3.5138
354,car,no_noise,1,0,1.6296
354,car,no_noise,3,1,2.5491
354,car,no_noise,2,1,4.4536
354,car,no_noise,1,0,2.762
354,car,no_noise,1,0,4.6342
354,car,no_noise,2,1,2.3539
354,car,no_noise,2,0,4.5807
354,car,no_noise,1,1,3.5705
354,car,no_noise,2,1,2.1639
354,car,no_noise,1,1,2.6525
354,car,no_noise,1,1,3.9356
354,car,no_noise,1,1,5.0012
354,car,no_noise,1,0,2.4374
354,car,no_noise,3,0,4.5737
354,car,no_noise,3,0,2.5675
354,car,no_noise,3,1,4
354,car,no_noise,1,0,2.252
354,car,no_noise,3,0,4.463
354,car,no_noise,3,0,2.0358
354,car,no_noise,1,1,3.1008
354,car,noise,2,1,3.8974
354,car,noise,2,0,2.7229
354,car,noise,3,1,3.6087
354,car,noise,1,1,2.8299
354,car,noise,2,1,2.5143
354,car,noise,1,0,3.7827
354,car,noise,1,1,3.0379
354,car,noise,1,1,1.95
354,car,noise,2,1,2.933
354,car,noise,2,0,1.8974
354,car,noise,1,1,3.9024
354,car,noise,3,1,2.6168
354,car,noise,2,1,2.434
354,car,noise,1,0,3.8462
354,car,noise,3,1,2.6621
354,car,noise,2,1,2.9534
354,car,noise,2,1,2.1332
354,car,noise,1,0,3.8322
354,car,noise,2,1,1.7835
354,car,noise,2,1,3.7504
354,car,noise,1,0,2.9119
354,car,noise,1,0,1.349
354,car,noise,1,1,2.5168
354,car,noise,3,1,2.3283
355,face,no_noise,1,1,4.5872
355,face,no_noise,2,1,3.8461
355,face,no_noise,1,1,8.6809
355,face,no_noise,2,0,5.747
355,face,no_noise,3,1,7.5749
355,face,no_noise,2,1,4.1121
355,face,no_noise,1,1,8.4788
355,face,no_noise,3,1,2.1069
355,face,no_noise,1,0,2.7905
355,face,no_noise,2,0,4.0452
355,face,no_noise,2,1,3.0111
355,face,no_noise,3,1,4.0901
355,face,no_noise,3,0,2.2234
355,face,no_noise,1,1,4.3231
355,face,no_noise,2,1,1.9158
355,face,no_noise,2,1,3.2979
355,face,no_noise,2,1,6.4919
355,face,no_noise,1,0,6.8813
355,face,no_noise,3,0,4.2468
355,face,no_noise,3,1,1.8415
355,face,no_noise,3,0,6.0789
355,face,no_noise,2,1,7.2568
355,face,no_noise,2,1,3.9168
355,face,no_noise,3,0,4.0744
355,face,no_noise,3,1,2.818
355,face,no_noise,1,1,2.2932
355,face,no_noise,1,0,2.7425
355,face,no_noise,1,1,2.3805
355,face,no_noise,1,1,2.5631
355,face,no_noise,2,0,1.8175
355,face,noise,2,1,5.9151
355,face,noise,2,0,3.3948
355,face,noise,1,1,2.1122
355,face,noise,1,1,2.7814
355,face,noise,3,1,6.1129
355,face,noise,1,1,4.2076
355,face,noise,3,0,7.1081
355,face,noise,3,0,3.3676
355,face,noise,3,0,3.7485
355,face,noise,1,0,5.1413
355,face,noise,2,1,2.7912
355,face,noise,3,0,5.6577
355,face,noise,3,0,3.1985
355,face,noise,2,1,3.561
355,face,noise,1,1,3.5127
355,face,noise,2,1,4.0437
355,face,noise,1,0,4.3293
355,face,noise,2,0,3.1068
355,face,noise,3,1,3.8398
355,face,noise,2,0,2.3947
355,face,noise,3,0,2.9438
355,face,noise,2,0,2.9115
355,face,noise,3,0,2.1457
355,face,noise,2,0,2.0607
355,car,no_noise,1,0,2.7252
355,car,no_noise,1,1,4.9998
355,car,no_noise,3,0,2.2036
355,car,no_noise,2,0,2.1365
355,car,no_noise,1,0,4.2148
355,car,no_noise,3,0,2.5331
355,car,no_noise,3,1,3.1399
355,car,no_noise,1,1,2.9094
355,car,no_noise,1,1,1.6161
355,car,no_noise,1,0,3.5836
355,car,no_noise,3,1,1.7378
355,car,no_noise,3,1,2.8717
355,car,no_noise,2,1,1.2325
355,car,no_noise,1,0,3.4992
355,car,no_noise,3,1,2.7165
355,car,no_noise,2,1,2.6827
355,car,no_noise,3,0,2.1159
355,car,no_noise,2,0,1.4502
355,car,no_noise,3,0,4.2426
355,car,no_noise,3,0,3.3327
355,car,no_noise,3,0,2.3099
355,car,no_noise,1,1,2.014
355,car,no_noise,2,0,2.766
355,car,no_noise,2,1,3.5157
355,car,no_noise,2,1,2.5389
355,car,no_noise,1,0,2.8644
355,car,no_noise,1,0,3.3058
355,car,no_noise,2,1,3.8663
355,car,no_noise,3,0,1.7555
355,car,no_noise,1,1,2.5236
355,car,noise,1,0,3.9751
355,car,noise,3,1,2.1824
355,car,noise,2,0,4.069
355,car,noise,2,0,3.5195
355,car,noise,2,1,3.2614
355,car,noise,3,0,1.7611
355,car,noise,1,1,1.8334
355,car,noise,1,1,1.3313
355,car,noise,2,1,2.2849
355,car,noise,2,0,2.3125
355,car,noise,2,0,1.2561
355,car,noise,1,0,2.3198
355,car,noise,1,0,1.9454
355,car,noise,1,0,3.074
355,car,noise,3,1,2.0511
355,car,noise,2,1,3.4263
355,car,noise,2,1,1.4165
355,car,noise,2,1,0.8616
355,car,noise,3,0,4.798
355,car,noise,2,1,2.0214
355,car,noise,2,0,2.1127
355,car,noise,3,1,1.8033
355,car,noise,1,1,2.0133
355,car,noise,3,1,1.7282
356,face,no_noise,1,1,6.749
356,face,no_noise,2,1,5.23
356,face,no_noise,1,1,5.808
356,face,no_noise,3,1,10.009
356,face,no_noise,3,1,5.405
356,face,no_noise,2,1,1.566
356,face,no_noise,1,1,1.948
356,face,no_noise,3,1,3.141
356,face,no_noise,2,1,1.561
356,face,no_noise,3,1,2.3
356,face,no_noise,2,1,8.178
356,face,no_noise,3,1,4.822
356,face,no_noise,2,1,9.109
356,face,no_noise,1,1,1.948
356,face,no_noise,2,1,11.3
356,face,no_noise,2,1,4.285
356,face,no_noise,2,1,3.233
356,face,no_noise,2,1,2.432
356,face,no_noise,1,1,2.569
356,face,no_noise,3,1,4.421
356,face,no_noise,1,1,1.974
356,face,no_noise,2,1,10.562
356,face,no_noise,2,1,3.128
356,face,no_noise,1,1,6.774
356,face,no_noise,3,1,2.313
356,face,no_noise,1,1,1.863
356,face,no_noise,2,1,6.552
356,face,no_noise,1,1,4.707
356,face,no_noise,1,1,2.414
356,face,no_noise,3,1,1.832
356,face,noise,2,1,7.25
356,face,noise,3,1,3.493
356,face,noise,2,0,5.265
356,face,noise,1,1,1.559
356,face,noise,1,0,11.357
356,face,noise,2,0,4.988
356,face,noise,2,1,6.119
356,face,noise,2,0,2.804
356,face,noise,1,0,5.796
356,face,noise,2,1,4.106
356,face,noise,2,1,3.435
356,face,noise,2,1,2.039
356,face,noise,2,0,2.905
356,face,noise,2,1,2.003
356,face,noise,1,1,6.589
356,face,noise,2,1,2.249
356,face,noise,3,1,3.407
356,face,noise,1,1,3.057
356,face,noise,3,1,1.537
356,face,noise,1,1,2.862
356,face,noise,1,1,5.764
356,face,noise,3,0,5.442
356,face,noise,1,1,2.174
356,face,noise,2,0,5.512
356,car,no_noise,2,1,3.347
356,car,no_noise,1,1,4.64
356,car,no_noise,3,0,4.037
356,car,no_noise,2,0,2.164
356,car,no_noise,2,1,2.964
356,car,no_noise,3,0,2.291
356,car,no_noise,3,1,4.599
356,car,no_noise,1,1,6.664
356,car,no_noise,1,1,6.249
356,car,no_noise,3,1,4.361
356,car,no_noise,2,0,4.694
356,car,no_noise,3,1,1.681
356,car,no_noise,1,0,3.873
356,car,no_noise,2,1,3.299
356,car,no_noise,3,1,5.165
356,car,no_noise,3,0,2.968
356,car,no_noise,3,0,6.563
356,car,no_noise,1,1,3.134
356,car,no_noise,1,0,5.053
356,car,no_noise,3,0,2.03
356,car,no_noise,3,0,5.594
356,car,no_noise,1,1,3.492
356,car,no_noise,1,0,2.749
356,car,no_noise,2,1,3.808
356,car,no_noise,2,1,4.668
356,car,no_noise,2,0,2.232
356,car,no_noise,2,1,2.272
356,car,no_noise,1,0,4.768
356,car,no_noise,2,0,2.343
356,car,no_noise,2,0,4.998
356,car,noise,2,1,2.595
356,car,noise,3,1,1.895
356,car,noise,2,0,2.126
356,car,noise,2,0,4.16
356,car,noise,2,1,3.644
356,car,noise,2,1,6.03
356,car,noise,3,0,3.291
356,car,noise,1,1,1.469
356,car,noise,1,0,3.45
356,car,noise,2,0,2.347
356,car,noise,1,1,2.413
356,car,noise,3,1,1.57
356,car,noise,1,0,3.397
356,car,noise,1,0,1.405
356,car,noise,3,1,3.577
356,car,noise,1,0,2.641
356,car,noise,1,0,1.972
356,car,noise,2,1,2.918
356,car,noise,2,1,1.718
356,car,noise,1,0,4.537
356,car,noise,3,1,3.539
356,car,noise,1,0,3.332
356,car,noise,1,1,2.468
356,car,noise,3,1,4.53
357,face,no_noise,1,1,9.3426
357,face,no_noise,2,1,5.0584
357,face,no_noise,1,1,3.042
357,face,no_noise,3,1,2.834099999
357,face,no_noise,2,0,3.3718
357,face,no_noise,3,0,2.7786
357,face,no_noise,1,1,7.509
357,face,no_noise,3,1,3.0676
357,face,no_noise,2,1,1.416400001
357,face,no_noise,3,1,2.0304
357,face,no_noise,1,0,4.5966
357,face,no_noise,3,1,2.2147
357,face,no_noise,3,0,6.950200001
357,face,no_noise,2,0,3.362400001
357,face,no_noise,2,1,1.3736
357,face,no_noise,3,0,4.3401
357,face,no_noise,2,1,2.8995
357,face,no_noise,2,1,2.5107
357,face,no_noise,3,0,1.368200001
357,face,no_noise,2,0,6.1614
357,face,no_noise,1,1,3.324099999
357,face,no_noise,1,0,1.696
357,face,no_noise,2,1,3.4474
357,face,no_noise,3,0,4.4982
357,face,no_noise,3,1,3.9256
357,face,no_noise,3,0,3.0654
357,face,no_noise,1,0,3.5237
357,face,no_noise,2,0,2.5647
357,face,no_noise,1,1,2.0317
357,face,no_noise,2,0,3.0975
357,face,noise,2,1,4.6162
357,face,noise,1,0,3.4413
357,face,noise,3,0,1.856
357,face,noise,3,0,3.1349
357,face,noise,1,0,1.7406
357,face,noise,2,0,1.7094
357,face,noise,3,0,5.943
357,face,noise,2,0,2.3813
357,face,noise,2,1,5.0933
357,face,noise,2,1,3.2486
357,face,noise,3,0,4.6752
357,face,noise,3,0,2.3776
357,face,noise,2,0,0.8955
357,face,noise,1,0,1.535
357,face,noise,2,0,2.1825
357,face,noise,3,0,4.1662
357,face,noise,1,0,2.7488
357,face,noise,2,0,1.609400001
357,face,noise,3,1,2.9224
357,face,noise,2,0,2.188900001
357,face,noise,1,1,1.834900001
357,face,noise,1,1,3.5673
357,face,noise,3,0,1.8655
357,face,noise,3,1,4.3646
357,car,no_noise,2,1,4.506400001
357,car,no_noise,3,0,0.772599999
357,car,no_noise,1,1,0.314799999
357,car,no_noise,1,0,3.7587
357,car,no_noise,2,1,3.3792
357,car,no_noise,1,1,4.7965
357,car,no_noise,3,1,4.1435
357,car,no_noise,1,1,4.019299999
357,car,no_noise,1,1,3.766900001
357,car,no_noise,3,1,3.552099999
357,car,no_noise,2,0,3.1362
357,car,no_noise,3,1,2.5974
357,car,no_noise,1,0,4.1837
357,car,no_noise,2,1,4.788799999
357,car,no_noise,3,1,3.213700001
357,car,no_noise,3,0,1.7096
357,car,no_noise,2,0,1.1441
357,car,no_noise,1,1,2.0155
357,car,no_noise,3,0,2.4924
357,car,no_noise,1,1,1.8443
357,car,no_noise,2,0,3.907
357,car,no_noise,1,1,4.8602
357,car,no_noise,3,1,3.679
357,car,no_noise,1,0,2.5902
357,car,no_noise,2,1,2.2149
357,car,no_noise,1,0,6.3192
357,car,no_noise,2,1,1.71
357,car,no_noise,2,1,1.4417
357,car,no_noise,3,0,1.8423
357,car,no_noise,1,1,2.6229
357,car,noise,2,1,2.101400001
357,car,noise,3,1,1.142799999
357,car,noise,2,0,0.4595
357,car,noise,2,0,4.0884
357,car,noise,2,1,1.9701
357,car,noise,1,0,6.2087
357,car,noise,1,1,8.6226
357,car,noise,2,0,2.7937
357,car,noise,2,1,5.7587
357,car,noise,1,1,2.952
357,car,noise,2,0,4.074
357,car,noise,3,1,5.6575
357,car,noise,1,0,2.053700001
357,car,noise,1,0,1.1618
357,car,noise,3,1,2.445200001
357,car,noise,1,0,2.3052
357,car,noise,2,1,2.807400001
357,car,noise,2,1,1.8727
357,car,noise,2,1,1.0032
357,car,noise,3,0,1.5564
357,car,noise,3,1,2.2519
357,car,noise,3,1,1.969
357,car,noise,1,1,2.5801
357,car,noise,1,0,5.5577
359,face,no_noise,1,1,20.475
359,face,no_noise,2,1,20.5845
359,face,no_noise,1,1,6.2586
359,face,no_noise,3,1,24.7063
359,face,no_noise,3,1,9.8928
359,face,no_noise,3,0,34.0782
359,face,no_noise,2,0,11.4751
359,face,no_noise,2,0,12.1893
359,face,no_noise,1,0,11.0406
359,face,no_noise,3,1,4.9455
359,face,no_noise,1,0,2.6518
359,face,no_noise,1,0,11.8669
359,face,no_noise,2,1,10.4338
359,face,no_noise,1,1,4.4255
359,face,no_noise,2,1,2.973
359,face,no_noise,1,0,5.1324
359,face,no_noise,3,0,23.9692
359,face,no_noise,3,0,5.5385
359,face,no_noise,3,0,3.9543
359,face,no_noise,3,1,3.1848
359,face,no_noise,3,0,3.785
359,face,no_noise,2,1,3.0682
359,face,no_noise,2,1,2.661
359,face,no_noise,2,0,4.3005
359,face,no_noise,1,0,2.0447
359,face,no_noise,1,1,4.9416
359,face,no_noise,1,0,10.7776
359,face,no_noise,2,0,2.7512
359,face,no_noise,3,0,4.3148
359,face,no_noise,2,0,11.4288
359,face,noise,2,1,41.4585
359,face,noise,2,0,3.2852
359,face,noise,1,1,11.0358
359,face,noise,1,1,7.969
359,face,noise,3,1,4.0693
359,face,noise,1,1,4.0334
359,face,noise,3,0,2.8195
359,face,noise,2,0,4.6736
359,face,noise,3,0,4.3811
359,face,noise,2,1,9.1063
359,face,noise,1,0,6.3273
359,face,noise,1,0,57.1167
359,face,noise,2,0,5.5152
359,face,noise,2,1,12.2759
359,face,noise,3,0,3.9879
359,face,noise,1,0,4.4064
359,face,noise,2,0,3.4577
359,face,noise,3,0,4.8722
359,face,noise,2,0,2.7027
359,face,noise,2,0,10.7852
359,face,noise,1,1,2.3706
359,face,noise,3,0,2.9792
359,face,noise,1,1,3.2023
359,face,noise,3,1,3.1975
359,car,no_noise,3,0,25.1225
359,car,no_noise,1,1,7.6439
359,car,no_noise,2,0,6.5508
359,car,no_noise,2,0,3.6998
359,car,no_noise,2,1,9.4109
359,car,no_noise,1,1,31.852
359,car,no_noise,3,1,4.9622
359,car,no_noise,1,1,1.6814
359,car,no_noise,1,1,4.58
359,car,no_noise,3,1,10.4486
359,car,no_noise,1,0,6.9681
359,car,no_noise,1,0,10.0034
359,car,no_noise,2,1,2.3448
359,car,no_noise,2,1,10.0766
359,car,no_noise,3,1,11.3513
359,car,no_noise,3,0,3.1084
359,car,no_noise,1,1,15.7993
359,car,no_noise,3,0,6.3573
359,car,no_noise,1,0,25.0973
359,car,no_noise,3,0,4.6336
359,car,no_noise,1,1,10.3302
359,car,no_noise,1,1,9.9772
359,car,no_noise,2,0,2.2513
359,car,no_noise,3,0,5.6123
359,car,no_noise,3,0,7.5378
359,car,no_noise,2,0,5.1364
359,car,no_noise,2,1,8.6782
359,car,no_noise,1,0,7.5348
359,car,no_noise,3,0,3.1052
359,car,no_noise,2,0,3.3227
359,car,noise,2,1,17.1507
359,car,noise,3,1,12.0058
359,car,noise,3,1,5.8532
359,car,noise,2,0,4.2437
359,car,noise,2,1,231.1226
359,car,noise,2,1,512.0471
359,car,noise,3,0,4.5873
359,car,noise,1,1,3.5514
359,car,noise,1,0,3.1647
359,car,noise,2,0,6.4477
359,car,noise,2,0,19.2113
359,car,noise,3,1,7.3887
359,car,noise,2,1,3.0586
359,car,noise,3,1,9.7543
359,car,noise,3,1,62.4881
359,car,noise,1,0,20.0589
359,car,noise,1,0,2.508
359,car,noise,2,1,5.1435
359,car,noise,3,0,6.2842
359,car,noise,2,1,72.8825
359,car,noise,1,0,3.7649
359,car,noise,1,0,5.4903
359,car,noise,2,0,4.5873
359,car,noise,3,1,99.8949
360,face,no_noise,1,1,2.5912
360,face,no_noise,2,1,2.5757
360,face,no_noise,1,1,1.9606
360,face,no_noise,3,1,3.1062
360,face,no_noise,1,0,1.8792
360,face,no_noise,1,0,2.4677
360,face,no_noise,1,1,2.6342
360,face,no_noise,3,1,3.0171
360,face,no_noise,2,1,3.054
360,face,no_noise,3,1,2.9793
360,face,no_noise,1,0,3.2282
360,face,no_noise,2,0,3.0846
360,face,no_noise,2,1,3.4042
360,face,no_noise,2,0,3.0792
360,face,no_noise,2,1,2.8892
360,face,no_noise,2,1,3.3473
360,face,no_noise,2,1,2.3848
360,face,no_noise,3,0,2.8764
360,face,no_noise,2,0,2.3693
360,face,no_noise,1,0,2.6555
360,face,no_noise,2,0,3.7461
360,face,no_noise,2,1,2.3015
360,face,no_noise,2,1,2.3944
360,face,no_noise,1,1,2.5956
360,face,no_noise,3,1,2.5963
360,face,no_noise,1,1,2.5535
360,face,no_noise,3,0,3.2686
360,face,no_noise,3,0,1.955
360,face,no_noise,2,0,1.8413
360,face,no_noise,3,1,2.1335
360,face,noise,2,1,2.1865
360,face,noise,1,0,1.3356
360,face,noise,3,0,2.5836
360,face,noise,1,1,1.7203
360,face,noise,1,0,1.8708
360,face,noise,2,0,1.4825
360,face,noise,3,0,2.052
360,face,noise,2,0,1.8346
360,face,noise,1,0,1.5688
360,face,noise,2,1,2.0012
360,face,noise,1,0,1.4014
360,face,noise,3,0,2.0176
360,face,noise,1,1,2.0989
360,face,noise,1,0,2.1017
360,face,noise,1,1,2.372
360,face,noise,3,0,2.3815
360,face,noise,2,0,2.4517
360,face,noise,2,0,2.0634
360,face,noise,1,0,2.003
360,face,noise,2,0,1.9658
360,face,noise,2,0,2.2474
360,face,noise,3,0,2.4279
360,face,noise,2,0,2.8038
360,face,noise,3,1,2.1215
360,car,no_noise,2,1,2.011
360,car,no_noise,3,0,2.1195
360,car,no_noise,2,0,1.0198
360,car,no_noise,2,0,1.0716
360,car,no_noise,3,0,2.0978
360,car,no_noise,3,0,1.9643
360,car,no_noise,3,1,2.1842
360,car,no_noise,2,0,1.2904
360,car,no_noise,1,1,2.0575
360,car,no_noise,1,0,1.3858
360,car,no_noise,1,0,1.6247
360,car,no_noise,1,0,1.4197
360,car,no_noise,2,1,0.9848
360,car,no_noise,3,0,1.8074
360,car,no_noise,3,1,2.2484
360,car,no_noise,3,0,2.2115
360,car,no_noise,3,0,1.5804
360,car,no_noise,1,1,2.3162
360,car,no_noise,3,0,2.004
360,car,no_noise,1,1,0.9779
360,car,no_noise,2,0,1.7867
360,car,no_noise,2,0,1.7864
360,car,no_noise,3,1,2.7511
360,car,no_noise,1,0,2.3837
360,car,no_noise,2,1,2.2306
360,car,no_noise,2,0,1.4154
360,car,no_noise,3,0,0.9308
360,car,no_noise,1,0,2.2468
360,car,no_noise,1,1,1.1226
360,car,no_noise,3,0,1.5855
360,car,noise,2,1,1.6319
360,car,noise,3,1,1.0712
360,car,noise,1,0,2.0468
360,car,noise,2,0,1.5406
360,car,noise,2,1,0.8178
360,car,noise,2,1,1.8388
360,car,noise,3,0,1.2187
360,car,noise,1,1,1.4301
360,car,noise,1,0,0.9451
360,car,noise,3,0,1.3028
360,car,noise,2,0,2.1989
360,car,noise,3,1,1.056
360,car,noise,1,0,0.8281
360,car,noise,3,1,1.1906
360,car,noise,2,0,2.0281
360,car,noise,3,0,1.1067
360,car,noise,1,0,1.6616
360,car,noise,1,0,1.5843
360,car,noise,2,1,1.4339
360,car,noise,3,0,1.3596
360,car,noise,1,0,0.727
360,car,noise,1,0,1.4461
360,car,noise,2,0,1.7133
360,car,noise,2,0,1.072
361,face,no_noise,1,1,4.5521
361,face,no_noise,2,1,3.4994
361,face,no_noise,1,1,2.4125
361,face,no_noise,2,0,5.154
361,face,no_noise,3,1,2.741
361,face,no_noise,2,1,2.5975
361,face,no_noise,3,0,2.4438
361,face,no_noise,3,1,4.1562
361,face,no_noise,1,0,2.9957
361,face,no_noise,3,1,3.4072
361,face,no_noise,2,1,2.4265
361,face,no_noise,3,1,3.217
361,face,no_noise,3,0,2.7073
361,face,no_noise,1,1,3.6145
361,face,no_noise,2,1,3.2521
361,face,no_noise,3,0,1.8734
361,face,no_noise,2,1,4.0811
361,face,no_noise,2,1,3.0569
361,face,no_noise,3,0,4.3154
361,face,no_noise,3,1,6.2732
361,face,no_noise,1,1,4.0485
361,face,no_noise,1,0,2.9186
361,face,no_noise,2,1,1.6647
361,face,no_noise,2,0,4.8405
361,face,no_noise,2,0,5.4941
361,face,no_noise,1,1,2.2113
361,face,no_noise,2,1,3.1585
361,face,no_noise,2,0,4.8785
361,face,no_noise,1,1,1.4475
361,face,no_noise,2,0,2.4908
361,face,noise,2,1,4.0341
361,face,noise,2,0,1.916
361,face,noise,1,1,6.3995
361,face,noise,3,0,2.1791
361,face,noise,2,0,4.0074
361,face,noise,1,1,5.3457
361,face,noise,2,1,5.6144
361,face,noise,2,0,1.9805
361,face,noise,3,0,2.6868
361,face,noise,2,1,2.3311
361,face,noise,2,1,3.3122
361,face,noise,3,0,3.4046
361,face,noise,1,1,4.6896
361,face,noise,3,0,2.2305
361,face,noise,1,1,2.4147
361,face,noise,2,1,3.5996
361,face,noise,3,1,2.431
361,face,noise,2,0,3.6139
361,face,noise,3,1,1.7873000000000001
361,face,noise,2,0,1.7995
361,face,noise,3,0,2.5082
361,face,noise,1,1,3.1225
361,face,noise,3,0,3.1222
361,face,noise,1,0,3.1564
361,car,no_noise,2,1,6.0315
361,car,no_noise,1,1,3.5668
361,car,no_noise,1,1,6.5949
361,car,no_noise,2,0,2.4209
361,car,no_noise,2,1,4.598
361,car,no_noise,3,0,4.1101
361,car,no_noise,1,0,4.1476
361,car,no_noise,1,1,4.4964
361,car,no_noise,2,0,6.5318
361,car,no_noise,3,1,4.8533
361,car,no_noise,1,0,3.4294
361,car,no_noise,3,1,2.5413
361,car,no_noise,2,1,3.1579
361,car,no_noise,1,0,5.6458
361,car,no_noise,3,1,5.0235
361,car,no_noise,2,1,5.3232
361,car,no_noise,2,0,9.4228
361,car,no_noise,3,0,2.7033
361,car,no_noise,2,1,5.4637
361,car,no_noise,1,1,4.4406
361,car,no_noise,3,0,8.7839
361,car,no_noise,2,0,5.1871
361,car,no_noise,3,1,3.1775
361,car,no_noise,2,1,3.0684
361,car,no_noise,2,1,6.7108
361,car,no_noise,2,0,2.7891
361,car,no_noise,2,1,3.4482
361,car,no_noise,3,0,10.3233
361,car,no_noise,1,1,3.7419
361,car,no_noise,1,1,5.4161
361,car,noise,2,1,2.5688
361,car,noise,3,1,3.8976
361,car,noise,3,1,3.4713
361,car,noise,2,0,1.6963
361,car,noise,2,1,5.7449
361,car,noise,2,1,1.9099
361,car,noise,3,0,2.7432
361,car,noise,1,1,3.4126
361,car,noise,3,0,2.3771
361,car,noise,1,1,2.0136
361,car,noise,1,1,2.5705
361,car,noise,3,1,3.1652
361,car,noise,1,0,4.828
361,car,noise,1,0,3.0397
361,car,noise,2,0,2.5637
361,car,noise,2,1,1.9044
361,car,noise,3,0,2.2009
361,car,noise,2,1,4.4123
361,car,noise,3,0,2.9817
361,car,noise,2,1,4.0322
361,car,noise,1,0,4.9293
361,car,noise,2,0,4.8753
361,car,noise,1,1,2.2705
361,car,noise,3,1,2.2932
362,face,no_noise,1,1,3.8009
362,face,no_noise,1,0,3.5999
362,face,no_noise,1,1,4.0996
362,face,no_noise,3,1,2.7806
362,face,no_noise,2,0,4.4342
362,face,no_noise,2,1,3.9999
362,face,no_noise,2,0,3.6641
362,face,no_noise,3,1,3.8625
362,face,no_noise,2,1,3.859
362,face,no_noise,3,1,3.3611
362,face,no_noise,2,1,3.2266
362,face,no_noise,2,0,3.049
362,face,no_noise,2,1,2.748
362,face,no_noise,1,1,3.0964
362,face,no_noise,2,1,2.3872
362,face,no_noise,2,1,3.1113
362,face,no_noise,2,1,2.126
362,face,no_noise,3,0,5.9757
362,face,no_noise,2,0,3.0776
362,face,no_noise,3,1,4.3957
362,face,no_noise,2,0,4.5599
362,face,no_noise,2,1,4.2938
362,face,no_noise,2,1,2.5669
362,face,no_noise,3,0,2.2741
362,face,no_noise,3,1,4.3309
362,face,no_noise,1,1,3.984
362,face,no_noise,2,1,2.9265
362,face,no_noise,3,0,6.5891
362,face,no_noise,1,1,3.4508
362,face,no_noise,3,1,5.0349
362,face,noise,2,1,2.351
362,face,noise,2,0,3.4346
362,face,noise,2,0,3.1187
362,face,noise,2,0,2.274
362,face,noise,3,1,2.7109
362,face,noise,1,1,2.9886
362,face,noise,3,0,3.05
362,face,noise,3,0,1.9415
362,face,noise,3,0,2.8443
362,face,noise,3,0,2.777
362,face,noise,3,0,3.0345
362,face,noise,1,0,6.1188
362,face,noise,1,1,2.4918
362,face,noise,2,1,3.8944
362,face,noise,2,0,3.1181
362,face,noise,1,0,5.208
362,face,noise,2,0,2.8626
362,face,noise,2,0,1.776
362,face,noise,3,1,2.0256
362,face,noise,3,0,2.3735
362,face,noise,3,0,1.2579
362,face,noise,3,0,3.2115
362,face,noise,1,1,1.9781
362,face,noise,3,1,2.9914
362,car,no_noise,1,0,3.431
362,car,no_noise,1,1,4.9691
362,car,no_noise,3,0,3.0855
362,car,no_noise,3,1,2.8758
362,car,no_noise,2,1,11.8367
362,car,no_noise,3,0,4.2443
362,car,no_noise,3,1,2.6735
362,car,no_noise,1,1,4.9959
362,car,no_noise,1,1,3.0516
362,car,no_noise,1,0,3.9748
362,car,no_noise,3,1,2.9085
362,car,no_noise,3,1,3.757
362,car,no_noise,2,1,5.9575
362,car,no_noise,2,1,6.9682
362,car,no_noise,3,1,8.6138
362,car,no_noise,2,1,5.7348
362,car,no_noise,3,0,4.0176
362,car,no_noise,1,1,4.9718
362,car,no_noise,2,1,4.2849
362,car,no_noise,1,1,2.7077
362,car,no_noise,1,1,5.1244
362,car,no_noise,3,0,5.3038
362,car,no_noise,1,0,3.7691
362,car,no_noise,1,0,4.1112
362,car,no_noise,2,1,2.2291
362,car,no_noise,2,0,4.2042
362,car,no_noise,2,1,5.3552
362,car,no_noise,2,1,3.3155
362,car,no_noise,2,0,7.2181
362,car,no_noise,2,0,4.9716
362,car,noise,2,1,12.9841
362,car,noise,3,1,2.5359
362,car,noise,3,1,2.4774
362,car,noise,2,0,3.1923
362,car,noise,3,0,6.2522
362,car,noise,2,1,5.3394
362,car,noise,3,0,4.4646
362,car,noise,2,0,10.4857
362,car,noise,2,1,4.4055
362,car,noise,1,1,3.0215
362,car,noise,2,0,5.2778
362,car,noise,3,1,3.5957
362,car,noise,1,0,6.3692
362,car,noise,3,1,3.3152
362,car,noise,1,0,4.2088
362,car,noise,1,0,4.0813
362,car,noise,2,1,3.0031
362,car,noise,2,1,3.9634
362,car,noise,2,1,5.5249
362,car,noise,3,0,4.097
362,car,noise,2,0,3.5397
362,car,noise,3,1,3.2893
362,car,noise,1,1,3.7855
362,car,noise,3,1,4.1405
363,car,no_noise,3,0,8.4962
363,car,no_noise,2,0,5.4122
363,car,no_noise,3,0,7.878
363,car,no_noise,3,1,5.3144
363,car,no_noise,3,0,5.9218
363,car,no_noise,1,1,9.0763
363,car,no_noise,3,1,2.75
363,car,no_noise,1,1,8.3701
363,car,no_noise,1,1,4.621
363,car,no_noise,1,0,3.5904
363,car,no_noise,3,1,7.2792
363,car,no_noise,1,0,2.5405
363,car,no_noise,2,1,10.6083
363,car,no_noise,2,1,7.9499
363,car,no_noise,3,1,6.1633
363,car,no_noise,3,0,5.5319
363,car,no_noise,3,0,3.083
363,car,no_noise,1,1,2.2674
363,car,no_noise,3,0,5.3518
363,car,no_noise,1,1,6.8347
363,car,no_noise,1,1,6.1133
363,car,no_noise,1,1,9.475
363,car,no_noise,1,0,8.9113
363,car,no_noise,3,0,7.446
363,car,no_noise,2,1,4.9966
363,car,no_noise,2,0,3.3084
363,car,no_noise,3,0,3.0828
363,car,no_noise,2,1,3.8647
363,car,no_noise,1,1,5.6543
363,car,no_noise,2,0,7.4658
363,car,noise,2,1,9.238
363,car,noise,3,1,2.1224
363,car,noise,3,1,3.7731
363,car,noise,2,0,2.7176
363,car,noise,1,0,8.1993
363,car,noise,2,1,6.1893
363,car,noise,3,0,4.0681
363,car,noise,1,1,6.5978
363,car,noise,2,1,3.679
363,car,noise,3,0,3.6506
363,car,noise,1,1,4.8687
363,car,noise,3,1,8.8189
363,car,noise,2,1,5.4975
363,car,noise,3,1,9.5164
363,car,noise,1,0,4.638
363,car,noise,2,1,8.2928
363,car,noise,3,0,6.242
363,car,noise,2,1,6.1655
363,car,noise,2,1,9.8099
363,car,noise,2,1,6.564
363,car,noise,3,1,4.942
363,car,noise,1,0,4.3511
363,car,noise,3,0,3.2946
363,car,noise,1,0,4.088
363,face,no_noise,3,0,6.3747
363,face,no_noise,2,1,3.9475
363,face,no_noise,3,0,4.3817
363,face,no_noise,2,0,7.5605
363,face,no_noise,3,1,4.198
363,face,no_noise,1,0,9.1476
363,face,no_noise,1,1,6.3015
363,face,no_noise,3,1,7.0271
363,face,no_noise,2,1,2.3213
363,face,no_noise,2,0,10.0334
363,face,no_noise,2,1,3.016
363,face,no_noise,3,1,9.2923
363,face,no_noise,2,1,10.2569
363,face,no_noise,1,1,2.9743
363,face,no_noise,3,0,7.9771
363,face,no_noise,2,1,3.3009
363,face,no_noise,2,1,3.191
363,face,no_noise,2,1,1.6837
363,face,no_noise,1,1,5.6785
363,face,no_noise,3,1,4.3471
363,face,no_noise,2,0,4.7163
363,face,no_noise,2,1,7.776
363,face,no_noise,2,1,6.265
363,face,no_noise,1,1,2.5
363,face,no_noise,3,1,4.0397
363,face,no_noise,1,1,5.9619
363,face,no_noise,1,0,3.9479
363,face,no_noise,1,1,2.116
363,face,no_noise,1,1,1.5007
363,face,no_noise,3,1,1.8508
363,face,noise,2,1,4.241
363,face,noise,3,1,5.9449
363,face,noise,1,1,2.4568
363,face,noise,1,1,3.3823
363,face,noise,1,0,2.5854
363,face,noise,1,1,5.7637
363,face,noise,1,0,3.3318
363,face,noise,2,0,3.3982
363,face,noise,1,0,3.4534
363,face,noise,2,1,2.718
363,face,noise,2,1,2.6165
363,face,noise,2,1,2.7315
363,face,noise,1,1,1.7843
363,face,noise,2,1,2.6653
363,face,noise,1,1,5.2633
363,face,noise,1,0,3.9285
363,face,noise,1,0,0.6349
363,face,noise,2,0,3.9317
363,face,noise,3,1,3.1039
363,face,noise,1,1,2.1484
363,face,noise,3,0,2.3868
363,face,noise,1,1,2.2666
363,face,noise,1,1,1.5568
363,face,noise,2,0,3.0161
364,car,no_noise,2,1,324.6029
364,car,no_noise,1,1,21.3874
364,car,no_noise,3,0,11.1899
364,car,no_noise,3,1,11.3566
364,car,no_noise,2,1,7.4332
364,car,no_noise,1,1,75.5521
364,car,no_noise,3,1,31.4186
364,car,no_noise,1,1,39.7075
364,car,no_noise,1,1,27.8944
364,car,no_noise,1,0,50.399
364,car,no_noise,2,0,50.6134
364,car,no_noise,3,1,13.4277
364,car,no_noise,3,0,48.9317
364,car,no_noise,3,0,106.4798
364,car,no_noise,3,1,40.694
364,car,no_noise,2,1,71.3387
364,car,no_noise,1,1,71.0302
364,car,no_noise,1,1,46.9307
364,car,no_noise,2,1,44.9918
364,car,no_noise,1,1,47.624
364,car,no_noise,3,0,13.1111
364,car,no_noise,1,1,56.4236
364,car,no_noise,1,0,55.2152
364,car,no_noise,2,1,16.7642
364,car,no_noise,2,1,109.0404
364,car,no_noise,3,1,33.6078
364,car,no_noise,2,1,127.9533
364,car,no_noise,2,1,24.8599
364,car,no_noise,2,0,116.5651
364,car,no_noise,2,0,19.2455
364,car,noise,2,1,26.2209
364,car,noise,3,1,41.3753
364,car,noise,3,1,82.2017
364,car,noise,1,1,45.1444
364,car,noise,2,1,36.9764
364,car,noise,2,1,139.2804
364,car,noise,1,1,13.6785
364,car,noise,1,1,336.903
364,car,noise,2,1,7.4641
364,car,noise,1,1,4.2616
364,car,noise,1,1,3.4427
364,car,noise,3,1,19.087
364,car,noise,2,1,12.1418
364,car,noise,3,1,76.8068
364,car,noise,3,1,13.5072
364,car,noise,2,1,60.5078
364,car,noise,2,1,8.9445
364,car,noise,2,1,8.7054
364,car,noise,2,1,23.8869
364,car,noise,2,1,50.7363
364,car,noise,3,1,8.2528
364,car,noise,3,1,19.3343
364,car,noise,1,1,42.0739
364,car,noise,3,1,11.5335
364,face,no_noise,1,1,41.9071
364,face,no_noise,1,0,108.6169
364,face,no_noise,1,1,15.0433
364,face,no_noise,2,0,81.2697
364,face,no_noise,1,0,59.649
364,face,no_noise,2,1,21.7719
364,face,no_noise,1,1,37.0866
364,face,no_noise,3,1,133.7825
364,face,no_noise,2,1,6.3173
364,face,no_noise,3,1,21.6497
364,face,no_noise,2,1,7.2844
364,face,no_noise,2,0,9.8187
364,face,no_noise,3,0,6.2194
364,face,no_noise,2,0,12.1592
364,face,no_noise,2,1,4.6337
364,face,no_noise,2,1,9.1098
364,face,no_noise,3,0,3.3024
364,face,no_noise,1,0,69.6416
364,face,no_noise,1,1,5.4179
364,face,no_noise,3,1,7.5013
364,face,no_noise,3,0,8.7103
364,face,no_noise,2,1,5.3519
364,face,no_noise,2,1,2.345
364,face,no_noise,1,1,7.9909
364,face,no_noise,3,1,7.2417
364,face,no_noise,3,0,6.4184
364,face,no_noise,2,1,60.2989
364,face,no_noise,1,1,7.9429
364,face,no_noise,1,1,9.0179
364,face,no_noise,3,1,5.4509
364,face,noise,2,1,53.3913
364,face,noise,2,0,17.6914
364,face,noise,1,1,57.692
364,face,noise,1,1,60.0847
364,face,noise,3,1,5.7785
364,face,noise,1,1,14.7712
364,face,noise,2,1,13.4215
364,face,noise,1,1,36.6041
364,face,noise,1,0,9.8754
364,face,noise,3,0,8.7509
364,face,noise,1,0,62.7675
364,face,noise,1,0,3.369
364,face,noise,3,0,98.779
364,face,noise,2,1,6.268
364,face,noise,1,1,8.6866
364,face,noise,3,0,11.7847
364,face,noise,3,1,5.2247
364,face,noise,1,1,3.1738
364,face,noise,2,0,27.6998
364,face,noise,3,0,85.9125
364,face,noise,2,0,6.2198
364,face,noise,1,1,2.6826
364,face,noise,1,1,9.9379
364,face,noise,3,1,9.1561
365,face,no_noise,1,1,3.42
365,face,no_noise,2,1,3.478
365,face,no_noise,1,1,1.881
365,face,no_noise,2,0,2.699
365,face,no_noise,3,1,5.205
365,face,no_noise,2,1,2.879
365,face,no_noise,1,1,4.031
365,face,no_noise,3,1,1.948
365,face,no_noise,2,1,4.414
365,face,no_noise,3,1,3.089
365,face,no_noise,2,1,2.014
365,face,no_noise,3,1,3.732
365,face,no_noise,3,0,3.849
365,face,no_noise,1,1,1.622
365,face,no_noise,2,1,2.988
365,face,no_noise,3,0,3.949
365,face,no_noise,2,1,1.787
365,face,no_noise,1,0,3.286
365,face,no_noise,2,0,2.549
365,face,no_noise,3,1,3.798
365,face,no_noise,1,1,4.447
365,face,no_noise,2,1,1.67
365,face,no_noise,2,1,2.148
365,face,no_noise,1,1,3.365
365,face,no_noise,3,1,3.213
365,face,no_noise,1,1,2.598
365,face,no_noise,2,1,2.047
365,face,no_noise,2,0,2.614
365,face,no_noise,1,1,1.165
365,face,no_noise,3,1,3.031
365,face,noise,3,0,1.819
365,face,noise,3,1,1.683
365,face,noise,3,0,4.036
365,face,noise,3,0,4.362
365,face,noise,2,0,3.5
365,face,noise,1,1,4.029
365,face,noise,2,1,3.098
365,face,noise,2,0,3.503
365,face,noise,3,0,4.334
365,face,noise,2,1,2.319
365,face,noise,2,1,2.714
365,face,noise,2,1,2.448
365,face,noise,1,1,2.913
365,face,noise,2,1,2.417
365,face,noise,1,1,1.281
365,face,noise,2,1,2.405
365,face,noise,3,1,1.696
365,face,noise,2,0,3.397
365,face,noise,3,1,3.029
365,face,noise,2,0,2.232
365,face,noise,3,0,3.085
365,face,noise,2,0,1.77
365,face,noise,1,1,2.33
365,face,noise,2,0,2.783
365,car,no_noise,3,0,3.278
365,car,no_noise,1,1,3.241
365,car,no_noise,3,0,2.859
365,car,no_noise,2,0,3.504
365,car,no_noise,2,1,3.923
365,car,no_noise,3,0,3.942
365,car,no_noise,3,1,4.699
365,car,no_noise,1,1,4.974
365,car,no_noise,1,1,2.815
365,car,no_noise,3,1,1.864
365,car,no_noise,1,0,3.912
365,car,no_noise,2,0,3.991
365,car,no_noise,3,0,3.007
365,car,no_noise,3,0,2.44
365,car,no_noise,2,0,2.505
365,car,no_noise,3,0,1.8
365,car,no_noise,3,0,1.716
365,car,no_noise,2,0,1.98
365,car,no_noise,3,0,2.141
365,car,no_noise,3,0,2.358
365,car,no_noise,1,1,2.212
365,car,no_noise,2,0,2.315
365,car,no_noise,3,1,1.845
365,car,no_noise,3,0,2.19
365,car,no_noise,3,0,1.873
365,car,no_noise,1,0,1.311
365,car,no_noise,2,1,1.024
365,car,no_noise,1,0,2.23
365,car,no_noise,3,0,2.657
365,car,no_noise,1,1,2.341
365,car,noise,2,1,2.274
365,car,noise,3,1,3.035
365,car,noise,3,1,2.597
365,car,noise,1,1,3.285
365,car,noise,3,0,3.149
365,car,noise,2,1,2.352
365,car,noise,3,0,3.383
365,car,noise,3,0,3.016
365,car,noise,2,1,1.296
365,car,noise,1,1,2.783
365,car,noise,1,1,1.651
365,car,noise,3,1,2.134
365,car,noise,2,1,1.938
365,car,noise,3,1,1.899
365,car,noise,2,0,2.149
365,car,noise,1,0,1.752
365,car,noise,2,1,1.273
365,car,noise,2,1,1.722
365,car,noise,2,1,2.417
365,car,noise,2,1,1.865
365,car,noise,2,0,2.609
365,car,noise,2,0,1.927
365,car,noise,1,1,2.764
365,car,noise,3,1,3.165
366,car,no_noise,2,1,6.1706
366,car,no_noise,1,1,3.2932
366,car,no_noise,2,0,2.6686
366,car,no_noise,2,0,1.8375
366,car,no_noise,1,0,3.179
366,car,no_noise,2,0,4.6401
366,car,no_noise,3,1,3.1173
366,car,no_noise,2,0,3.495
366,car,no_noise,1,1,4.3563
366,car,no_noise,2,0,3.091
366,car,no_noise,1,0,1.2191
366,car,no_noise,3,1,4.195
366,car,no_noise,2,1,1.4637
366,car,no_noise,1,0,2.8091
366,car,no_noise,3,1,3.4934
366,car,no_noise,2,1,2.0594
366,car,no_noise,2,0,3.0585
366,car,no_noise,1,1,1.711
366,car,no_noise,2,1,2.4565
366,car,no_noise,2,0,1.3187
366,car,no_noise,2,0,2.1676
366,car,no_noise,2,0,1.7269
366,car,no_noise,1,0,1.5441
366,car,no_noise,2,1,1.2964
366,car,no_noise,2,1,2.8019
366,car,no_noise,2,0,4.5271
366,car,no_noise,1,0,3.478
366,car,no_noise,2,1,2.1824
366,car,no_noise,3,0,2.4806
366,car,no_noise,1,1,4.5266
366,car,noise,2,1,2.9023
366,car,noise,3,1,2.6457
366,car,noise,2,0,1.8724
366,car,noise,1,1,1.7552
366,car,noise,2,1,1.5914
366,car,noise,1,0,2.7685
366,car,noise,2,0,2.7701
366,car,noise,1,1,1.2078
366,car,noise,1,0,2.3718
366,car,noise,2,0,2.0972
366,car,noise,2,0,1.8216
366,car,noise,3,1,2.5483
366,car,noise,2,1,2.7006
366,car,noise,1,0,2.6875
366,car,noise,3,1,1.6566
366,car,noise,2,1,1.8739
366,car,noise,2,1,2.4756
366,car,noise,2,1,3.1802
366,car,noise,1,0,1.9229
366,car,noise,1,0,2.3683
366,car,noise,2,0,1.6372
366,car,noise,1,0,1.2048
366,car,noise,2,0,1.4344
366,car,noise,2,0,5.0018
366,face,no_noise,1,1,2.7698
366,face,no_noise,2,1,2.3662
366,face,no_noise,3,0,2.0922
366,face,no_noise,3,1,3.3
366,face,no_noise,2,0,1.3073
366,face,no_noise,2,1,1.6843
366,face,no_noise,1,1,2.4301
366,face,no_noise,2,0,2.3451
366,face,no_noise,1,0,2.4343
366,face,no_noise,2,0,1.5761
366,face,no_noise,1,0,2.1916
366,face,no_noise,2,0,1.2341
366,face,no_noise,3,0,1.8904
366,face,no_noise,1,1,1.6982
366,face,no_noise,2,1,0.7092
366,face,no_noise,2,1,0.9661
366,face,no_noise,3,0,1.9448
366,face,no_noise,2,1,1.6837
366,face,no_noise,3,0,1.7263
366,face,no_noise,2,0,0.9237
366,face,no_noise,3,0,2.5514
366,face,no_noise,2,1,0.8903
366,face,no_noise,3,0,2.4569
366,face,no_noise,3,0,1.7339
366,face,no_noise,2,0,1.3464
366,face,no_noise,2,0,1.4398
366,face,no_noise,2,1,4.8939
366,face,no_noise,2,0,0.9257
366,face,no_noise,1,1,1.2644
366,face,no_noise,2,0,1.4029
366,face,noise,2,1,2.8811
366,face,noise,3,1,1.8269
366,face,noise,1,1,1.9182
366,face,noise,2,0,1.1084
366,face,noise,3,1,3.3093
366,face,noise,2,0,0.7134
366,face,noise,2,1,1.0277
366,face,noise,3,0,1.9979
366,face,noise,3,0,2.2423
366,face,noise,2,1,1.4552
366,face,noise,2,1,1.5147
366,face,noise,3,0,0.9449
366,face,noise,1,1,2.1635
366,face,noise,1,0,2.113
366,face,noise,2,0,1.3927
366,face,noise,3,0,1.6784
366,face,noise,2,0,0.7377
366,face,noise,1,1,1.2936
366,face,noise,3,1,1.3416
366,face,noise,2,0,0.6314
366,face,noise,3,0,1.3718
366,face,noise,2,0,0.7789
366,face,noise,3,0,0.9893
366,face,noise,3,1,1.7002
369,face,no_noise,1,1,7.971
369,face,no_noise,2,1,8.4243
369,face,no_noise,1,1,7.3109
369,face,no_noise,3,1,7.4203
369,face,no_noise,3,1,10.0997
369,face,no_noise,2,1,3.8784
369,face,no_noise,1,1,13.6052
369,face,no_noise,2,0,12.8423
369,face,no_noise,2,1,5.5321
369,face,no_noise,3,1,3.0835
369,face,no_noise,2,1,4.9024
369,face,no_noise,3,1,6.6366
369,face,no_noise,2,1,7.4504
369,face,no_noise,1,1,2.1836
369,face,no_noise,1,0,9.4035
369,face,no_noise,3,0,9.7047
369,face,no_noise,2,1,2.0525
369,face,no_noise,2,1,3.6971
369,face,no_noise,1,1,24.1735
369,face,no_noise,3,1,3.2373
369,face,no_noise,1,1,10.8845
369,face,no_noise,2,1,5.5352
369,face,no_noise,2,1,4.2415
369,face,no_noise,1,1,3.7175
369,face,no_noise,3,1,11.9543
369,face,no_noise,1,1,4.9842
369,face,no_noise,2,1,23.9072
369,face,no_noise,2,0,8.7625
369,face,no_noise,1,1,3.6192
369,face,no_noise,2,0,4.2857
369,face,noise,2,1,5.7127
369,face,noise,2,0,3.7356
369,face,noise,1,1,3.7722
369,face,noise,1,1,1.4982
369,face,noise,3,1,2.4766
369,face,noise,1,1,2.6729
369,face,noise,2,1,12.6651
369,face,noise,2,0,3.7218
369,face,noise,2,1,7.9937
369,face,noise,2,1,3.3451
369,face,noise,2,1,3.106
369,face,noise,1,0,2.9323
369,face,noise,2,0,7.9762
369,face,noise,2,1,1.8016
369,face,noise,1,1,5.2763
369,face,noise,2,1,20.376
369,face,noise,3,1,16.858
369,face,noise,1,1,2.7375
369,face,noise,3,1,5.8617
369,face,noise,2,0,3.5054
369,face,noise,3,0,5.8949
369,face,noise,1,1,2.87
369,face,noise,3,0,5.381
369,face,noise,3,1,5.1598
369,car,no_noise,3,0,9.2602
369,car,no_noise,1,1,2.3133
369,car,no_noise,3,0,2.9454
369,car,no_noise,2,0,8.2285
369,car,no_noise,2,1,4.0851
369,car,no_noise,2,0,2.8974
369,car,no_noise,3,1,4.7769
369,car,no_noise,1,1,2.8483
369,car,no_noise,1,1,2.5826
369,car,no_noise,3,1,2.3334
369,car,no_noise,3,1,1.4023
369,car,no_noise,1,0,3.0424
369,car,no_noise,3,0,5.3274
369,car,no_noise,1,0,2.3121
369,car,no_noise,2,0,3.9628
369,car,no_noise,2,1,5.7109
369,car,no_noise,1,1,4.5861
369,car,no_noise,2,0,3.1181
369,car,no_noise,2,1,6.3169
369,car,no_noise,1,1,4.0952
369,car,no_noise,1,1,3.9908
369,car,no_noise,1,1,1.8875
369,car,no_noise,2,0,4.1916
369,car,no_noise,2,1,3.6272
369,car,no_noise,3,0,5.6778
369,car,no_noise,2,0,2.7573
369,car,no_noise,2,1,1.9389
369,car,no_noise,2,1,1.8418
369,car,no_noise,3,0,2.6307
369,car,no_noise,1,1,3.7487
369,car,noise,2,1,8.1906
369,car,noise,3,1,8.0925
369,car,noise,2,0,4.8102
369,car,noise,1,1,3.3015
369,car,noise,2,1,2.2827
369,car,noise,2,1,2.5261
369,car,noise,1,1,5.6592
369,car,noise,1,1,3.4917
369,car,noise,1,0,1.567
369,car,noise,1,1,1.7975
369,car,noise,1,1,4.5718
369,car,noise,3,1,2.8538
369,car,noise,2,1,2.5942
369,car,noise,1,0,5.2034
369,car,noise,1,0,1.8068
369,car,noise,2,1,2.4585
369,car,noise,3,0,3.3249
369,car,noise,2,1,1.9972
369,car,noise,2,1,3.8316
369,car,noise,3,0,1.8655
369,car,noise,1,0,2.4075
369,car,noise,1,0,1.5178
369,car,noise,1,1,3.5998
369,car,noise,3,1,3.6622
370,car,no_noise,1,0,4.6438
370,car,no_noise,1,1,4.3515
370,car,no_noise,1,1,4.0624
370,car,no_noise,1,0,4.3878
370,car,no_noise,2,1,4.7249
370,car,no_noise,3,0,3.3773
370,car,no_noise,3,1,3.2307
370,car,no_noise,1,1,4.8026
370,car,no_noise,2,0,8.0897
370,car,no_noise,1,0,3.2656
370,car,no_noise,3,1,4.6628
370,car,no_noise,3,1,3.9181
370,car,no_noise,2,1,2.8277
370,car,no_noise,1,0,3.1965
370,car,no_noise,1,0,5.4133
370,car,no_noise,3,0,4.9493
370,car,no_noise,1,1,3.5956
370,car,no_noise,3,0,4.1568
370,car,no_noise,3,0,2.4375
370,car,no_noise,3,0,5.917
370,car,no_noise,3,0,5.2964
370,car,no_noise,1,1,4.489
370,car,no_noise,2,0,7.1528
370,car,no_noise,3,0,6.2213
370,car,no_noise,3,0,8.1602
370,car,no_noise,3,1,23.756
370,car,no_noise,3,0,13.754
370,car,no_noise,1,0,2.2984
370,car,no_noise,2,0,4.374
370,car,no_noise,2,0,3.5727
370,car,noise,2,1,6.5216
370,car,noise,1,0,6.2602
370,car,noise,3,1,12.3024
370,car,noise,1,1,6.8108
370,car,noise,2,1,5.2669
370,car,noise,1,0,4.6438
370,car,noise,3,0,2.8921
370,car,noise,1,1,5.5607
370,car,noise,2,1,3.4994
370,car,noise,2,0,4.7956
370,car,noise,1,1,2.8694
370,car,noise,3,1,5.1632
370,car,noise,2,1,4.3573
370,car,noise,1,0,6.3021
370,car,noise,1,0,5.1967
370,car,noise,2,1,4.9919
370,car,noise,1,0,2.8974
370,car,noise,3,0,3.0902
370,car,noise,3,0,3.679
370,car,noise,2,1,3.3107
370,car,noise,1,0,2.895
370,car,noise,1,0,1.9754
370,car,noise,3,0,3.1727
370,car,noise,1,0,5.6581
370,face,no_noise,1,1,6.3653
370,face,no_noise,2,1,6.6739
370,face,no_noise,1,1,2.4146
370,face,no_noise,2,0,4.3519
370,face,no_noise,2,0,3.2187
370,face,no_noise,2,1,2.1314
370,face,no_noise,2,0,3.0277
370,face,no_noise,3,1,3.8708
370,face,no_noise,1,0,3.1685
370,face,no_noise,3,1,6.404
370,face,no_noise,1,0,3.4516
370,face,no_noise,2,0,1.5625
370,face,no_noise,2,1,2.0678
370,face,no_noise,1,1,2.7366
370,face,no_noise,2,1,1.6848
370,face,no_noise,2,1,2.7348
370,face,no_noise,3,0,2.6532
370,face,no_noise,1,0,2.9325
370,face,no_noise,3,0,1.77
370,face,no_noise,3,1,2.3097
370,face,no_noise,2,0,3.6015
370,face,no_noise,2,1,5.3023
370,face,no_noise,2,1,2.0995
370,face,no_noise,3,0,1.9677
370,face,no_noise,2,0,2.603
370,face,no_noise,1,1,1.7753
370,face,no_noise,2,1,1.8
370,face,no_noise,2,0,3.6187
370,face,no_noise,3,0,3.8519
370,face,no_noise,3,1,5.2219
370,face,noise,2,1,2.5444
370,face,noise,2,0,2.3029
370,face,noise,2,0,2.7515
370,face,noise,1,1,2.3512
370,face,noise,3,1,1.6352
370,face,noise,1,1,2.4181
370,face,noise,3,0,2.0375
370,face,noise,1,1,2.3007
370,face,noise,3,0,2.0232
370,face,noise,3,0,1.4311
370,face,noise,3,0,1.7701
370,face,noise,3,0,2.886
370,face,noise,2,0,3.2329
370,face,noise,2,1,6.5522
370,face,noise,3,0,2.1337
370,face,noise,2,1,2.268
370,face,noise,3,1,1.7362
370,face,noise,1,1,1.7228
370,face,noise,1,0,4.1519
370,face,noise,3,0,3.252
370,face,noise,1,1,2.6541
370,face,noise,1,1,3.2186
370,face,noise,3,0,3.2686
370,face,noise,2,0,5.9094
371,face,no_noise,1,1,6.2672
371,face,no_noise,2,1,5.9266
371,face,no_noise,1,1,4.8756
371,face,no_noise,3,1,4.5401
371,face,no_noise,2,0,7.5162
371,face,no_noise,2,1,4.3923
371,face,no_noise,1,1,2.8614
371,face,no_noise,3,1,3.2997
371,face,no_noise,2,1,5.559
371,face,no_noise,3,1,8.074
371,face,no_noise,2,1,5.5579
371,face,no_noise,2,0,8.1064
371,face,no_noise,3,0,5.5429
371,face,no_noise,2,0,4.8088
371,face,no_noise,2,1,3.957
371,face,no_noise,2,1,2.4511
371,face,no_noise,2,1,5.2871
371,face,no_noise,2,1,7.3252
371,face,no_noise,1,1,2.7753
371,face,no_noise,3,1,4.0006
371,face,no_noise,1,1,3.0649
371,face,no_noise,2,1,3.6828
371,face,no_noise,2,1,3.6528
371,face,no_noise,1,1,3.4919
371,face,no_noise,3,1,2.7329
371,face,no_noise,1,1,5.3162
371,face,no_noise,2,1,3.9937
371,face,no_noise,1,1,4.1907
371,face,no_noise,1,1,3.0422
371,face,no_noise,3,1,3.5596
371,face,noise,2,1,5.8217
371,face,noise,2,0,8.7829
371,face,noise,2,0,5.4813
371,face,noise,1,1,4.6749
371,face,noise,3,1,7.476
371,face,noise,1,1,3.3932
371,face,noise,2,1,2.6893
371,face,noise,2,0,8.8179
371,face,noise,2,1,4.811
371,face,noise,2,1,3.3493
371,face,noise,1,0,8.5172
371,face,noise,2,1,5.3047
371,face,noise,1,1,6.8507
371,face,noise,2,1,4.2747
371,face,noise,1,1,3.2726
371,face,noise,2,1,4.6928
371,face,noise,3,1,4.1001
371,face,noise,1,1,5.1678
371,face,noise,1,0,3.076
371,face,noise,2,0,2.9864
371,face,noise,1,1,6.542
371,face,noise,2,0,9.2732
371,face,noise,1,1,3.6181
371,face,noise,2,0,5.568
371,car,no_noise,2,1,12.1683
371,car,no_noise,1,1,5.2515
371,car,no_noise,1,1,5.9892
371,car,no_noise,3,1,5.9478
371,car,no_noise,3,0,10.5696
371,car,no_noise,3,0,6.8971
371,car,no_noise,3,1,13.9814
371,car,no_noise,1,1,6.326
371,car,no_noise,1,1,4.8388
371,car,no_noise,3,1,9.0092
371,car,no_noise,3,1,9.5716
371,car,no_noise,3,1,4.1278
371,car,no_noise,2,1,7.6232
371,car,no_noise,2,1,6.263
371,car,no_noise,1,0,10.5371
371,car,no_noise,2,1,7.7408
371,car,no_noise,1,1,5.4422
371,car,no_noise,2,0,7.6011
371,car,no_noise,2,1,5.4062
371,car,no_noise,3,0,5.6241
371,car,no_noise,3,0,5.2686
371,car,no_noise,1,1,6.9752
371,car,no_noise,1,0,7.7244
371,car,no_noise,2,1,13.6669
371,car,no_noise,1,0,12.144
371,car,no_noise,3,1,5.0394
371,car,no_noise,2,1,7.0135
371,car,no_noise,2,1,5.4308
371,car,no_noise,2,0,3.654
371,car,no_noise,1,1,7.0979
371,car,noise,2,1,4.9657
371,car,noise,3,1,6.6067
371,car,noise,2,0,4.7591
371,car,noise,2,0,4.9032
371,car,noise,2,1,3.7816
371,car,noise,1,0,3.5787
371,car,noise,1,1,4.6347
371,car,noise,1,1,5.1496
371,car,noise,1,0,4.2712
371,car,noise,1,1,6.0654
371,car,noise,1,1,4.7135
371,car,noise,3,1,4.3132
371,car,noise,1,0,4.2214
371,car,noise,1,0,8.3131
371,car,noise,3,1,4.843
371,car,noise,2,1,7.5707
371,car,noise,2,1,6.7366
371,car,noise,2,1,6.1458
371,car,noise,2,1,6.9814
371,car,noise,2,1,5.2487
371,car,noise,2,0,5.6117
371,car,noise,3,1,6.0598
371,car,noise,3,0,5.722
371,car,noise,3,1,5.5874
373,face,no_noise,1,1,3.1986
373,face,no_noise,2,1,4.3523
373,face,no_noise,3,0,2.631
373,face,no_noise,3,1,3.4144
373,face,no_noise,2,0,4.0103
373,face,no_noise,2,1,2.5795
373,face,no_noise,2,0,3.6934
373,face,no_noise,2,0,2.9106
373,face,no_noise,2,1,2.1569
373,face,no_noise,3,1,2.8842
373,face,no_noise,2,1,1.9168
373,face,no_noise,2,0,3.7777
373,face,no_noise,3,0,1.9766
373,face,no_noise,2,0,2.3078
373,face,no_noise,3,0,4.2888
373,face,no_noise,2,1,3.1426
373,face,no_noise,2,1,2.1776
373,face,no_noise,2,1,4.7789
373,face,no_noise,2,0,3.4746
373,face,no_noise,3,1,1.79
373,face,no_noise,3,0,3.3055
373,face,no_noise,2,1,2.9785
373,face,no_noise,2,1,2.0945
373,face,no_noise,2,0,3.6222
373,face,no_noise,3,1,1.9652
373,face,no_noise,3,0,1.9092
373,face,no_noise,2,1,2.8038
373,face,no_noise,3,0,2.4996
373,face,no_noise,1,1,2.4365
373,face,no_noise,3,1,3.0305
373,face,noise,3,0,5.0976
373,face,noise,2,0,7.2455
373,face,noise,3,0,2.5818
373,face,noise,1,1,3.9341
373,face,noise,1,0,3.7951
373,face,noise,1,1,2.9978
373,face,noise,2,1,4.81
373,face,noise,2,0,1.5658
373,face,noise,1,0,1.8663
373,face,noise,3,0,5.4209
373,face,noise,2,1,2.3257
373,face,noise,2,1,2.3596
373,face,noise,1,1,4.4798
373,face,noise,1,0,5.7668
373,face,noise,1,1,2.6418
373,face,noise,2,1,2.8802
373,face,noise,2,0,3.8795
373,face,noise,2,0,2.1302
373,face,noise,3,1,2.3297
373,face,noise,3,0,2.6364
373,face,noise,3,0,6.3088
373,face,noise,3,0,1.5947
373,face,noise,2,0,4.3799
373,face,noise,3,1,4.641
373,car,no_noise,1,0,6.3092
373,car,no_noise,1,1,3.3959
373,car,no_noise,2,0,2.8157
373,car,no_noise,1,0,2.7771
373,car,no_noise,3,0,3.2234
373,car,no_noise,3,0,2.9058
373,car,no_noise,3,1,2.6319
373,car,no_noise,3,0,4.2871
373,car,no_noise,1,1,1.906
373,car,no_noise,1,0,1.4811
373,car,no_noise,3,1,2.6606
373,car,no_noise,3,1,2.3849
373,car,no_noise,2,1,1.982
373,car,no_noise,2,1,4.9762
373,car,no_noise,1,0,5.1167
373,car,no_noise,3,0,2.9054
373,car,no_noise,1,1,1.302
373,car,no_noise,1,1,1.6406
373,car,no_noise,2,1,4.9206
373,car,no_noise,1,1,3.592
373,car,no_noise,1,1,2.1839
373,car,no_noise,1,1,3.1398
373,car,no_noise,1,0,3.4263
373,car,no_noise,1,0,2.2695
373,car,no_noise,1,0,1.2191
373,car,no_noise,1,0,3.0383
373,car,no_noise,3,0,2.8546
373,car,no_noise,1,0,1.1724
373,car,no_noise,1,1,1.2129
373,car,no_noise,1,1,2.9883
373,car,noise,1,0,3.4555
373,car,noise,1,0,1.6518
373,car,noise,2,0,1.9551
373,car,noise,1,1,1.7384
373,car,noise,1,0,2.2177
373,car,noise,1,0,0.7515
373,car,noise,3,0,2.1506
373,car,noise,1,1,1.1148
373,car,noise,1,0,0.8458
373,car,noise,1,1,0.8227
373,car,noise,1,1,1.2267
373,car,noise,1,0,0.8221
373,car,noise,2,1,1.7379
373,car,noise,3,1,2.2568
373,car,noise,3,1,1.9387
373,car,noise,1,0,2.5092
373,car,noise,1,0,1.9006
373,car,noise,1,0,1.1907
373,car,noise,3,0,2.1222
373,car,noise,3,0,2.3517
373,car,noise,1,0,1.2461
373,car,noise,1,0,1.0194
373,car,noise,1,1,1.4524
373,car,noise,1,0,0.9425
374,face,no_noise,1,1,2.3167
374,face,no_noise,2,1,3.7499
374,face,no_noise,1,1,4.7502
374,face,no_noise,3,1,4.0665
374,face,no_noise,3,1,5.1493
374,face,no_noise,2,1,4.5505
374,face,no_noise,1,1,5.849
374,face,no_noise,3,1,2.9171
374,face,no_noise,2,1,3.3482
374,face,no_noise,2,0,4.5345
374,face,no_noise,2,1,3.8989
374,face,no_noise,3,1,2.1507
374,face,no_noise,2,1,6.3659
374,face,no_noise,1,1,2.9
374,face,no_noise,2,1,4.6998
374,face,no_noise,3,0,2.8336
374,face,no_noise,2,1,1.9534
374,face,no_noise,1,0,3.6481
374,face,no_noise,3,0,3.8836
374,face,no_noise,3,1,2.2496
374,face,no_noise,2,0,4.2163
374,face,no_noise,2,1,3.1661
374,face,no_noise,2,1,3.5499
374,face,no_noise,1,1,5.5163
374,face,no_noise,3,1,4.9154
374,face,no_noise,1,1,2.0161
374,face,no_noise,2,1,3.7666
374,face,no_noise,2,0,2.8494
374,face,no_noise,1,1,3.8662
374,face,no_noise,3,1,2.2335
374,face,noise,2,1,3.3496
374,face,noise,3,1,4.0663
374,face,noise,3,0,3.4
374,face,noise,1,1,2.7666
374,face,noise,3,1,3.5334
374,face,noise,1,1,2.5169
374,face,noise,3,0,4.1334
374,face,noise,2,0,7.8
374,face,noise,1,0,4.1502
374,face,noise,2,1,2.9002
374,face,noise,2,1,4.7167
374,face,noise,1,0,3.5833
374,face,noise,1,1,4.2
374,face,noise,2,1,2.4668
374,face,noise,1,1,9.4667
374,face,noise,3,0,5.2168
374,face,noise,3,1,2.1167
374,face,noise,1,1,3.2668
374,face,noise,3,1,3.7669
374,face,noise,1,1,3.7835
374,face,noise,1,1,4.9663
374,face,noise,1,1,3.902
374,face,noise,1,1,3.5667
374,face,noise,3,1,3.9834
374,car,no_noise,2,1,7.1654
374,car,no_noise,2,0,6.2987
374,car,no_noise,3,0,5.3498
374,car,no_noise,1,0,7.0327
374,car,no_noise,2,1,8.032
374,car,no_noise,1,1,4.8835
374,car,no_noise,1,0,3.5157
374,car,no_noise,2,0,8.0496
374,car,no_noise,1,1,5.2324
374,car,no_noise,3,1,5.6318
374,car,no_noise,1,0,4.9001
374,car,no_noise,2,0,3.4499
374,car,no_noise,3,0,6.8666
374,car,no_noise,2,1,4.9169
374,car,no_noise,3,1,3.95
374,car,no_noise,2,1,4.2837
374,car,no_noise,1,1,5.6996
374,car,no_noise,1,1,3.1667
374,car,no_noise,3,0,3.7833
374,car,no_noise,1,1,7.4831
374,car,no_noise,1,1,4.3166
374,car,no_noise,1,1,5.9499
374,car,no_noise,1,0,5.2669
374,car,no_noise,2,1,3.7647
374,car,no_noise,2,1,3.5339
374,car,no_noise,2,0,4.3001
374,car,no_noise,1,0,4.6965
374,car,no_noise,2,1,6.5836
374,car,no_noise,3,0,5.7485
374,car,no_noise,2,0,3.4553
374,car,noise,1,0,3.5342
374,car,noise,3,1,3.2484
374,car,noise,3,1,5.0188
374,car,noise,2,0,5.351
374,car,noise,2,1,6.1823
374,car,noise,1,0,5.4156
374,car,noise,1,1,3.3506
374,car,noise,3,0,4.733
374,car,noise,2,1,3.6169
374,car,noise,1,1,2.7283
374,car,noise,1,1,2.9836
374,car,noise,3,1,4.1974
374,car,noise,2,1,4.6168
374,car,noise,3,1,2.3125
374,car,noise,1,0,3.3036
374,car,noise,2,1,2.7638
374,car,noise,2,1,2.5166
374,car,noise,2,1,2.3497
374,car,noise,2,1,2.0335
374,car,noise,2,1,2.9001
374,car,noise,3,1,3.5165
374,car,noise,3,1,3.3185
374,car,noise,1,1,6.3486
374,car,noise,3,1,7.5498
375,face,no_noise,1,1,2.3085
375,face,no_noise,2,1,2.3213
375,face,no_noise,1,1,2.221400001
375,face,no_noise,3,1,2.9513
375,face,no_noise,3,1,3.9841
375,face,no_noise,2,1,4.4889
375,face,no_noise,1,1,2.183900001
375,face,no_noise,3,1,3.802799999
375,face,no_noise,2,1,3.3252
375,face,no_noise,3,1,4.0902
375,face,no_noise,2,1,5.3183
375,face,no_noise,3,1,1.9188
375,face,no_noise,2,1,2.079
375,face,no_noise,1,1,2.2587
375,face,no_noise,2,1,3.6476
375,face,no_noise,2,1,3.277599999
375,face,no_noise,2,1,5.578599999
375,face,no_noise,2,1,3.9764
375,face,no_noise,1,1,2.4929
375,face,no_noise,3,1,2.4571
375,face,no_noise,2,0,2.948
375,face,no_noise,2,1,2.6598
375,face,no_noise,2,1,1.5856
375,face,no_noise,1,1,5.796099999
375,face,no_noise,3,1,3.4602
375,face,no_noise,1,1,2.5701
375,face,no_noise,2,1,1.7669
375,face,no_noise,1,1,2.9425
375,face,no_noise,1,1,1.5854
375,face,no_noise,3,1,3.2298
375,face,noise,2,1,2.3108
375,face,noise,2,0,2.6518
375,face,noise,1,1,2.2486
375,face,noise,1,1,1.2859
375,face,noise,3,1,1.8366
375,face,noise,1,1,1.8604
375,face,noise,2,1,2.3041
375,face,noise,1,1,5.1102
375,face,noise,2,1,3.651599999
375,face,noise,2,1,2.9635
375,face,noise,1,0,9.0895
375,face,noise,2,1,4.725
375,face,noise,2,0,1.650900001
375,face,noise,2,1,1.8707
375,face,noise,1,1,1.6674
375,face,noise,2,1,4.8369
375,face,noise,3,1,1.9778
375,face,noise,1,1,6.1883
375,face,noise,3,1,1.5769
375,face,noise,1,1,3.5013
375,face,noise,2,0,5.3334
375,face,noise,1,1,1.928200001
375,face,noise,1,1,3.1464
375,face,noise,3,1,1.7845
375,car,no_noise,1,0,12.6
375,car,no_noise,1,1,7.0853
375,car,no_noise,1,1,15.3063
375,car,no_noise,2,0,4.3504
375,car,no_noise,1,0,5.306299999
375,car,no_noise,3,0,14.0159
375,car,no_noise,1,0,9.0477
375,car,no_noise,1,1,2.1775
375,car,no_noise,2,0,14.2656
375,car,no_noise,3,1,14.6249
375,car,no_noise,3,1,4.420400001
375,car,no_noise,3,1,2.773
375,car,no_noise,2,1,5.3807
375,car,no_noise,1,0,1.7634
375,car,no_noise,2,0,1.944
375,car,no_noise,2,1,3.7844
375,car,no_noise,2,0,3.221200001
375,car,no_noise,2,0,3.6025
375,car,no_noise,2,1,5.945
375,car,no_noise,1,1,7.3609
375,car,no_noise,1,1,4.469299999
375,car,no_noise,1,1,3.079
375,car,no_noise,2,0,7.1093
375,car,no_noise,1,0,11.753
375,car,no_noise,2,1,11.4666
375,car,no_noise,2,0,1.3252
375,car,no_noise,2,1,3.8209
375,car,no_noise,2,1,5.2785
375,car,no_noise,3,0,9.7289
375,car,no_noise,2,0,2.111400001
375,car,noise,3,0,1.9991
375,car,noise,3,1,7.4527
375,car,noise,2,0,4.0693
375,car,noise,1,1,10.4305
375,car,noise,2,1,2.9692
375,car,noise,2,1,1.843099999
375,car,noise,1,1,3.1118
375,car,noise,2,0,3.5293
375,car,noise,1,0,3.0978
375,car,noise,1,1,5.721400001
375,car,noise,1,1,5.211400001
375,car,noise,1,0,9.614
375,car,noise,2,1,1.9388
375,car,noise,3,1,3.1138
375,car,noise,2,0,4.305400001
375,car,noise,2,1,3.3458
375,car,noise,1,0,2.877099999
375,car,noise,1,0,2.8997
375,car,noise,3,0,1.9828
375,car,noise,2,1,5.6785
375,car,noise,1,0,4.2612
375,car,noise,1,0,3.8807
375,car,noise,1,1,4.9974
375,car,noise,3,1,4.6745
376,car,no_noise,2,1,17.5824
376,car,no_noise,1,1,11.3593
376,car,no_noise,3,0,14.6184
376,car,no_noise,1,0,33.7897
376,car,no_noise,1,0,3.1661
376,car,no_noise,1,1,2.5169
376,car,no_noise,3,1,2.0692
376,car,no_noise,1,1,3.529
376,car,no_noise,1,1,2.695
376,car,no_noise,1,0,4.6368
376,car,no_noise,1,0,2.142
376,car,no_noise,1,0,2.5793
376,car,no_noise,2,1,2.5428
376,car,no_noise,1,0,2.8416
376,car,no_noise,3,1,5.5408
376,car,no_noise,3,0,1.9416
376,car,no_noise,1,1,5.1598
376,car,no_noise,3,0,5.9573
376,car,no_noise,3,0,4.6871
376,car,no_noise,3,0,8.6296
376,car,no_noise,3,0,1.7196
376,car,no_noise,1,1,4.0246
376,car,no_noise,3,1,5.4826
376,car,no_noise,1,0,3.9911
376,car,no_noise,2,1,3.126
376,car,no_noise,2,0,2.1252
376,car,no_noise,2,1,3.3432
376,car,no_noise,2,1,4.1414
376,car,no_noise,3,0,2.329
376,car,no_noise,1,1,5.1876
376,car,noise,1,0,3.3697
376,car,noise,1,0,1.5135
376,car,noise,3,1,1.7012
376,car,noise,2,0,2.0316
376,car,noise,2,1,1.6525
376,car,noise,2,1,1.978
376,car,noise,3,0,3.0841
376,car,noise,1,1,6.0549
376,car,noise,1,0,1.6322
376,car,noise,1,1,3.6579
376,car,noise,2,0,3.337
376,car,noise,3,1,10.2028
376,car,noise,2,1,5.0926
376,car,noise,1,0,5.2927
376,car,noise,3,1,4.1013
376,car,noise,2,1,4.772
376,car,noise,2,1,8.8356
376,car,noise,2,1,2.6501
376,car,noise,1,0,9.0253
376,car,noise,2,1,6.8685
376,car,noise,2,0,1.8524
376,car,noise,2,0,3.7289
376,car,noise,1,1,3.4706
376,car,noise,3,1,7.1568
376,face,no_noise,1,1,2.9746
376,face,no_noise,2,1,2.8207
376,face,no_noise,3,0,4.9582
376,face,no_noise,2,0,2.9251
376,face,no_noise,2,0,2.6372
376,face,no_noise,2,1,2.8219
376,face,no_noise,1,1,2.9543
376,face,no_noise,1,0,3.7883
376,face,no_noise,1,0,3.8766
376,face,no_noise,2,0,3.3876
376,face,no_noise,2,1,3.9117
376,face,no_noise,2,0,2.1049
376,face,no_noise,3,0,2.437
376,face,no_noise,2,0,3.0707
376,face,no_noise,2,1,1.6528
376,face,no_noise,3,0,2.1865
376,face,no_noise,2,1,3.181
376,face,no_noise,1,0,2.8032
376,face,no_noise,1,1,3.2464
376,face,no_noise,3,1,2.1844
376,face,no_noise,1,1,3.4308
376,face,no_noise,2,1,4.6835
376,face,no_noise,2,1,2.9288
376,face,no_noise,3,0,4.7527
376,face,no_noise,3,1,3.8212
376,face,no_noise,2,0,2.5287
376,face,no_noise,2,1,3.8311
376,face,no_noise,1,1,3.5687
376,face,no_noise,1,1,3.2643
376,face,no_noise,3,1,2.8134
376,face,noise,3,0,2.1306
376,face,noise,3,1,2.6875
376,face,noise,3,0,5.9739
376,face,noise,3,0,2.8397
376,face,noise,3,1,2.0705
376,face,noise,2,0,3.1378
376,face,noise,2,1,1.5358
376,face,noise,2,0,4.0891
376,face,noise,2,1,2.9872
376,face,noise,2,1,4.4594
376,face,noise,2,1,1.5364
376,face,noise,2,1,1.4701
376,face,noise,1,1,1.6694
376,face,noise,2,1,2.5572
376,face,noise,2,0,3.8245
376,face,noise,2,1,1.4376
376,face,noise,2,0,1.269
376,face,noise,1,1,1.6866
376,face,noise,1,0,2.2534
376,face,noise,1,1,1.319
376,face,noise,3,0,1.7543
376,face,noise,2,0,4.5407
376,face,noise,1,1,1.5737
376,face,noise,1,0,3.288
377,face,no_noise,1,1,3.7315
377,face,no_noise,2,1,2.5675
377,face,no_noise,1,1,4.8228
377,face,no_noise,3,1,3.969
377,face,no_noise,3,1,4.3338
377,face,no_noise,2,1,2.507
377,face,no_noise,1,1,3.6004
377,face,no_noise,3,1,10.2192
377,face,no_noise,2,1,3.11
377,face,no_noise,3,1,3.8537
377,face,no_noise,2,1,2.3064
377,face,no_noise,3,1,2.5865
377,face,no_noise,2,1,3.7661
377,face,no_noise,1,1,7.0057
377,face,no_noise,3,0,2.8218
377,face,no_noise,2,1,3.3546
377,face,no_noise,2,1,3.0843
377,face,no_noise,1,0,3.6509
377,face,no_noise,2,0,10.5822
377,face,no_noise,3,1,2.0089
377,face,no_noise,2,0,2.6692
377,face,no_noise,2,1,4.2333
377,face,no_noise,2,1,1.6692
377,face,no_noise,1,1,2.4998
377,face,no_noise,3,1,4.1354
377,face,no_noise,1,1,5.0731
377,face,no_noise,2,1,8.6154
377,face,no_noise,1,1,3.355
377,face,no_noise,1,1,2.1337
377,face,no_noise,2,0,3.839
377,face,noise,3,0,4.8565
377,face,noise,3,1,3.0003
377,face,noise,2,0,5.0204
377,face,noise,1,1,2.8008
377,face,noise,1,0,2.1168
377,face,noise,1,1,2.8324
377,face,noise,3,0,4.1877
377,face,noise,2,0,3.8336
377,face,noise,3,0,2.8548
377,face,noise,2,1,2.2831
377,face,noise,2,1,2.4426
377,face,noise,1,0,6.1511
377,face,noise,2,0,10.8869
377,face,noise,2,1,2.9035
377,face,noise,1,1,1.2761
377,face,noise,3,0,3.25
377,face,noise,3,1,2.5739
377,face,noise,1,1,2.5858
377,face,noise,2,0,5.8748
377,face,noise,3,0,6.818
377,face,noise,2,0,5.0665
377,face,noise,1,1,3.3372
377,face,noise,3,0,2.508
377,face,noise,1,0,3.5437
377,car,no_noise,1,0,9.7143
377,car,no_noise,1,1,4.4082
377,car,no_noise,3,0,2.7086
377,car,no_noise,1,0,3.5656
377,car,no_noise,2,1,9.7641
377,car,no_noise,1,1,3.5259
377,car,no_noise,3,1,4.8603
377,car,no_noise,1,1,3.0338
377,car,no_noise,1,1,2.9376
377,car,no_noise,1,0,6.1815
377,car,no_noise,3,1,4.6149
377,car,no_noise,3,1,3.0152
377,car,no_noise,2,1,5.8171
377,car,no_noise,1,0,8.4884
377,car,no_noise,3,1,5.0959
377,car,no_noise,2,1,5.0119
377,car,no_noise,1,1,5.402
377,car,no_noise,1,1,6.5158
377,car,no_noise,1,0,6.6987
377,car,no_noise,1,1,3.0781
377,car,no_noise,3,0,4.2873
377,car,no_noise,1,1,4.8635
377,car,no_noise,1,0,5.113
377,car,no_noise,2,1,3.8555
377,car,no_noise,2,1,6.6007
377,car,no_noise,2,0,5.2613
377,car,no_noise,2,1,5.9812
377,car,no_noise,3,0,5.4795
377,car,no_noise,1,1,2.6836
377,car,no_noise,2,0,2.7361
377,car,noise,2,1,4.753
377,car,noise,3,1,5.4486
377,car,noise,3,1,3.0481
377,car,noise,1,1,6.6245
377,car,noise,2,1,4.4881
377,car,noise,2,1,3.0798
377,car,noise,1,1,5.5578
377,car,noise,1,1,4.3685
377,car,noise,1,0,6.4184
377,car,noise,1,1,5.6415
377,car,noise,1,1,4.7583
377,car,noise,3,1,3.5826
377,car,noise,2,1,4.3416
377,car,noise,3,1,5.8354
377,car,noise,3,1,3.2941
377,car,noise,2,1,3.8214
377,car,noise,2,1,3.2685
377,car,noise,2,1,2.586
377,car,noise,2,1,3.6788
377,car,noise,2,1,2.4849
377,car,noise,3,1,2.2999
377,car,noise,3,1,5.6168
377,car,noise,1,1,3.3967
377,car,noise,3,1,2.986
379,car,no_noise,2,1,5.4259
379,car,no_noise,1,1,3.6147
379,car,no_noise,1,1,5.158
379,car,no_noise,3,1,4.7593
379,car,no_noise,2,1,4.5342
379,car,no_noise,1,1,9.5494
379,car,no_noise,3,1,7.3621
379,car,no_noise,2,0,4.6457
379,car,no_noise,1,1,5.5528
379,car,no_noise,1,0,5.9788
379,car,no_noise,3,1,6.1535
379,car,no_noise,3,1,5.4815
379,car,no_noise,3,0,10.6014
379,car,no_noise,1,0,3.5824
379,car,no_noise,3,1,5.4033
379,car,no_noise,2,1,4.1364
379,car,no_noise,1,1,7.429
379,car,no_noise,1,1,6.7807
379,car,no_noise,2,1,12.7795
379,car,no_noise,1,1,4.8724
379,car,no_noise,3,0,9.0429
379,car,no_noise,1,1,7.3884
379,car,no_noise,2,0,7.8691
379,car,no_noise,2,1,9.3888
379,car,no_noise,1,0,8.5694
379,car,no_noise,1,0,8.9472
379,car,no_noise,2,1,3.6096
379,car,no_noise,2,1,4.296
379,car,no_noise,2,0,15.5634
379,car,no_noise,2,0,3.505
379,car,noise,2,1,6.1225
379,car,noise,3,1,5.1527
379,car,noise,2,0,5.7973
379,car,noise,1,1,5.1173
379,car,noise,2,1,9.6796
379,car,noise,2,1,4.9167
379,car,noise,1,1,6.6458
379,car,noise,1,1,4.4366
379,car,noise,1,0,2.9471
379,car,noise,1,1,4.3648
379,car,noise,1,1,4.8073
379,car,noise,3,1,9.0532
379,car,noise,2,1,2.8924
379,car,noise,3,1,3.3749
379,car,noise,1,0,11.9644
379,car,noise,1,0,3.5984
379,car,noise,2,1,2.6809
379,car,noise,2,1,3.1075
379,car,noise,2,1,6.6622
379,car,noise,3,0,11.4682
379,car,noise,1,0,2.1808
379,car,noise,3,1,5.0186
379,car,noise,3,0,8.5629
379,car,noise,3,1,6.2696
379,face,no_noise,1,1,3.2888
379,face,no_noise,2,1,3.7663
379,face,no_noise,1,1,3.3172
379,face,no_noise,1,0,10.3261
379,face,no_noise,2,0,8.889
379,face,no_noise,3,0,5.7152
379,face,no_noise,2,0,4.65
379,face,no_noise,3,1,6.598
379,face,no_noise,1,0,3.572
379,face,no_noise,2,0,3.4328
379,face,no_noise,2,1,8.721
379,face,no_noise,2,0,2.1751
379,face,no_noise,3,0,4.0859
379,face,no_noise,2,0,5.3321
379,face,no_noise,1,0,9.0011
379,face,no_noise,3,0,9.4053
379,face,no_noise,2,1,5.0351
379,face,no_noise,1,0,6.4638
379,face,no_noise,1,1,3.7023
379,face,no_noise,3,1,3.8152
379,face,no_noise,3,0,9.1367
379,face,no_noise,2,1,5.8255
379,face,no_noise,2,1,12.9323
379,face,no_noise,3,0,6.8289
379,face,no_noise,3,1,3.955
379,face,no_noise,2,0,3.8794
379,face,no_noise,3,0,10.4869
379,face,no_noise,1,1,3.3162
379,face,no_noise,3,0,5.134
379,face,no_noise,3,1,5.5364
379,face,noise,2,1,6.348
379,face,noise,2,0,6.0288
379,face,noise,1,1,4.0761
379,face,noise,3,0,4.2642
379,face,noise,3,1,7.1795
379,face,noise,1,1,9.8855
379,face,noise,3,0,3.4629
379,face,noise,3,0,5.4515
379,face,noise,1,0,4.6973
379,face,noise,3,0,4.1135
379,face,noise,1,0,12.801
379,face,noise,1,0,10.9827
379,face,noise,2,0,6.8709
379,face,noise,2,1,4.5671
379,face,noise,1,1,2.6854
379,face,noise,3,0,10.3479
379,face,noise,1,0,4.82
379,face,noise,1,1,6.371
379,face,noise,2,0,4.7286
379,face,noise,2,0,10.6207
379,face,noise,3,0,4.8141
379,face,noise,2,0,6.1368
379,face,noise,1,1,7.094
379,face,noise,2,0,5.5679
382,car,no_noise,3,0,12.4891
382,car,no_noise,1,1,5.3306
382,car,no_noise,3,0,5.8215
382,car,no_noise,3,1,7.5041
382,car,no_noise,2,1,4.6811
382,car,no_noise,3,0,5.9795
382,car,no_noise,3,1,10.1328
382,car,no_noise,1,1,2.1782
382,car,no_noise,1,1,3.1778
382,car,no_noise,3,1,4.42
382,car,no_noise,1,0,4.0628
382,car,no_noise,3,1,3.2682
382,car,no_noise,3,0,6.1496
382,car,no_noise,1,0,5.1237
382,car,no_noise,2,0,5.3308
382,car,no_noise,2,1,4.8157
382,car,no_noise,1,1,4.3054
382,car,no_noise,2,0,3.0752
382,car,no_noise,3,0,8.3421
382,car,no_noise,3,0,4.8561
382,car,no_noise,3,0,3.3452
382,car,no_noise,1,1,5.2435
382,car,no_noise,1,0,9.9833
382,car,no_noise,3,0,2.3601
382,car,no_noise,2,1,3.0668
382,car,no_noise,2,0,2.5557
382,car,no_noise,1,0,3.8552
382,car,no_noise,2,1,5.8994
382,car,no_noise,3,0,1.8404
382,car,no_noise,2,0,4.6552
382,car,noise,2,1,6.0993
382,car,noise,3,1,4.7649
382,car,noise,3,1,9.937
382,car,noise,2,0,3.293
382,car,noise,3,0,5.3767
382,car,noise,2,1,3.7935
382,car,noise,3,0,5.0175
382,car,noise,1,1,1.5321
382,car,noise,1,0,3.4395
382,car,noise,2,0,8.4776
382,car,noise,2,0,5.8652
382,car,noise,3,1,6.9049
382,car,noise,2,1,4.611
382,car,noise,3,1,2.5888
382,car,noise,3,1,2.5035
382,car,noise,3,0,4.1913
382,car,noise,3,0,4.5566
382,car,noise,2,1,3.2608
382,car,noise,3,0,4.8215
382,car,noise,2,1,3.0315
382,car,noise,1,0,4.1928
382,car,noise,2,0,7.9305
382,car,noise,3,0,8.8326
382,car,noise,3,1,3.4037
382,face,no_noise,1,1,3.5996
382,face,no_noise,3,0,5.0766
382,face,no_noise,1,1,2.8157
382,face,no_noise,2,0,4.709
382,face,no_noise,2,0,3.9044
382,face,no_noise,2,1,3.086
382,face,no_noise,2,0,2.6298
382,face,no_noise,3,1,3.3101
382,face,no_noise,2,1,2.996
382,face,no_noise,2,0,3.2859
382,face,no_noise,3,0,3.7392
382,face,no_noise,3,1,2.1065
382,face,no_noise,2,1,2.1391
382,face,no_noise,1,1,2.0303
382,face,no_noise,2,1,1.4406
382,face,no_noise,3,0,3.1636
382,face,no_noise,3,0,3.9662
382,face,no_noise,1,0,4.3514
382,face,no_noise,3,0,4.4062
382,face,no_noise,3,1,3.3182
382,face,no_noise,2,0,2.4228
382,face,no_noise,2,1,2.2743
382,face,no_noise,2,1,2.8853
382,face,no_noise,3,0,4.6686
382,face,no_noise,3,1,2.9836
382,face,no_noise,1,1,2.2802
382,face,no_noise,2,1,2.6968
382,face,no_noise,2,0,2.2718
382,face,no_noise,1,1,2.8399
382,face,no_noise,2,0,5.1341
382,face,noise,2,1,4.115
382,face,noise,1,0,4.4596
382,face,noise,2,0,3.0524
382,face,noise,1,1,2.0816
382,face,noise,3,1,2.0143
382,face,noise,1,1,3.6087
382,face,noise,1,0,3.0611
382,face,noise,1,1,3.1468
382,face,noise,2,1,2.6812
382,face,noise,2,1,3.4877
382,face,noise,1,0,2.5453
382,face,noise,2,1,1.9314
382,face,noise,2,0,2.815
382,face,noise,2,1,3.1208
382,face,noise,3,0,3.817
382,face,noise,2,1,2.0822
382,face,noise,3,1,2.6612
382,face,noise,1,1,2.504
382,face,noise,3,1,2.0601
382,face,noise,1,1,2.4279
382,face,noise,2,0,2.1024
382,face,noise,2,0,3.2866
382,face,noise,1,1,2.7581
382,face,noise,3,1,2.2298
383,car,no_noise,1,0,7.4501
383,car,no_noise,1,1,3.0029
383,car,no_noise,3,0,3.6702
383,car,no_noise,3,1,3.6549
383,car,no_noise,2,1,4.1739
383,car,no_noise,3,0,4.3418
383,car,no_noise,2,0,4.4136
383,car,no_noise,1,1,3.2442
383,car,no_noise,3,0,12.5089
383,car,no_noise,1,0,8.7708
383,car,no_noise,1,0,7.5988
383,car,no_noise,3,1,11.9768
383,car,no_noise,2,1,5.972
383,car,no_noise,2,1,2.7661
383,car,no_noise,3,1,5.9601
383,car,no_noise,2,1,6.7898
383,car,no_noise,1,1,10.5194
383,car,no_noise,1,1,6.6346
383,car,no_noise,3,0,4.5918
383,car,no_noise,1,1,3.5708
383,car,no_noise,1,1,7.6806
383,car,no_noise,1,1,5.9705
383,car,no_noise,3,1,4.4575
383,car,no_noise,2,1,2.9103
383,car,no_noise,3,0,8.9975
383,car,no_noise,1,0,2.6155
383,car,no_noise,2,1,5.2615
383,car,no_noise,1,0,3.3636
383,car,no_noise,1,1,2.8463
383,car,no_noise,1,1,3.8488
383,car,noise,2,1,6.8897
383,car,noise,3,1,4.8354
383,car,noise,3,1,3.6143
383,car,noise,2,0,2.4553
383,car,noise,3,0,3.7688
383,car,noise,2,1,5.3909
383,car,noise,3,0,2.4495
383,car,noise,2,0,5.6105
383,car,noise,2,1,3.304
383,car,noise,2,0,3.6916
383,car,noise,1,1,2.6912
383,car,noise,3,1,5.9481
383,car,noise,2,1,6.9964
383,car,noise,1,0,4.5464
383,car,noise,3,1,9.2677
383,car,noise,1,0,5.4479
383,car,noise,3,0,2.5404
383,car,noise,2,1,3.2128
383,car,noise,2,1,5.1981
383,car,noise,2,1,4.1068
383,car,noise,3,1,2.9328
383,car,noise,3,1,6.7727
383,car,noise,2,0,2.7884
383,car,noise,3,1,4.1708
383,face,no_noise,1,1,3.1794
383,face,no_noise,2,1,6.0523
383,face,no_noise,1,1,3.1102
383,face,no_noise,1,0,7.6716
383,face,no_noise,2,0,2.7314
383,face,no_noise,1,0,5.1075
383,face,no_noise,3,0,7.184
383,face,no_noise,3,1,6.2574
383,face,no_noise,2,1,3.9717
383,face,no_noise,2,0,1.6513
383,face,no_noise,2,1,2.6794
383,face,no_noise,3,1,2.8568
383,face,no_noise,3,0,7.1683
383,face,no_noise,1,1,2.116
383,face,no_noise,2,1,3.9166
383,face,no_noise,2,1,3.8905
383,face,no_noise,2,1,1.5558
383,face,no_noise,3,0,4.5146
383,face,no_noise,1,1,5.2919
383,face,no_noise,3,1,2.6177
383,face,no_noise,3,0,2.2726
383,face,no_noise,2,1,2.6856
383,face,no_noise,2,1,5.3828
383,face,no_noise,3,0,5.4977
383,face,no_noise,3,1,2.3876
383,face,no_noise,3,0,4.5267
383,face,no_noise,2,1,2.93
383,face,no_noise,1,1,5.4185
383,face,no_noise,1,1,3.8054
383,face,no_noise,2,0,5.5131
383,face,noise,1,0,4.3075
383,face,noise,3,1,4.2448
383,face,noise,3,0,5.6678
383,face,noise,2,0,4.7759
383,face,noise,3,1,7.4987
383,face,noise,1,1,4.449
383,face,noise,3,0,12.2734
383,face,noise,1,1,7.2816
383,face,noise,1,0,4.4031
383,face,noise,3,0,6.8662
383,face,noise,1,0,8.4109
383,face,noise,2,1,7.9294
383,face,noise,1,1,4.5114
383,face,noise,2,1,6.9692
383,face,noise,1,1,3.181
383,face,noise,1,0,4.8222
383,face,noise,3,1,6.8153
383,face,noise,1,1,2.1984
383,face,noise,1,0,4.2498
383,face,noise,3,0,5.2349
383,face,noise,2,0,4.0389
383,face,noise,2,0,4.9922
383,face,noise,2,0,5.8359
383,face,noise,3,1,8.6143
